#FILE:,synthetic.ngb-sdh
#EXO:,-1
#SAMPLE MASS /mg:,3
#SEGMENT:,S3/6
#RANGE:,250°C/20.0(K/min)/-50°C
##Temp./°C,Time/min,DSC/(mW/mg)
250.0000000000,0.0000000000,0.3750000000
249.9000000000,0.0050000000,0.3749300000
249.8000000000,0.0100000000,0.3748600000
249.7000000000,0.0150000000,0.3747900000
249.6000000000,0.0200000000,0.3747200000
249.5000000000,0.0250000000,0.3746500000
249.4000000000,0.0300000000,0.3745800000
249.3000000000,0.0350000000,0.3745100000
249.2000000000,0.0400000000,0.3744400000
249.1000000000,0.0450000000,0.3743700000
249.0000000000,0.0500000000,0.3743000000
248.9000000000,0.0550000000,0.3742300000
248.8000000000,0.0600000000,0.3741600000
248.7000000000,0.0650000000,0.3740900000
248.6000000000,0.0700000000,0.3740200000
248.5000000000,0.0750000000,0.3739500000
248.4000000000,0.0800000000,0.3738800000
248.3000000000,0.0850000000,0.3738100000
248.2000000000,0.0900000000,0.3737400000
248.1000000000,0.0950000000,0.3736700000
248.0000000000,0.1000000000,0.3736000000
247.9000000000,0.1050000000,0.3735300000
247.8000000000,0.1100000000,0.3734600000
247.7000000000,0.1150000000,0.3733900000
247.6000000000,0.1200000000,0.3733200000
247.5000000000,0.1250000000,0.3732500000
247.4000000000,0.1300000000,0.3731800000
247.3000000000,0.1350000000,0.3731100000
247.2000000000,0.1400000000,0.3730400000
247.1000000000,0.1450000000,0.3729700000
247.0000000000,0.1500000000,0.3729000000
246.9000000000,0.1550000000,0.3728300000
246.8000000000,0.1600000000,0.3727600000
246.7000000000,0.1650000000,0.3726900000
246.6000000000,0.1700000000,0.3726200000
246.5000000000,0.1750000000,0.3725500000
246.4000000000,0.1800000000,0.3724800000
246.3000000000,0.1850000000,0.3724100000
246.2000000000,0.1900000000,0.3723400000
246.1000000000,0.1950000000,0.3722700000
246.0000000000,0.2000000000,0.3722000000
245.9000000000,0.2050000000,0.3721300000
245.8000000000,0.2100000000,0.3720600000
245.7000000000,0.2150000000,0.3719900000
245.6000000000,0.2200000000,0.3719200000
245.5000000000,0.2250000000,0.3718500000
245.4000000000,0.2300000000,0.3717800000
245.3000000000,0.2350000000,0.3717100000
245.2000000000,0.2400000000,0.3716400000
245.1000000000,0.2450000000,0.3715700000
245.0000000000,0.2500000000,0.3715000000
244.9000000000,0.2550000000,0.3714300000
244.8000000000,0.2600000000,0.3713600000
244.7000000000,0.2650000000,0.3712900000
244.6000000000,0.2700000000,0.3712200000
244.5000000000,0.2750000000,0.3711500000
244.4000000000,0.2800000000,0.3710800000
244.3000000000,0.2850000000,0.3710100000
244.2000000000,0.2900000000,0.3709400000
244.1000000000,0.2950000000,0.3708700000
244.0000000000,0.3000000000,0.3708000000
243.9000000000,0.3050000000,0.3707300000
243.8000000000,0.3100000000,0.3706600000
243.7000000000,0.3150000000,0.3705900000
243.6000000000,0.3200000000,0.3705200000
243.5000000000,0.3250000000,0.3704500000
243.4000000000,0.3300000000,0.3703800000
243.3000000000,0.3350000000,0.3703100000
243.2000000000,0.3400000000,0.3702400000
243.1000000000,0.3450000000,0.3701700000
243.0000000000,0.3500000000,0.3701000000
242.9000000000,0.3550000000,0.3700300000
242.8000000000,0.3600000000,0.3699600000
242.7000000000,0.3650000000,0.3698900000
242.6000000000,0.3700000000,0.3698200000
242.5000000000,0.3750000000,0.3697500000
242.4000000000,0.3800000000,0.3696800000
242.3000000000,0.3850000000,0.3696100000
242.2000000000,0.3900000000,0.3695400000
242.1000000000,0.3950000000,0.3694700000
242.0000000000,0.4000000000,0.3694000000
241.9000000000,0.4050000000,0.3693300000
241.8000000000,0.4100000000,0.3692600000
241.7000000000,0.4150000000,0.3691900000
241.6000000000,0.4200000000,0.3691200000
241.5000000000,0.4250000000,0.3690500000
241.4000000000,0.4300000000,0.3689800000
241.3000000000,0.4350000000,0.3689100000
241.2000000000,0.4400000000,0.3688400000
241.1000000000,0.4450000000,0.3687700000
241.0000000000,0.4500000000,0.3687000000
240.9000000000,0.4550000000,0.3686300000
240.8000000000,0.4600000000,0.3685600000
240.7000000000,0.4650000000,0.3684900000
240.6000000000,0.4700000000,0.3684200000
240.5000000000,0.4750000000,0.3683500000
240.4000000000,0.4800000000,0.3682800000
240.3000000000,0.4850000000,0.3682100000
240.2000000000,0.4900000000,0.3681400000
240.1000000000,0.4950000000,0.3680700000
240.0000000000,0.5000000000,0.3680000000
239.9000000000,0.5050000000,0.3679300000
239.8000000000,0.5100000000,0.3678600000
239.7000000000,0.5150000000,0.3677900000
239.6000000000,0.5200000000,0.3677200000
239.5000000000,0.5250000000,0.3676500000
239.4000000000,0.5300000000,0.3675800000
239.3000000000,0.5350000000,0.3675100000
239.2000000000,0.5400000000,0.3674400000
239.1000000000,0.5450000000,0.3673700000
239.0000000000,0.5500000000,0.3673000000
238.9000000000,0.5550000000,0.3672300000
238.8000000000,0.5600000000,0.3671600000
238.7000000000,0.5650000000,0.3670900000
238.6000000000,0.5700000000,0.3670200000
238.5000000000,0.5750000000,0.3669500000
238.4000000000,0.5800000000,0.3668800000
238.3000000000,0.5850000000,0.3668100000
238.2000000000,0.5900000000,0.3667400000
238.1000000000,0.5950000000,0.3666700000
238.0000000000,0.6000000000,0.3666000000
237.9000000000,0.6050000000,0.3665300000
237.8000000000,0.6100000000,0.3664600000
237.7000000000,0.6150000000,0.3663900000
237.6000000000,0.6200000000,0.3663200000
237.5000000000,0.6250000000,0.3662500000
237.4000000000,0.6300000000,0.3661800000
237.3000000000,0.6350000000,0.3661100000
237.2000000000,0.6400000000,0.3660400000
237.1000000000,0.6450000000,0.3659700000
237.0000000000,0.6500000000,0.3659000000
236.9000000000,0.6550000000,0.3658300000
236.8000000000,0.6600000000,0.3657600000
236.7000000000,0.6650000000,0.3656900000
236.6000000000,0.6700000000,0.3656200000
236.5000000000,0.6750000000,0.3655500000
236.4000000000,0.6800000000,0.3654800000
236.3000000000,0.6850000000,0.3654100000
236.2000000000,0.6900000000,0.3653400000
236.1000000000,0.6950000000,0.3652700000
236.0000000000,0.7000000000,0.3652000000
235.9000000000,0.7050000000,0.3651300000
235.8000000000,0.7100000000,0.3650600000
235.7000000000,0.7150000000,0.3649900000
235.6000000000,0.7200000000,0.3649200000
235.5000000000,0.7250000000,0.3648500000
235.4000000000,0.7300000000,0.3647800000
235.3000000000,0.7350000000,0.3647100000
235.2000000000,0.7400000000,0.3646400000
235.1000000000,0.7450000000,0.3645700000
235.0000000000,0.7500000000,0.3645000000
234.9000000000,0.7550000000,0.3644300000
234.8000000000,0.7600000000,0.3643600000
234.7000000000,0.7650000000,0.3642900000
234.6000000000,0.7700000000,0.3642200000
234.5000000000,0.7750000000,0.3641500000
234.4000000000,0.7800000000,0.3640800000
234.3000000000,0.7850000000,0.3640100000
234.2000000000,0.7900000000,0.3639400000
234.1000000000,0.7950000000,0.3638700000
234.0000000000,0.8000000000,0.3638000000
233.9000000000,0.8050000000,0.3637300000
233.8000000000,0.8100000000,0.3636600000
233.7000000000,0.8150000000,0.3635900000
233.6000000000,0.8200000000,0.3635200000
233.5000000000,0.8250000000,0.3634500000
233.4000000000,0.8300000000,0.3633800000
233.3000000000,0.8350000000,0.3633100000
233.2000000000,0.8400000000,0.3632400000
233.1000000000,0.8450000000,0.3631700000
233.0000000000,0.8500000000,0.3631000000
232.9000000000,0.8550000000,0.3630300000
232.8000000000,0.8600000000,0.3629600000
232.7000000000,0.8650000000,0.3628900000
232.6000000000,0.8700000000,0.3628200000
232.5000000000,0.8750000000,0.3627500000
232.4000000000,0.8800000000,0.3626800000
232.3000000000,0.8850000000,0.3626100000
232.2000000000,0.8900000000,0.3625400000
232.1000000000,0.8950000000,0.3624700000
232.0000000000,0.9000000000,0.3624000000
231.9000000000,0.9050000000,0.3623300000
231.8000000000,0.9100000000,0.3622600000
231.7000000000,0.9150000000,0.3621900000
231.6000000000,0.9200000000,0.3621200000
231.5000000000,0.9250000000,0.3620500000
231.4000000000,0.9300000000,0.3619800000
231.3000000000,0.9350000000,0.3619100000
231.2000000000,0.9400000000,0.3618400000
231.1000000000,0.9450000000,0.3617700000
231.0000000000,0.9500000000,0.3617000000
230.9000000000,0.9550000000,0.3616300000
230.8000000000,0.9600000000,0.3615600000
230.7000000000,0.9650000000,0.3614900000
230.6000000000,0.9700000000,0.3614200000
230.5000000000,0.9750000000,0.3613500000
230.4000000000,0.9800000000,0.3612800000
230.3000000000,0.9850000000,0.3612100000
230.2000000000,0.9900000000,0.3611400000
230.1000000000,0.9950000000,0.3610700000
230.0000000000,1.0000000000,0.3610000000
229.9000000000,1.0050000000,0.3609300000
229.8000000000,1.0100000000,0.3608600000
229.7000000000,1.0150000000,0.3607900000
229.6000000000,1.0200000000,0.3607200000
229.5000000000,1.0250000000,0.3606500000
229.4000000000,1.0300000000,0.3605800000
229.3000000000,1.0350000000,0.3605100000
229.2000000000,1.0400000000,0.3604400000
229.1000000000,1.0450000000,0.3603700000
229.0000000000,1.0500000000,0.3603000000
228.9000000000,1.0550000000,0.3602300000
228.8000000000,1.0600000000,0.3601600000
228.7000000000,1.0650000000,0.3600900000
228.6000000000,1.0700000000,0.3600200000
228.5000000000,1.0750000000,0.3599500000
228.4000000000,1.0800000000,0.3598800000
228.3000000000,1.0850000000,0.3598100000
228.2000000000,1.0900000000,0.3597400000
228.1000000000,1.0950000000,0.3596700000
228.0000000000,1.1000000000,0.3596000000
227.9000000000,1.1050000000,0.3595300000
227.8000000000,1.1100000000,0.3594600000
227.7000000000,1.1150000000,0.3593900000
227.6000000000,1.1200000000,0.3593200000
227.5000000000,1.1250000000,0.3592500000
227.4000000000,1.1300000000,0.3591800000
227.3000000000,1.1350000000,0.3591100000
227.2000000000,1.1400000000,0.3590400000
227.1000000000,1.1450000000,0.3589700000
227.0000000000,1.1500000000,0.3589000000
226.9000000000,1.1550000000,0.3588300000
226.8000000000,1.1600000000,0.3587600000
226.7000000000,1.1650000000,0.3586900000
226.6000000000,1.1700000000,0.3586200000
226.5000000000,1.1750000000,0.3585500000
226.4000000000,1.1800000000,0.3584800000
226.3000000000,1.1850000000,0.3584100000
226.2000000000,1.1900000000,0.3583400000
226.1000000000,1.1950000000,0.3582700000
226.0000000000,1.2000000000,0.3582000000
225.9000000000,1.2050000000,0.3581300000
225.8000000000,1.2100000000,0.3580600000
225.7000000000,1.2150000000,0.3579900000
225.6000000000,1.2200000000,0.3579200000
225.5000000000,1.2250000000,0.3578500000
225.4000000000,1.2300000000,0.3577800000
225.3000000000,1.2350000000,0.3577100000
225.2000000000,1.2400000000,0.3576400000
225.1000000000,1.2450000000,0.3575700000
225.0000000000,1.2500000000,0.3575000000
224.9000000000,1.2550000000,0.3574300000
224.8000000000,1.2600000000,0.3573600000
224.7000000000,1.2650000000,0.3572900000
224.6000000000,1.2700000000,0.3572200000
224.5000000000,1.2750000000,0.3571500000
224.4000000000,1.2800000000,0.3570800000
224.3000000000,1.2850000000,0.3570100000
224.2000000000,1.2900000000,0.3569400000
224.1000000000,1.2950000000,0.3568700000
224.0000000000,1.3000000000,0.3568000000
223.9000000000,1.3050000000,0.3567300000
223.8000000000,1.3100000000,0.3566600000
223.7000000000,1.3150000000,0.3565900000
223.6000000000,1.3200000000,0.3565200000
223.5000000000,1.3250000000,0.3564500000
223.4000000000,1.3300000000,0.3563800000
223.3000000000,1.3350000000,0.3563100000
223.2000000000,1.3400000000,0.3562400000
223.1000000000,1.3450000000,0.3561700000
223.0000000000,1.3500000000,0.3561000000
222.9000000000,1.3550000000,0.3560300000
222.8000000000,1.3600000000,0.3559600000
222.7000000000,1.3650000000,0.3558900000
222.6000000000,1.3700000000,0.3558200000
222.5000000000,1.3750000000,0.3557500000
222.4000000000,1.3800000000,0.3556800000
222.3000000000,1.3850000000,0.3556100000
222.2000000000,1.3900000000,0.3555400000
222.1000000000,1.3950000000,0.3554700000
222.0000000000,1.4000000000,0.3554000000
221.9000000000,1.4050000000,0.3553300000
221.8000000000,1.4100000000,0.3552600000
221.7000000000,1.4150000000,0.3551900000
221.6000000000,1.4200000000,0.3551200000
221.5000000000,1.4250000000,0.3550500000
221.4000000000,1.4300000000,0.3549800000
221.3000000000,1.4350000000,0.3549100000
221.2000000000,1.4400000000,0.3548400000
221.1000000000,1.4450000000,0.3547700000
221.0000000000,1.4500000000,0.3547000000
220.9000000000,1.4550000000,0.3546300000
220.8000000000,1.4600000000,0.3545600000
220.7000000000,1.4650000000,0.3544900000
220.6000000000,1.4700000000,0.3544200000
220.5000000000,1.4750000000,0.3543500000
220.4000000000,1.4800000000,0.3542800000
220.3000000000,1.4850000000,0.3542100000
220.2000000000,1.4900000000,0.3541400000
220.1000000000,1.4950000000,0.3540700000
220.0000000000,1.5000000000,0.3540000000
219.9000000000,1.5050000000,0.3539300000
219.8000000000,1.5100000000,0.3538600000
219.7000000000,1.5150000000,0.3537900000
219.6000000000,1.5200000000,0.3537200000
219.5000000000,1.5250000000,0.3536500000
219.4000000000,1.5300000000,0.3535800000
219.3000000000,1.5350000000,0.3535100000
219.2000000000,1.5400000000,0.3534400000
219.1000000000,1.5450000000,0.3533700000
219.0000000000,1.5500000000,0.3533000000
218.9000000000,1.5550000000,0.3532300000
218.8000000000,1.5600000000,0.3531600000
218.7000000000,1.5650000000,0.3530900000
218.6000000000,1.5700000000,0.3530200000
218.5000000000,1.5750000000,0.3529500000
218.4000000000,1.5800000000,0.3528800000
218.3000000000,1.5850000000,0.3528100000
218.2000000000,1.5900000000,0.3527400000
218.1000000000,1.5950000000,0.3526700000
218.0000000000,1.6000000000,0.3526000000
217.9000000000,1.6050000000,0.3525300000
217.8000000000,1.6100000000,0.3524600000
217.7000000000,1.6150000000,0.3523900000
217.6000000000,1.6200000000,0.3523200000
217.5000000000,1.6250000000,0.3522500000
217.4000000000,1.6300000000,0.3521800000
217.3000000000,1.6350000000,0.3521100000
217.2000000000,1.6400000000,0.3520400000
217.1000000000,1.6450000000,0.3519700000
217.0000000000,1.6500000000,0.3519000000
216.9000000000,1.6550000000,0.3518300000
216.8000000000,1.6600000000,0.3517600000
216.7000000000,1.6650000000,0.3516900000
216.6000000000,1.6700000000,0.3516200000
216.5000000000,1.6750000000,0.3515500000
216.4000000000,1.6800000000,0.3514800000
216.3000000000,1.6850000000,0.3514100000
216.2000000000,1.6900000000,0.3513400000
216.1000000000,1.6950000000,0.3512700000
216.0000000000,1.7000000000,0.3512000000
215.9000000000,1.7050000000,0.3511300000
215.8000000000,1.7100000000,0.3510600000
215.7000000000,1.7150000000,0.3509900000
215.6000000000,1.7200000000,0.3509200000
215.5000000000,1.7250000000,0.3508500000
215.4000000000,1.7300000000,0.3507800000
215.3000000000,1.7350000000,0.3507100000
215.2000000000,1.7400000000,0.3506400000
215.1000000000,1.7450000000,0.3505700000
215.0000000000,1.7500000000,0.3505000000
214.9000000000,1.7550000000,0.3504300000
214.8000000000,1.7600000000,0.3503600000
214.7000000000,1.7650000000,0.3502900000
214.6000000000,1.7700000000,0.3502200000
214.5000000000,1.7750000000,0.3501500000
214.4000000000,1.7800000000,0.3500800000
214.3000000000,1.7850000000,0.3500100000
214.2000000000,1.7900000000,0.3499400000
214.1000000000,1.7950000000,0.3498700000
214.0000000000,1.8000000000,0.3498000000
213.9000000000,1.8050000000,0.3497300000
213.8000000000,1.8100000000,0.3496600000
213.7000000000,1.8150000000,0.3495900000
213.6000000000,1.8200000000,0.3495200000
213.5000000000,1.8250000000,0.3494500000
213.4000000000,1.8300000000,0.3493800000
213.3000000000,1.8350000000,0.3493100000
213.2000000000,1.8400000000,0.3492400000
213.1000000000,1.8450000000,0.3491700000
213.0000000000,1.8500000000,0.3491000000
212.9000000000,1.8550000000,0.3490300000
212.8000000000,1.8600000000,0.3489600000
212.7000000000,1.8650000000,0.3488900000
212.6000000000,1.8700000000,0.3488200000
212.5000000000,1.8750000000,0.3487500000
212.4000000000,1.8800000000,0.3486800000
212.3000000000,1.8850000000,0.3486100000
212.2000000000,1.8900000000,0.3485400000
212.1000000000,1.8950000000,0.3484700000
212.0000000000,1.9000000000,0.3484000000
211.9000000000,1.9050000000,0.3483300000
211.8000000000,1.9100000000,0.3482600000
211.7000000000,1.9150000000,0.3481900000
211.6000000000,1.9200000000,0.3481200000
211.5000000000,1.9250000000,0.3480500000
211.4000000000,1.9300000000,0.3479800000
211.3000000000,1.9350000000,0.3479100000
211.2000000000,1.9400000000,0.3478400000
211.1000000000,1.9450000000,0.3477700000
211.0000000000,1.9500000000,0.3477000000
210.9000000000,1.9550000000,0.3476300000
210.8000000000,1.9600000000,0.3475600000
210.7000000000,1.9650000000,0.3474900000
210.6000000000,1.9700000000,0.3474200000
210.5000000000,1.9750000000,0.3473500000
210.4000000000,1.9800000000,0.3472800000
210.3000000000,1.9850000000,0.3472100000
210.2000000000,1.9900000000,0.3471400000
210.1000000000,1.9950000000,0.3470700000
210.0000000000,2.0000000000,0.3470000000
209.9000000000,2.0050000000,0.3469300000
209.8000000000,2.0100000000,0.3468600000
209.7000000000,2.0150000000,0.3467900000
209.6000000000,2.0200000000,0.3467200000
209.5000000000,2.0250000000,0.3466500000
209.4000000000,2.0300000000,0.3465800000
209.3000000000,2.0350000000,0.3465100000
209.2000000000,2.0400000000,0.3464400000
209.1000000000,2.0450000000,0.3463700000
209.0000000000,2.0500000000,0.3463000000
208.9000000000,2.0550000000,0.3462300000
208.8000000000,2.0600000000,0.3461600000
208.7000000000,2.0650000000,0.3460900000
208.6000000000,2.0700000000,0.3460200000
208.5000000000,2.0750000000,0.3459500000
208.4000000000,2.0800000000,0.3458800000
208.3000000000,2.0850000000,0.3458100000
208.2000000000,2.0900000000,0.3457400000
208.1000000000,2.0950000000,0.3456700000
208.0000000000,2.1000000000,0.3456000000
207.9000000000,2.1050000000,0.3455300000
207.8000000000,2.1100000000,0.3454600000
207.7000000000,2.1150000000,0.3453900000
207.6000000000,2.1200000000,0.3453200000
207.5000000000,2.1250000000,0.3452500000
207.4000000000,2.1300000000,0.3451800000
207.3000000000,2.1350000000,0.3451100000
207.2000000000,2.1400000000,0.3450400000
207.1000000000,2.1450000000,0.3449700000
207.0000000000,2.1500000000,0.3449000000
206.9000000000,2.1550000000,0.3448300000
206.8000000000,2.1600000000,0.3447600000
206.7000000000,2.1650000000,0.3446900000
206.6000000000,2.1700000000,0.3446200000
206.5000000000,2.1750000000,0.3445500000
206.4000000000,2.1800000000,0.3444800000
206.3000000000,2.1850000000,0.3444100000
206.2000000000,2.1900000000,0.3443400000
206.1000000000,2.1950000000,0.3442700000
206.0000000000,2.2000000000,0.3442000000
205.9000000000,2.2050000000,0.3441300000
205.8000000000,2.2100000000,0.3440600000
205.7000000000,2.2150000000,0.3439900000
205.6000000000,2.2200000000,0.3439200000
205.5000000000,2.2250000000,0.3438500000
205.4000000000,2.2300000000,0.3437800000
205.3000000000,2.2350000000,0.3437100000
205.2000000000,2.2400000000,0.3436400000
205.1000000000,2.2450000000,0.3435700000
205.0000000000,2.2500000000,0.3435000000
204.9000000000,2.2550000000,0.3434300000
204.8000000000,2.2600000000,0.3433600000
204.7000000000,2.2650000000,0.3432900000
204.6000000000,2.2700000000,0.3432200000
204.5000000000,2.2750000000,0.3431500000
204.4000000000,2.2800000000,0.3430800000
204.3000000000,2.2850000000,0.3430100000
204.2000000000,2.2900000000,0.3429400000
204.1000000000,2.2950000000,0.3428700000
204.0000000000,2.3000000000,0.3428000000
203.9000000000,2.3050000000,0.3427300000
203.8000000000,2.3100000000,0.3426600000
203.7000000000,2.3150000000,0.3425900000
203.6000000000,2.3200000000,0.3425200000
203.5000000000,2.3250000000,0.3424500000
203.4000000000,2.3300000000,0.3423800000
203.3000000000,2.3350000000,0.3423100000
203.2000000000,2.3400000000,0.3422400000
203.1000000000,2.3450000000,0.3421700000
203.0000000000,2.3500000000,0.3421000000
202.9000000000,2.3550000000,0.3420300000
202.8000000000,2.3600000000,0.3419600000
202.7000000000,2.3650000000,0.3418900000
202.6000000000,2.3700000000,0.3418200000
202.5000000000,2.3750000000,0.3417500000
202.4000000000,2.3800000000,0.3416800000
202.3000000000,2.3850000000,0.3416100000
202.2000000000,2.3900000000,0.3415400000
202.1000000000,2.3950000000,0.3414700000
202.0000000000,2.4000000000,0.3414000000
201.9000000000,2.4050000000,0.3413300000
201.8000000000,2.4100000000,0.3412600000
201.7000000000,2.4150000000,0.3411900000
201.6000000000,2.4200000000,0.3411200000
201.5000000000,2.4250000000,0.3410500000
201.4000000000,2.4300000000,0.3409800000
201.3000000000,2.4350000000,0.3409100000
201.2000000000,2.4400000000,0.3408400000
201.1000000000,2.4450000000,0.3407700000
201.0000000000,2.4500000000,0.3407000000
200.9000000000,2.4550000000,0.3406300000
200.8000000000,2.4600000000,0.3405600000
200.7000000000,2.4650000000,0.3404900000
200.6000000000,2.4700000000,0.3404200000
200.5000000000,2.4750000000,0.3403500000
200.4000000000,2.4800000000,0.3402800000
200.3000000000,2.4850000000,0.3402100000
200.2000000000,2.4900000000,0.3401400000
200.1000000000,2.4950000000,0.3400700000
200.0000000000,2.5000000000,0.3400000000
199.9000000000,2.5050000000,0.3399300000
199.8000000000,2.5100000000,0.3398600000
199.7000000000,2.5150000000,0.3397900000
199.6000000000,2.5200000000,0.3397200000
199.5000000000,2.5250000000,0.3396500000
199.4000000000,2.5300000000,0.3395800000
199.3000000000,2.5350000000,0.3395100000
199.2000000000,2.5400000000,0.3394400000
199.1000000000,2.5450000000,0.3393700000
199.0000000000,2.5500000000,0.3393000000
198.9000000000,2.5550000000,0.3392300000
198.8000000000,2.5600000000,0.3391600000
198.7000000000,2.5650000000,0.3390900000
198.6000000000,2.5700000000,0.3390200000
198.5000000000,2.5750000000,0.3389500000
198.4000000000,2.5800000000,0.3388800000
198.3000000000,2.5850000000,0.3388100000
198.2000000000,2.5900000000,0.3387400000
198.1000000000,2.5950000000,0.3386700000
198.0000000000,2.6000000000,0.3386000000
197.9000000000,2.6050000000,0.3385300000
197.8000000000,2.6100000000,0.3384600000
197.7000000000,2.6150000000,0.3383900000
197.6000000000,2.6200000000,0.3383200000
197.5000000000,2.6250000000,0.3382500000
197.4000000000,2.6300000000,0.3381800000
197.3000000000,2.6350000000,0.3381100000
197.2000000000,2.6400000000,0.3380400000
197.1000000000,2.6450000000,0.3379700000
197.0000000000,2.6500000000,0.3379000000
196.9000000000,2.6550000000,0.3378300000
196.8000000000,2.6600000000,0.3377600000
196.7000000000,2.6650000000,0.3376900000
196.6000000000,2.6700000000,0.3376200000
196.5000000000,2.6750000000,0.3375500000
196.4000000000,2.6800000000,0.3374800000
196.3000000000,2.6850000000,0.3374100000
196.2000000000,2.6900000000,0.3373400000
196.1000000000,2.6950000000,0.3372700000
196.0000000000,2.7000000000,0.3372000000
195.9000000000,2.7050000000,0.3371300000
195.8000000000,2.7100000000,0.3370600000
195.7000000000,2.7150000000,0.3369900000
195.6000000000,2.7200000000,0.3369200000
195.5000000000,2.7250000000,0.3368500000
195.4000000000,2.7300000000,0.3367800000
195.3000000000,2.7350000000,0.3367100000
195.2000000000,2.7400000000,0.3366400000
195.1000000000,2.7450000000,0.3365700000
195.0000000000,2.7500000000,0.3365000000
194.9000000000,2.7550000000,0.3364300000
194.8000000000,2.7600000000,0.3363600000
194.7000000000,2.7650000000,0.3362900000
194.6000000000,2.7700000000,0.3362200000
194.5000000000,2.7750000000,0.3361500000
194.4000000000,2.7800000000,0.3360800000
194.3000000000,2.7850000000,0.3360100000
194.2000000000,2.7900000000,0.3359400000
194.1000000000,2.7950000000,0.3358700000
194.0000000000,2.8000000000,0.3358000000
193.9000000000,2.8050000000,0.3357300000
193.8000000000,2.8100000000,0.3356600000
193.7000000000,2.8150000000,0.3355900000
193.6000000000,2.8200000000,0.3355200000
193.5000000000,2.8250000000,0.3354500000
193.4000000000,2.8300000000,0.3353800000
193.3000000000,2.8350000000,0.3353100000
193.2000000000,2.8400000000,0.3352400000
193.1000000000,2.8450000000,0.3351700000
193.0000000000,2.8500000000,0.3351000000
192.9000000000,2.8550000000,0.3350300000
192.8000000000,2.8600000000,0.3349600000
192.7000000000,2.8650000000,0.3348900000
192.6000000000,2.8700000000,0.3348200000
192.5000000000,2.8750000000,0.3347500000
192.4000000000,2.8800000000,0.3346800000
192.3000000000,2.8850000000,0.3346100000
192.2000000000,2.8900000000,0.3345400000
192.1000000000,2.8950000000,0.3344700000
192.0000000000,2.9000000000,0.3344000000
191.9000000000,2.9050000000,0.3343300000
191.8000000000,2.9100000000,0.3342600000
191.7000000000,2.9150000000,0.3341900000
191.6000000000,2.9200000000,0.3341200000
191.5000000000,2.9250000000,0.3340500000
191.4000000000,2.9300000000,0.3339800000
191.3000000000,2.9350000000,0.3339100000
191.2000000000,2.9400000000,0.3338400000
191.1000000000,2.9450000000,0.3337700000
191.0000000000,2.9500000000,0.3337000000
190.9000000000,2.9550000000,0.3336300000
190.8000000000,2.9600000000,0.3335600000
190.7000000000,2.9650000000,0.3334900000
190.6000000000,2.9700000000,0.3334200000
190.5000000000,2.9750000000,0.3333500000
190.4000000000,2.9800000000,0.3332800000
190.3000000000,2.9850000000,0.3332100000
190.2000000000,2.9900000000,0.3331400000
190.1000000000,2.9950000000,0.3330700000
190.0000000000,3.0000000000,0.3330000000
189.9000000000,3.0050000000,0.3329300000
189.8000000000,3.0100000000,0.3328600000
189.7000000000,3.0150000000,0.3327900000
189.6000000000,3.0200000000,0.3327200000
189.5000000000,3.0250000000,0.3326500000
189.4000000000,3.0300000000,0.3325800000
189.3000000000,3.0350000000,0.3325100000
189.2000000000,3.0400000000,0.3324400000
189.1000000000,3.0450000000,0.3323700000
189.0000000000,3.0500000000,0.3323000000
188.9000000000,3.0550000000,0.3322300000
188.8000000000,3.0600000000,0.3321600000
188.7000000000,3.0650000000,0.3320900000
188.6000000000,3.0700000000,0.3320200000
188.5000000000,3.0750000000,0.3319500000
188.4000000000,3.0800000000,0.3318800000
188.3000000000,3.0850000000,0.3318100000
188.2000000000,3.0900000000,0.3317400000
188.1000000000,3.0950000000,0.3316700000
188.0000000000,3.1000000000,0.3316000000
187.9000000000,3.1050000000,0.3315300000
187.8000000000,3.1100000000,0.3314600000
187.7000000000,3.1150000000,0.3313900000
187.6000000000,3.1200000000,0.3313200000
187.5000000000,3.1250000000,0.3312500000
187.4000000000,3.1300000000,0.3311800000
187.3000000000,3.1350000000,0.3311100000
187.2000000000,3.1400000000,0.3310400000
187.1000000000,3.1450000000,0.3309700000
187.0000000000,3.1500000000,0.3309000000
186.9000000000,3.1550000000,0.3308300000
186.8000000000,3.1600000000,0.3307600000
186.7000000000,3.1650000000,0.3306900000
186.6000000000,3.1700000000,0.3306200000
186.5000000000,3.1750000000,0.3305500000
186.4000000000,3.1800000000,0.3304800000
186.3000000000,3.1850000000,0.3304100000
186.2000000000,3.1900000000,0.3303400000
186.1000000000,3.1950000000,0.3302700000
186.0000000000,3.2000000000,0.3302000000
185.9000000000,3.2050000000,0.3301300000
185.8000000000,3.2100000000,0.3300600000
185.7000000000,3.2150000000,0.3299900000
185.6000000000,3.2200000000,0.3299200000
185.5000000000,3.2250000000,0.3298500000
185.4000000000,3.2300000000,0.3297800000
185.3000000000,3.2350000000,0.3297100000
185.2000000000,3.2400000000,0.3296400000
185.1000000000,3.2450000000,0.3295700000
185.0000000000,3.2500000000,0.3295000000
184.9000000000,3.2550000000,0.3294300000
184.8000000000,3.2600000000,0.3293600000
184.7000000000,3.2650000000,0.3292900000
184.6000000000,3.2700000000,0.3292200000
184.5000000000,3.2750000000,0.3291500000
184.4000000000,3.2800000000,0.3290800000
184.3000000000,3.2850000000,0.3290100000
184.2000000000,3.2900000000,0.3289400000
184.1000000000,3.2950000000,0.3288700000
184.0000000000,3.3000000000,0.3288000000
183.9000000000,3.3050000000,0.3287300000
183.8000000000,3.3100000000,0.3286600000
183.7000000000,3.3150000000,0.3285900000
183.6000000000,3.3200000000,0.3285200000
183.5000000000,3.3250000000,0.3284500000
183.4000000000,3.3300000000,0.3283800000
183.3000000000,3.3350000000,0.3283100000
183.2000000000,3.3400000000,0.3282400000
183.1000000000,3.3450000000,0.3281700000
183.0000000000,3.3500000000,0.3281000000
182.9000000000,3.3550000000,0.3280300000
182.8000000000,3.3600000000,0.3279600000
182.7000000000,3.3650000000,0.3278900000
182.6000000000,3.3700000000,0.3278200000
182.5000000000,3.3750000000,0.3277500000
182.4000000000,3.3800000000,0.3276800000
182.3000000000,3.3850000000,0.3276100000
182.2000000000,3.3900000000,0.3275400000
182.1000000000,3.3950000000,0.3274700000
182.0000000000,3.4000000000,0.3274000000
181.9000000000,3.4050000000,0.3273300000
181.8000000000,3.4100000000,0.3272600000
181.7000000000,3.4150000000,0.3271900000
181.6000000000,3.4200000000,0.3271200000
181.5000000000,3.4250000000,0.3270500000
181.4000000000,3.4300000000,0.3269800000
181.3000000000,3.4350000000,0.3269100000
181.2000000000,3.4400000000,0.3268400000
181.1000000000,3.4450000000,0.3267700000
181.0000000000,3.4500000000,0.3267000000
180.9000000000,3.4550000000,0.3266300000
180.8000000000,3.4600000000,0.3265600000
180.7000000000,3.4650000000,0.3264900000
180.6000000000,3.4700000000,0.3264200000
180.5000000000,3.4750000000,0.3263500000
180.4000000000,3.4800000000,0.3262800000
180.3000000000,3.4850000000,0.3262100000
180.2000000000,3.4900000000,0.3261400000
180.1000000000,3.4950000000,0.3260700000
180.0000000000,3.5000000000,0.3260000000
179.9000000000,3.5050000000,0.3259300000
179.8000000000,3.5100000000,0.3258600000
179.7000000000,3.5150000000,0.3257900000
179.6000000000,3.5200000000,0.3257200000
179.5000000000,3.5250000000,0.3256500000
179.4000000000,3.5300000000,0.3255800000
179.3000000000,3.5350000000,0.3255100000
179.2000000000,3.5400000000,0.3254400000
179.1000000000,3.5450000000,0.3253700000
179.0000000000,3.5500000000,0.3253000000
178.9000000000,3.5550000000,0.3252300000
178.8000000000,3.5600000000,0.3251600000
178.7000000000,3.5650000000,0.3250900000
178.6000000000,3.5700000000,0.3250200000
178.5000000000,3.5750000000,0.3249500000
178.4000000000,3.5800000000,0.3248800000
178.3000000000,3.5850000000,0.3248100000
178.2000000000,3.5900000000,0.3247400000
178.1000000000,3.5950000000,0.3246700000
178.0000000000,3.6000000000,0.3246000000
177.9000000000,3.6050000000,0.3245300000
177.8000000000,3.6100000000,0.3244600000
177.7000000000,3.6150000000,0.3243900000
177.6000000000,3.6200000000,0.3243200000
177.5000000000,3.6250000000,0.3242500000
177.4000000000,3.6300000000,0.3241800000
177.3000000000,3.6350000000,0.3241100000
177.2000000000,3.6400000000,0.3240400000
177.1000000000,3.6450000000,0.3239700000
177.0000000000,3.6500000000,0.3239000000
176.9000000000,3.6550000000,0.3238300000
176.8000000000,3.6600000000,0.3237600000
176.7000000000,3.6650000000,0.3236900000
176.6000000000,3.6700000000,0.3236200000
176.5000000000,3.6750000000,0.3235500000
176.4000000000,3.6800000000,0.3234800000
176.3000000000,3.6850000000,0.3234100000
176.2000000000,3.6900000000,0.3233400000
176.1000000000,3.6950000000,0.3232700000
176.0000000000,3.7000000000,0.3232000000
175.9000000000,3.7050000000,0.3231300000
175.8000000000,3.7100000000,0.3230600000
175.7000000000,3.7150000000,0.3229900000
175.6000000000,3.7200000000,0.3229200000
175.5000000000,3.7250000000,0.3228500000
175.4000000000,3.7300000000,0.3227800000
175.3000000000,3.7350000000,0.3227100000
175.2000000000,3.7400000000,0.3226400000
175.1000000000,3.7450000000,0.3225700000
175.0000000000,3.7500000000,0.3225000000
174.9000000000,3.7550000000,0.3224300000
174.8000000000,3.7600000000,0.3223600000
174.7000000000,3.7650000000,0.3222900000
174.6000000000,3.7700000000,0.3222200000
174.5000000000,3.7750000000,0.3221500000
174.4000000000,3.7800000000,0.3220800000
174.3000000000,3.7850000000,0.3220100000
174.2000000000,3.7900000000,0.3219400000
174.1000000000,3.7950000000,0.3218700000
174.0000000000,3.8000000000,0.3218000000
173.9000000000,3.8050000000,0.3217300000
173.8000000000,3.8100000000,0.3216600000
173.7000000000,3.8150000000,0.3215900000
173.6000000000,3.8200000000,0.3215200000
173.5000000000,3.8250000000,0.3214500000
173.4000000000,3.8300000000,0.3213800000
173.3000000000,3.8350000000,0.3213100000
173.2000000000,3.8400000000,0.3212400000
173.1000000000,3.8450000000,0.3211700000
173.0000000000,3.8500000000,0.3211000000
172.9000000000,3.8550000000,0.3210300000
172.8000000000,3.8600000000,0.3209600000
172.7000000000,3.8650000000,0.3208900000
172.6000000000,3.8700000000,0.3208200000
172.5000000000,3.8750000000,0.3207500000
172.4000000000,3.8800000000,0.3206800000
172.3000000000,3.8850000000,0.3206100000
172.2000000000,3.8900000000,0.3205400000
172.1000000000,3.8950000000,0.3204700000
172.0000000000,3.9000000000,0.3204000000
171.9000000000,3.9050000000,0.3203300000
171.8000000000,3.9100000000,0.3202600000
171.7000000000,3.9150000000,0.3201900000
171.6000000000,3.9200000000,0.3201200000
171.5000000000,3.9250000000,0.3200500000
171.4000000000,3.9300000000,0.3199800000
171.3000000000,3.9350000000,0.3199100000
171.2000000000,3.9400000000,0.3198400000
171.1000000000,3.9450000000,0.3197700000
171.0000000000,3.9500000000,0.3197000000
170.9000000000,3.9550000000,0.3196300000
170.8000000000,3.9600000000,0.3195600000
170.7000000000,3.9650000000,0.3194900000
170.6000000000,3.9700000000,0.3194200000
170.5000000000,3.9750000000,0.3193500000
170.4000000000,3.9800000000,0.3192800000
170.3000000000,3.9850000000,0.3192100000
170.2000000000,3.9900000000,0.3191400000
170.1000000000,3.9950000000,0.3190700000
170.0000000000,4.0000000000,0.3190000000
169.9000000000,4.0050000000,0.3189300000
169.8000000000,4.0100000000,0.3188600000
169.7000000000,4.0150000000,0.3187900000
169.6000000000,4.0200000000,0.3187200000
169.5000000000,4.0250000000,0.3186500000
169.4000000000,4.0300000000,0.3185800000
169.3000000000,4.0350000000,0.3185100000
169.2000000000,4.0400000000,0.3184400000
169.1000000000,4.0450000000,0.3183700000
169.0000000000,4.0500000000,0.3183000000
168.9000000000,4.0550000000,0.3182300000
168.8000000000,4.0600000000,0.3181600000
168.7000000000,4.0650000000,0.3180900000
168.6000000000,4.0700000000,0.3180200000
168.5000000000,4.0750000000,0.3179500000
168.4000000000,4.0800000000,0.3178800000
168.3000000000,4.0850000000,0.3178100000
168.2000000000,4.0900000000,0.3177400000
168.1000000000,4.0950000000,0.3176700000
168.0000000000,4.1000000000,0.3176000000
167.9000000000,4.1050000000,0.3175300000
167.8000000000,4.1100000000,0.3174600000
167.7000000000,4.1150000000,0.3173900000
167.6000000000,4.1200000000,0.3173200000
167.5000000000,4.1250000000,0.3172500000
167.4000000000,4.1300000000,0.3171800000
167.3000000000,4.1350000000,0.3171100000
167.2000000000,4.1400000000,0.3170400000
167.1000000000,4.1450000000,0.3169700000
167.0000000000,4.1500000000,0.3169000000
166.9000000000,4.1550000000,0.3168300000
166.8000000000,4.1600000000,0.3167600000
166.7000000000,4.1650000000,0.3166900000
166.6000000000,4.1700000000,0.3166200000
166.5000000000,4.1750000000,0.3165500000
166.4000000000,4.1800000000,0.3164800000
166.3000000000,4.1850000000,0.3164100000
166.2000000000,4.1900000000,0.3163400000
166.1000000000,4.1950000000,0.3162700000
166.0000000000,4.2000000000,0.3162000000
165.9000000000,4.2050000000,0.3161300000
165.8000000000,4.2100000000,0.3160600000
165.7000000000,4.2150000000,0.3159900000
165.6000000000,4.2200000000,0.3159200000
165.5000000000,4.2250000000,0.3158500000
165.4000000000,4.2300000000,0.3157800000
165.3000000000,4.2350000000,0.3157100000
165.2000000000,4.2400000000,0.3156400000
165.1000000000,4.2450000000,0.3155700000
165.0000000000,4.2500000000,0.3155000000
164.9000000000,4.2550000000,0.3154300000
164.8000000000,4.2600000000,0.3153600000
164.7000000000,4.2650000000,0.3152900000
164.6000000000,4.2700000000,0.3152200000
164.5000000000,4.2750000000,0.3151500000
164.4000000000,4.2800000000,0.3150800000
164.3000000000,4.2850000000,0.3150100000
164.2000000000,4.2900000000,0.3149400000
164.1000000000,4.2950000000,0.3148700000
164.0000000000,4.3000000000,0.3148000000
163.9000000000,4.3050000000,0.3147300000
163.8000000000,4.3100000000,0.3146600000
163.7000000000,4.3150000000,0.3145900000
163.6000000000,4.3200000000,0.3145200000
163.5000000000,4.3250000000,0.3144500000
163.4000000000,4.3300000000,0.3143800000
163.3000000000,4.3350000000,0.3143100000
163.2000000000,4.3400000000,0.3142400000
163.1000000000,4.3450000000,0.3141700000
163.0000000000,4.3500000000,0.3141000000
162.9000000000,4.3550000000,0.3140300000
162.8000000000,4.3600000000,0.3139600000
162.7000000000,4.3650000000,0.3138900000
162.6000000000,4.3700000000,0.3138200000
162.5000000000,4.3750000000,0.3137500000
162.4000000000,4.3800000000,0.3136800000
162.3000000000,4.3850000000,0.3136100000
162.2000000000,4.3900000000,0.3135400000
162.1000000000,4.3950000000,0.3134700000
162.0000000000,4.4000000000,0.3134000000
161.9000000000,4.4050000000,0.3133300000
161.8000000000,4.4100000000,0.3132600000
161.7000000000,4.4150000000,0.3131900000
161.6000000000,4.4200000000,0.3131200000
161.5000000000,4.4250000000,0.3130500000
161.4000000000,4.4300000000,0.3129800000
161.3000000000,4.4350000000,0.3129100000
161.2000000000,4.4400000000,0.3128400000
161.1000000000,4.4450000000,0.3127700000
161.0000000000,4.4500000000,0.3127000000
160.9000000000,4.4550000000,0.3126300000
160.8000000000,4.4600000000,0.3125600000
160.7000000000,4.4650000000,0.3124900000
160.6000000000,4.4700000000,0.3124200000
160.5000000000,4.4750000000,0.3123500000
160.4000000000,4.4800000000,0.3122800000
160.3000000000,4.4850000000,0.3122100000
160.2000000000,4.4900000000,0.3121400000
160.1000000000,4.4950000000,0.3120700000
160.0000000000,4.5000000000,0.3120000000
159.9000000000,4.5050000000,0.3119300000
159.8000000000,4.5100000000,0.3118600000
159.7000000000,4.5150000000,0.3117900000
159.6000000000,4.5200000000,0.3117199999
159.5000000000,4.5250000000,0.3116499999
159.4000000000,4.5300000000,0.3115799999
159.3000000000,4.5350000000,0.3115099999
159.2000000000,4.5400000000,0.3114399999
159.1000000000,4.5450000000,0.3113699999
159.0000000000,4.5500000000,0.3112999999
158.9000000000,4.5550000000,0.3112299999
158.8000000000,4.5600000000,0.3111599999
158.7000000000,4.5650000000,0.3110899999
158.6000000000,4.5700000000,0.3110199998
158.5000000000,4.5750000000,0.3109499998
158.4000000000,4.5800000000,0.3108799998
158.3000000000,4.5850000000,0.3108099998
158.2000000000,4.5900000000,0.3107399997
158.1000000000,4.5950000000,0.3106699997
158.0000000000,4.6000000000,0.3105999997
157.9000000000,4.6050000000,0.3105299997
157.8000000000,4.6100000000,0.3104599996
157.7000000000,4.6150000000,0.3103899996
157.6000000000,4.6200000000,0.3103199995
157.5000000000,4.6250000000,0.3102499995
157.4000000000,4.6300000000,0.3101799994
157.3000000000,4.6350000000,0.3101099993
157.2000000000,4.6400000000,0.3100399992
157.1000000000,4.6450000000,0.3099699992
157.0000000000,4.6500000000,0.3098999991
156.9000000000,4.6550000000,0.3098299990
156.8000000000,4.6600000000,0.3097599988
156.7000000000,4.6650000000,0.3096899987
156.6000000000,4.6700000000,0.3096199986
156.5000000000,4.6750000000,0.3095499984
156.4000000000,4.6800000000,0.3094799982
156.3000000000,4.6850000000,0.3094099980
156.2000000000,4.6900000000,0.3093399978
156.1000000000,4.6950000000,0.3092699975
156.0000000000,4.7000000000,0.3091999973
155.9000000000,4.7050000000,0.3091299970
155.8000000000,4.7100000000,0.3090599966
155.7000000000,4.7150000000,0.3089899963
155.6000000000,4.7200000000,0.3089199958
155.5000000000,4.7250000000,0.3088499954
155.4000000000,4.7300000000,0.3087799949
155.3000000000,4.7350000000,0.3087099943
155.2000000000,4.7400000000,0.3086399937
155.1000000000,4.7450000000,0.3085699930
155.0000000000,4.7500000000,0.3084999923
154.9000000000,4.7550000000,0.3084299914
154.8000000000,4.7600000000,0.3083599905
154.7000000000,4.7650000000,0.3082899895
154.6000000000,4.7700000000,0.3082199884
154.5000000000,4.7750000000,0.3081499871
154.4000000000,4.7800000000,0.3080799857
154.3000000000,4.7850000000,0.3080099842
154.2000000000,4.7900000000,0.3079399826
154.1000000000,4.7950000000,0.3078699807
154.0000000000,4.8000000000,0.3077999787
153.9000000000,4.8050000000,0.3077299764
153.8000000000,4.8100000000,0.3076599740
153.7000000000,4.8150000000,0.3075899713
153.6000000000,4.8200000000,0.3075199683
153.5000000000,4.8250000000,0.3074499650
153.4000000000,4.8300000000,0.3073799613
153.3000000000,4.8350000000,0.3073099574
153.2000000000,4.8400000000,0.3072399530
153.1000000000,4.8450000000,0.3071699481
153.0000000000,4.8500000000,0.3070999428
152.9000000000,4.8550000000,0.3070299370
152.8000000000,4.8600000000,0.3069599306
152.7000000000,4.8650000000,0.3068899236
152.6000000000,4.8700000000,0.3068199159
152.5000000000,4.8750000000,0.3067499074
152.4000000000,4.8800000000,0.3066798981
152.3000000000,4.8850000000,0.3066098879
152.2000000000,4.8900000000,0.3065398767
152.1000000000,4.8950000000,0.3064698644
152.0000000000,4.9000000000,0.3063998510
151.9000000000,4.9050000000,0.3063298362
151.8000000000,4.9100000000,0.3062598201
151.7000000000,4.9150000000,0.3061898024
151.6000000000,4.9200000000,0.3061197830
151.5000000000,4.9250000000,0.3060497618
151.4000000000,4.9300000000,0.3059797387
151.3000000000,4.9350000000,0.3059097133
151.2000000000,4.9400000000,0.3058396855
151.1000000000,4.9450000000,0.3057696552
151.0000000000,4.9500000000,0.3056996221
150.9000000000,4.9550000000,0.3056295858
150.8000000000,4.9600000000,0.3055595463
150.7000000000,4.9650000000,0.3054895031
150.6000000000,4.9700000000,0.3054194559
150.5000000000,4.9750000000,0.3053494044
150.4000000000,4.9800000000,0.3052793482
150.3000000000,4.9850000000,0.3052092869
150.2000000000,4.9900000000,0.3051392201
150.1000000000,4.9950000000,0.3050691472
150.0000000000,5.0000000000,0.3049990678
149.9000000000,5.0050000000,0.3049289813
149.8000000000,5.0100000000,0.3048588871
149.7000000000,5.0150000000,0.3047887845
149.6000000000,5.0200000000,0.3047186728
149.5000000000,5.0250000000,0.3046485512
149.4000000000,5.0300000000,0.3045784189
149.3000000000,5.0350000000,0.3045082751
149.2000000000,5.0400000000,0.3044381187
149.1000000000,5.0450000000,0.3043679486
149.0000000000,5.0500000000,0.3042977638
148.9000000000,5.0550000000,0.3042275631
148.8000000000,5.0600000000,0.3041573450
148.7000000000,5.0650000000,0.3040871083
148.6000000000,5.0700000000,0.3040168513
148.5000000000,5.0750000000,0.3039465725
148.4000000000,5.0800000000,0.3038762699
148.3000000000,5.0850000000,0.3038059418
148.2000000000,5.0900000000,0.3037355861
148.1000000000,5.0950000000,0.3036652005
148.0000000000,5.1000000000,0.3035947827
147.9000000000,5.1050000000,0.3035243301
147.8000000000,5.1100000000,0.3034538399
147.7000000000,5.1150000000,0.3033833092
147.6000000000,5.1200000000,0.3033127348
147.5000000000,5.1250000000,0.3032421133
147.4000000000,5.1300000000,0.3031714410
147.3000000000,5.1350000000,0.3031007140
147.2000000000,5.1400000000,0.3030299280
147.1000000000,5.1450000000,0.3029590785
147.0000000000,5.1500000000,0.3028881607
146.9000000000,5.1550000000,0.3028171693
146.8000000000,5.1600000000,0.3027460987
146.7000000000,5.1650000000,0.3026749430
146.6000000000,5.1700000000,0.3026036957
146.5000000000,5.1750000000,0.3025323501
146.4000000000,5.1800000000,0.3024608986
146.3000000000,5.1850000000,0.3023893336
146.2000000000,5.1900000000,0.3023176465
146.1000000000,5.1950000000,0.3022458284
146.0000000000,5.2000000000,0.3021738697
145.9000000000,5.2050000000,0.3021017602
145.8000000000,5.2100000000,0.3020294888
145.7000000000,5.2150000000,0.3019570439
145.6000000000,5.2200000000,0.3018844129
145.5000000000,5.2250000000,0.3018115826
145.4000000000,5.2300000000,0.3017385387
145.3000000000,5.2350000000,0.3016652660
145.2000000000,5.2400000000,0.3015917485
145.1000000000,5.2450000000,0.3015179688
145.0000000000,5.2500000000,0.3014439086
144.9000000000,5.2550000000,0.3013695483
144.8000000000,5.2600000000,0.3012948673
144.7000000000,5.2650000000,0.3012198432
144.6000000000,5.2700000000,0.3011444526
144.5000000000,5.2750000000,0.3010686704
144.4000000000,5.2800000000,0.3009924699
144.3000000000,5.2850000000,0.3009158229
144.2000000000,5.2900000000,0.3008386992
144.1000000000,5.2950000000,0.3007610670
144.0000000000,5.3000000000,0.3006828923
143.9000000000,5.3050000000,0.3006041391
143.8000000000,5.3100000000,0.3005247692
143.7000000000,5.3150000000,0.3004447421
143.6000000000,5.3200000000,0.3003640149
143.5000000000,5.3250000000,0.3002825420
143.4000000000,5.3300000000,0.3002002751
143.3000000000,5.3350000000,0.3001171633
143.2000000000,5.3400000000,0.3000331523
143.1000000000,5.3450000000,0.2999481850
143.0000000000,5.3500000000,0.2998622007
142.9000000000,5.3550000000,0.2997751353
142.8000000000,5.3600000000,0.2996869212
142.7000000000,5.3650000000,0.2995974866
142.6000000000,5.3700000000,0.2995067559
142.5000000000,5.3750000000,0.2994146492
142.4000000000,5.3800000000,0.2993210820
142.3000000000,5.3850000000,0.2992259653
142.2000000000,5.3900000000,0.2991292052
142.1000000000,5.3950000000,0.2990307023
142.0000000000,5.4000000000,0.2989303523
141.9000000000,5.4050000000,0.2988280450
141.8000000000,5.4100000000,0.2987236641
141.7000000000,5.4150000000,0.2986170876
141.6000000000,5.4200000000,0.2985081867
141.5000000000,5.4250000000,0.2983968258
141.4000000000,5.4300000000,0.2982828624
141.3000000000,5.4350000000,0.2981661466
141.2000000000,5.4400000000,0.2980465209
141.1000000000,5.4450000000,0.2979238194
141.0000000000,5.4500000000,0.2977978683
140.9000000000,5.4550000000,0.2976684846
140.8000000000,5.4600000000,0.2975354766
140.7000000000,5.4650000000,0.2973986429
140.6000000000,5.4700000000,0.2972577723
140.5000000000,5.4750000000,0.2971126432
140.4000000000,5.4800000000,0.2969630234
140.3000000000,5.4850000000,0.2968086698
140.2000000000,5.4900000000,0.2966493273
140.1000000000,5.4950000000,0.2964847291
140.0000000000,5.5000000000,0.2963145960
139.9000000000,5.5050000000,0.2961386357
139.8000000000,5.5100000000,0.2959565425
139.7000000000,5.5150000000,0.2957679970
139.6000000000,5.5200000000,0.2955726650
139.5000000000,5.5250000000,0.2953701979
139.4000000000,5.5300000000,0.2951602313
139.3000000000,5.5350000000,0.2949423848
139.2000000000,5.5400000000,0.2947162617
139.1000000000,5.5450000000,0.2944814481
139.0000000000,5.5500000000,0.2942375124
138.9000000000,5.5550000000,0.2939840049
138.8000000000,5.5600000000,0.2937204570
138.7000000000,5.5650000000,0.2934463806
138.6000000000,5.5700000000,0.2931612680
138.5000000000,5.5750000000,0.2928645905
138.4000000000,5.5800000000,0.2925557984
138.3000000000,5.5850000000,0.2922343201
138.2000000000,5.5900000000,0.2918995616
138.1000000000,5.5950000000,0.2915509058
138.0000000000,5.6000000000,0.2911877118
137.9000000000,5.6050000000,0.2908093146
137.8000000000,5.6100000000,0.2904150240
137.7000000000,5.6150000000,0.2900041243
137.6000000000,5.6200000000,0.2895758736
137.5000000000,5.6250000000,0.2891295031
137.4000000000,5.6300000000,0.2886642164
137.3000000000,5.6350000000,0.2881791891
137.2000000000,5.6400000000,0.2876735679
137.1000000000,5.6450000000,0.2871464705
137.0000000000,5.6500000000,0.2865969842
136.9000000000,5.6550000000,0.2860241660
136.8000000000,5.6600000000,0.2854270416
136.7000000000,5.6650000000,0.2848046052
136.6000000000,5.6700000000,0.2841558186
136.5000000000,5.6750000000,0.2834796106
136.4000000000,5.6800000000,0.2827748771
136.3000000000,5.6850000000,0.2820404796
136.2000000000,5.6900000000,0.2812752459
136.1000000000,5.6950000000,0.2804779685
136.0000000000,5.7000000000,0.2796474048
135.9000000000,5.7050000000,0.2787822769
135.8000000000,5.7100000000,0.2778812705
135.7000000000,5.7150000000,0.2769430352
135.6000000000,5.7200000000,0.2759661838
135.5000000000,5.7250000000,0.2749492923
135.4000000000,5.7300000000,0.2738908995
135.3000000000,5.7350000000,0.2727895068
135.2000000000,5.7400000000,0.2716435783
135.1000000000,5.7450000000,0.2704515402
135.0000000000,5.7500000000,0.2692117812
134.9000000000,5.7550000000,0.2679226525
134.8000000000,5.7600000000,0.2665824674
134.7000000000,5.7650000000,0.2651895018
134.6000000000,5.7700000000,0.2637419945
134.5000000000,5.7750000000,0.2622381468
134.4000000000,5.7800000000,0.2606761234
134.3000000000,5.7850000000,0.2590540525
134.2000000000,5.7900000000,0.2573700262
134.1000000000,5.7950000000,0.2556221012
134.0000000000,5.8000000000,0.2538082989
133.9000000000,5.8050000000,0.2519266067
133.8000000000,5.8100000000,0.2499749782
133.7000000000,5.8150000000,0.2479513341
133.6000000000,5.8200000000,0.2458535634
133.5000000000,5.8250000000,0.2436795238
133.4000000000,5.8300000000,0.2414270435
133.3000000000,5.8350000000,0.2390939215
133.2000000000,5.8400000000,0.2366779296
133.1000000000,5.8450000000,0.2341768132
133.0000000000,5.8500000000,0.2315882929
132.9000000000,5.8550000000,0.2289100663
132.8000000000,5.8600000000,0.2261398091
132.7000000000,5.8650000000,0.2232751772
132.6000000000,5.8700000000,0.2203138084
132.5000000000,5.8750000000,0.2172533242
132.4000000000,5.8800000000,0.2140913320
132.3000000000,5.8850000000,0.2108254274
132.2000000000,5.8900000000,0.2074531959
132.1000000000,5.8950000000,0.2039722157
132.0000000000,5.9000000000,0.2003800599
131.9000000000,5.9050000000,0.1966742993
131.8000000000,5.9100000000,0.1928525048
131.7000000000,5.9150000000,0.1889122501
131.6000000000,5.9200000000,0.1848511149
131.5000000000,5.9250000000,0.1806666878
131.4000000000,5.9300000000,0.1763565689
131.3000000000,5.9350000000,0.1719183736
131.2000000000,5.9400000000,0.1673497356
131.1000000000,5.9450000000,0.1626483100
131.0000000000,5.9500000000,0.1578117772
130.9000000000,5.9550000000,0.1528378465
130.8000000000,5.9600000000,0.1477242591
130.7000000000,5.9650000000,0.1424687927
130.6000000000,5.9700000000,0.1370692646
130.5000000000,5.9750000000,0.1315235360
130.4000000000,5.9800000000,0.1258295159
130.3000000000,5.9850000000,0.1199851653
130.2000000000,5.9900000000,0.1139885009
130.1000000000,5.9950000000,0.1078375998
130.0000000000,6.0000000000,0.1015306035
129.9000000000,6.0050000000,0.0950657220
129.8000000000,6.0100000000,0.0884412388
129.7000000000,6.0150000000,0.0816555146
129.6000000000,6.0200000000,0.0747069923
129.5000000000,6.0250000000,0.0675942010
129.4000000000,6.0300000000,0.0603157608
129.3000000000,6.0350000000,0.0528703874
129.2000000000,6.0400000000,0.0452568963
129.1000000000,6.0450000000,0.0374742077
129.0000000000,6.0500000000,0.0295213508
128.9000000000,6.0550000000,0.0213974684
128.8000000000,6.0600000000,0.0131018213
128.7000000000,6.0650000000,0.0046337930
128.6000000000,6.0700000000,-0.0040071059
128.5000000000,6.0750000000,-0.0128212336
128.4000000000,6.0800000000,-0.0218088122
128.3000000000,6.0850000000,-0.0309699241
128.2000000000,6.0900000000,-0.0403045072
128.1000000000,6.0950000000,-0.0498123509
128.0000000000,6.1000000000,-0.0594930923
127.9000000000,6.1050000000,-0.0693462120
127.8000000000,6.1100000000,-0.0793710303
127.7000000000,6.1150000000,-0.0895667036
127.6000000000,6.1200000000,-0.0999322206
127.5000000000,6.1250000000,-0.1104663991
127.4000000000,6.1300000000,-0.1211678823
127.3000000000,6.1350000000,-0.1320351361
127.2000000000,6.1400000000,-0.1430664457
127.1000000000,6.1450000000,-0.1542599131
127.0000000000,6.1500000000,-0.1656134543
126.9000000000,6.1550000000,-0.1771247967
126.8000000000,6.1600000000,-0.1887914773
126.7000000000,6.1650000000,-0.2006108403
126.6000000000,6.1700000000,-0.2125800353
126.5000000000,6.1750000000,-0.2246960159
126.4000000000,6.1800000000,-0.2369555384
126.3000000000,6.1850000000,-0.2493551604
126.2000000000,6.1900000000,-0.2618912403
126.1000000000,6.1950000000,-0.2745599363
126.0000000000,6.2000000000,-0.2873572067
125.9000000000,6.2050000000,-0.3002788092
125.8000000000,6.2100000000,-0.3133203015
125.7000000000,6.2150000000,-0.3264770418
125.6000000000,6.2200000000,-0.3397441895
125.5000000000,6.2250000000,-0.3531167065
125.4000000000,6.2300000000,-0.3665893583
125.3000000000,6.2350000000,-0.3801567160
125.2000000000,6.2400000000,-0.3938131583
125.1000000000,6.2450000000,-0.4075528738
125.0000000000,6.2500000000,-0.4213698633
124.9000000000,6.2550000000,-0.4352579435
124.8000000000,6.2600000000,-0.4492107497
124.7000000000,6.2650000000,-0.4632217396
124.6000000000,6.2700000000,-0.4772841973
124.5000000000,6.2750000000,-0.4913912373
124.4000000000,6.2800000000,-0.5055358093
124.3000000000,6.2850000000,-0.5197107031
124.2000000000,6.2900000000,-0.5339085536
124.1000000000,6.2950000000,-0.5481218464
124.0000000000,6.3000000000,-0.5623429236
123.9000000000,6.3050000000,-0.5765639898
123.8000000000,6.3100000000,-0.5907771189
123.7000000000,6.3150000000,-0.6049742601
123.6000000000,6.3200000000,-0.6191472457
123.5000000000,6.3250000000,-0.6332877975
123.4000000000,6.3300000000,-0.6473875352
123.3000000000,6.3350000000,-0.6614379835
123.2000000000,6.3400000000,-0.6754305804
123.1000000000,6.3450000000,-0.6893566857
123.0000000000,6.3500000000,-0.7032075890
122.9000000000,6.3550000000,-0.7169745189
122.8000000000,6.3600000000,-0.7306486519
122.7000000000,6.3650000000,-0.7442211212
122.6000000000,6.3700000000,-0.7576830264
122.5000000000,6.3750000000,-0.7710254428
122.4000000000,6.3800000000,-0.7842394312
122.3000000000,6.3850000000,-0.7973160478
122.2000000000,6.3900000000,-0.8102463535
122.1000000000,6.3950000000,-0.8230214250
122.0000000000,6.4000000000,-0.8356323641
121.9000000000,6.4050000000,-0.8480703081
121.8000000000,6.4100000000,-0.8603264406
121.7000000000,6.4150000000,-0.8723920011
121.6000000000,6.4200000000,-0.8842582960
121.5000000000,6.4250000000,-0.8959167087
121.4000000000,6.4300000000,-0.9073587101
121.3000000000,6.4350000000,-0.9185758690
121.2000000000,6.4400000000,-0.9295598625
121.1000000000,6.4450000000,-0.9403024859
121.0000000000,6.4500000000,-0.9507956636
120.9000000000,6.4550000000,-0.9610314588
120.8000000000,6.4600000000,-0.9710020836
120.7000000000,6.4650000000,-0.9806999090
120.6000000000,6.4700000000,-0.9901174745
120.5000000000,6.4750000000,-0.9992474980
120.4000000000,6.4800000000,-1.0080828849
120.3000000000,6.4850000000,-1.0166167377
120.2000000000,6.4900000000,-1.0248423646
120.1000000000,6.4950000000,-1.0327532887
120.0000000000,6.5000000000,-1.0403432565
119.9000000000,6.5050000000,-1.0476062459
119.8000000000,6.5100000000,-1.0545364746
119.7000000000,6.5150000000,-1.0611284076
119.6000000000,6.5200000000,-1.0673767649
119.5000000000,6.5250000000,-1.0732765283
119.4000000000,6.5300000000,-1.0788229483
119.3000000000,6.5350000000,-1.0840115507
119.2000000000,6.5400000000,-1.0888381426
119.1000000000,6.5450000000,-1.0932988181
119.0000000000,6.5500000000,-1.0973899634
118.9000000000,6.5550000000,-1.1011082625
118.8000000000,6.5600000000,-1.1044507007
118.7000000000,6.5650000000,-1.1074145697
118.6000000000,6.5700000000,-1.1099974709
118.5000000000,6.5750000000,-1.1121973186
118.4000000000,6.5800000000,-1.1140123431
118.3000000000,6.5850000000,-1.1154410933
118.2000000000,6.5900000000,-1.1164824382
118.1000000000,6.5950000000,-1.1171355691
118.0000000000,6.6000000000,-1.1174000000
117.9000000000,6.6050000000,-1.1172755691
117.8000000000,6.6100000000,-1.1167624382
117.7000000000,6.6150000000,-1.1158610933
117.6000000000,6.6200000000,-1.1145723431
117.5000000000,6.6250000000,-1.1128973186
117.4000000000,6.6300000000,-1.1108374709
117.3000000000,6.6350000000,-1.1083945697
117.2000000000,6.6400000000,-1.1055707007
117.1000000000,6.6450000000,-1.1023682625
117.0000000000,6.6500000000,-1.0987899634
116.9000000000,6.6550000000,-1.0948388181
116.8000000000,6.6600000000,-1.0905181426
116.7000000000,6.6650000000,-1.0858315507
116.6000000000,6.6700000000,-1.0807829483
116.5000000000,6.6750000000,-1.0753765283
116.4000000000,6.6800000000,-1.0696167649
116.3000000000,6.6850000000,-1.0635084076
116.2000000000,6.6900000000,-1.0570564746
116.1000000000,6.6950000000,-1.0502662459
116.0000000000,6.7000000000,-1.0431432565
115.9000000000,6.7050000000,-1.0356932887
115.8000000000,6.7100000000,-1.0279223646
115.7000000000,6.7150000000,-1.0198367377
115.6000000000,6.7200000000,-1.0114428849
115.5000000000,6.7250000000,-1.0027474980
115.4000000000,6.7300000000,-0.9937574745
115.3000000000,6.7350000000,-0.9844799090
115.2000000000,6.7400000000,-0.9749220836
115.1000000000,6.7450000000,-0.9650914588
115.0000000000,6.7500000000,-0.9549956636
114.9000000000,6.7550000000,-0.9446424859
114.8000000000,6.7600000000,-0.9340398625
114.7000000000,6.7650000000,-0.9231958690
114.6000000000,6.7700000000,-0.9121187101
114.5000000000,6.7750000000,-0.9008167087
114.4000000000,6.7800000000,-0.8892982960
114.3000000000,6.7850000000,-0.8775720011
114.2000000000,6.7900000000,-0.8656464406
114.1000000000,6.7950000000,-0.8535303081
114.0000000000,6.8000000000,-0.8412323641
113.9000000000,6.8050000000,-0.8287614250
113.8000000000,6.8100000000,-0.8161263535
113.7000000000,6.8150000000,-0.8033360478
113.6000000000,6.8200000000,-0.7903994312
113.5000000000,6.8250000000,-0.7773254428
113.4000000000,6.8300000000,-0.7641230264
113.3000000000,6.8350000000,-0.7508011212
113.2000000000,6.8400000000,-0.7373686519
113.1000000000,6.8450000000,-0.7238345189
113.0000000000,6.8500000000,-0.7102075890
112.9000000000,6.8550000000,-0.6964966857
112.8000000000,6.8600000000,-0.6827105804
112.7000000000,6.8650000000,-0.6688579835
112.6000000000,6.8700000000,-0.6549475352
112.5000000000,6.8750000000,-0.6409877975
112.4000000000,6.8800000000,-0.6269872457
112.3000000000,6.8850000000,-0.6129542601
112.2000000000,6.8900000000,-0.5988971189
112.1000000000,6.8950000000,-0.5848239898
112.0000000000,6.9000000000,-0.5707429236
111.9000000000,6.9050000000,-0.5566618464
111.8000000000,6.9100000000,-0.5425885536
111.7000000000,6.9150000000,-0.5285307031
111.6000000000,6.9200000000,-0.5144958093
111.5000000000,6.9250000000,-0.5004912373
111.4000000000,6.9300000000,-0.4865241973
111.3000000000,6.9350000000,-0.4726017396
111.2000000000,6.9400000000,-0.4587307497
111.1000000000,6.9450000000,-0.4449179435
111.0000000000,6.9500000000,-0.4311698633
110.9000000000,6.9550000000,-0.4174928738
110.8000000000,6.9600000000,-0.4038931583
110.7000000000,6.9650000000,-0.3903767160
110.6000000000,6.9700000000,-0.3769493583
110.5000000000,6.9750000000,-0.3636167065
110.4000000000,6.9800000000,-0.3503841895
110.3000000000,6.9850000000,-0.3372570418
110.2000000000,6.9900000000,-0.3242403015
110.1000000000,6.9950000000,-0.3113388092
110.0000000000,7.0000000000,-0.2985572067
109.9000000000,7.0050000000,-0.2858999363
109.8000000000,7.0100000000,-0.2733712403
109.7000000000,7.0150000000,-0.2609751604
109.6000000000,7.0200000000,-0.2487155384
109.5000000000,7.0250000000,-0.2365960159
109.4000000000,7.0300000000,-0.2246200353
109.3000000000,7.0350000000,-0.2127908403
109.2000000000,7.0400000000,-0.2011114773
109.1000000000,7.0450000000,-0.1895847967
109.0000000000,7.0500000000,-0.1782134543
108.9000000000,7.0550000000,-0.1669999131
108.8000000000,7.0600000000,-0.1559464457
108.7000000000,7.0650000000,-0.1450551361
108.6000000000,7.0700000000,-0.1343278823
108.5000000000,7.0750000000,-0.1237663991
108.4000000000,7.0800000000,-0.1133722206
108.3000000000,7.0850000000,-0.1031467036
108.2000000000,7.0900000000,-0.0930910303
108.1000000000,7.0950000000,-0.0832062120
108.0000000000,7.1000000000,-0.0734930923
107.9000000000,7.1050000000,-0.0639523509
107.8000000000,7.1100000000,-0.0545845072
107.7000000000,7.1150000000,-0.0453899241
107.6000000000,7.1200000000,-0.0363688122
107.5000000000,7.1250000000,-0.0275212336
107.4000000000,7.1300000000,-0.0188471059
107.3000000000,7.1350000000,-0.0103462070
107.2000000000,7.1400000000,-0.0020181787
107.1000000000,7.1450000000,0.0061374684
107.0000000000,7.1500000000,0.0141213508
106.9000000000,7.1550000000,0.0219342077
106.8000000000,7.1600000000,0.0295768963
106.7000000000,7.1650000000,0.0370503874
106.6000000000,7.1700000000,0.0443557608
106.5000000000,7.1750000000,0.0514942010
106.4000000000,7.1800000000,0.0584669923
106.3000000000,7.1850000000,0.0652755146
106.2000000000,7.1900000000,0.0719212388
106.1000000000,7.1950000000,0.0784057220
106.0000000000,7.2000000000,0.0847306035
105.9000000000,7.2050000000,0.0908975998
105.8000000000,7.2100000000,0.0969085009
105.7000000000,7.2150000000,0.1027651653
105.6000000000,7.2200000000,0.1084695159
105.5000000000,7.2250000000,0.1140235360
105.4000000000,7.2300000000,0.1194292646
105.3000000000,7.2350000000,0.1246887927
105.2000000000,7.2400000000,0.1298042591
105.1000000000,7.2450000000,0.1347778465
105.0000000000,7.2500000000,0.1396117772
104.9000000000,7.2550000000,0.1443083100
104.8000000000,7.2600000000,0.1488697356
104.7000000000,7.2650000000,0.1532983736
104.6000000000,7.2700000000,0.1575965689
104.5000000000,7.2750000000,0.1617666878
104.4000000000,7.2800000000,0.1658111149
104.3000000000,7.2850000000,0.1697322501
104.2000000000,7.2900000000,0.1735325048
104.1000000000,7.2950000000,0.1772142993
104.0000000000,7.3000000000,0.1807800599
103.9000000000,7.3050000000,0.1842322157
103.8000000000,7.3100000000,0.1875731959
103.7000000000,7.3150000000,0.1908054274
103.6000000000,7.3200000000,0.1939313320
103.5000000000,7.3250000000,0.1969533242
103.4000000000,7.3300000000,0.1998738084
103.3000000000,7.3350000000,0.2026951772
103.2000000000,7.3400000000,0.2054198091
103.1000000000,7.3450000000,0.2080500663
103.0000000000,7.3500000000,0.2105882929
102.9000000000,7.3550000000,0.2130368132
102.8000000000,7.3600000000,0.2153979296
102.7000000000,7.3650000000,0.2176739215
102.6000000000,7.3700000000,0.2198670435
102.5000000000,7.3750000000,0.2219795238
102.4000000000,7.3800000000,0.2240135634
102.3000000000,7.3850000000,0.2259713341
102.2000000000,7.3900000000,0.2278549782
102.1000000000,7.3950000000,0.2296666067
102.0000000000,7.4000000000,0.2314082989
101.9000000000,7.4050000000,0.2330821012
101.8000000000,7.4100000000,0.2346900262
101.7000000000,7.4150000000,0.2362340525
101.6000000000,7.4200000000,0.2377161234
101.5000000000,7.4250000000,0.2391381468
101.4000000000,7.4300000000,0.2405019945
101.3000000000,7.4350000000,0.2418095018
101.2000000000,7.4400000000,0.2430624674
101.1000000000,7.4450000000,0.2442626525
101.0000000000,7.4500000000,0.2454117812
100.9000000000,7.4550000000,0.2465115402
100.8000000000,7.4600000000,0.2475635783
100.7000000000,7.4650000000,0.2485695068
100.6000000000,7.4700000000,0.2495308995
100.5000000000,7.4750000000,0.2504492923
100.4000000000,7.4800000000,0.2513261838
100.3000000000,7.4850000000,0.2521630352
100.2000000000,7.4900000000,0.2529612705
100.1000000000,7.4950000000,0.2537222769
100.0000000000,7.5000000000,0.2544474048
99.9000000000,7.5050000000,0.2551379685
99.8000000000,7.5100000000,0.2557952459
99.7000000000,7.5150000000,0.2564204796
99.6000000000,7.5200000000,0.2570148771
99.5000000000,7.5250000000,0.2575796106
99.4000000000,7.5300000000,0.2581158186
99.3000000000,7.5350000000,0.2586246052
99.2000000000,7.5400000000,0.2591070416
99.1000000000,7.5450000000,0.2595641660
99.0000000000,7.5500000000,0.2599969842
98.9000000000,7.5550000000,0.2604064705
98.8000000000,7.5600000000,0.2607935679
98.7000000000,7.5650000000,0.2611591891
98.6000000000,7.5700000000,0.2615042164
98.5000000000,7.5750000000,0.2618295031
98.4000000000,7.5800000000,0.2621358736
98.3000000000,7.5850000000,0.2624241243
98.2000000000,7.5900000000,0.2626950240
98.1000000000,7.5950000000,0.2629493146
98.0000000000,7.6000000000,0.2631877118
97.9000000000,7.6050000000,0.2634109058
97.8000000000,7.6100000000,0.2636195616
97.7000000000,7.6150000000,0.2638143201
97.6000000000,7.6200000000,0.2639957984
97.5000000000,7.6250000000,0.2641645905
97.4000000000,7.6300000000,0.2643212680
97.3000000000,7.6350000000,0.2644663806
97.2000000000,7.6400000000,0.2646004570
97.1000000000,7.6450000000,0.2647240049
97.0000000000,7.6500000000,0.2648375124
96.9000000000,7.6550000000,0.2649414481
96.8000000000,7.6600000000,0.2650362617
96.7000000000,7.6650000000,0.2651223848
96.6000000000,7.6700000000,0.2652002313
96.5000000000,7.6750000000,0.2652701979
96.4000000000,7.6800000000,0.2653326650
96.3000000000,7.6850000000,0.2653879970
96.2000000000,7.6900000000,0.2654365425
96.1000000000,7.6950000000,0.2654786357
96.0000000000,7.7000000000,0.2655145960
95.9000000000,7.7050000000,0.2655447291
95.8000000000,7.7100000000,0.2655693273
95.7000000000,7.7150000000,0.2655886698
95.6000000000,7.7200000000,0.2656030234
95.5000000000,7.7250000000,0.2656126432
95.4000000000,7.7300000000,0.2656177723
95.3000000000,7.7350000000,0.2656186429
95.2000000000,7.7400000000,0.2656154766
95.1000000000,7.7450000000,0.2656084846
95.0000000000,7.7500000000,0.2655978683
94.9000000000,7.7550000000,0.2655838194
94.8000000000,7.7600000000,0.2655665209
94.7000000000,7.7650000000,0.2655461466
94.6000000000,7.7700000000,0.2655228624
94.5000000000,7.7750000000,0.2654968258
94.4000000000,7.7800000000,0.2654681867
94.3000000000,7.7850000000,0.2654370876
94.2000000000,7.7900000000,0.2654036641
94.1000000000,7.7950000000,0.2653680450
94.0000000000,7.8000000000,0.2653303523
93.9000000000,7.8050000000,0.2652907023
93.8000000000,7.8100000000,0.2652492052
93.7000000000,7.8150000000,0.2652059653
93.6000000000,7.8200000000,0.2651610820
93.5000000000,7.8250000000,0.2651146492
93.4000000000,7.8300000000,0.2650667559
93.3000000000,7.8350000000,0.2650174866
93.2000000000,7.8400000000,0.2649669212
93.1000000000,7.8450000000,0.2649151353
93.0000000000,7.8500000000,0.2648622007
92.9000000000,7.8550000000,0.2648081850
92.8000000000,7.8600000000,0.2647531523
92.7000000000,7.8650000000,0.2646971633
92.6000000000,7.8700000000,0.2646402751
92.5000000000,7.8750000000,0.2645825420
92.4000000000,7.8800000000,0.2645240149
92.3000000000,7.8850000000,0.2644647421
92.2000000000,7.8900000000,0.2644047692
92.1000000000,7.8950000000,0.2643441391
92.0000000000,7.9000000000,0.2642828923
91.9000000000,7.9050000000,0.2642210670
91.8000000000,7.9100000000,0.2641586992
91.7000000000,7.9150000000,0.2640958229
91.6000000000,7.9200000000,0.2640324699
91.5000000000,7.9250000000,0.2639686704
91.4000000000,7.9300000000,0.2639044526
91.3000000000,7.9350000000,0.2638398432
91.2000000000,7.9400000000,0.2637748673
91.1000000000,7.9450000000,0.2637095483
91.0000000000,7.9500000000,0.2636439086
90.9000000000,7.9550000000,0.2635779688
90.8000000000,7.9600000000,0.2635117485
90.7000000000,7.9650000000,0.2634452660
90.6000000000,7.9700000000,0.2633785387
90.5000000000,7.9750000000,0.2633115826
90.4000000000,7.9800000000,0.2632444129
90.3000000000,7.9850000000,0.2631770439
90.2000000000,7.9900000000,0.2631094888
90.1000000000,7.9950000000,0.2630417602
90.0000000000,8.0000000000,0.2629738697
89.9000000000,8.0050000000,0.2629058284
89.8000000000,8.0100000000,0.2628376465
89.7000000000,8.0150000000,0.2627693336
89.6000000000,8.0200000000,0.2627008986
89.5000000000,8.0250000000,0.2626323501
89.4000000000,8.0300000000,0.2625636957
89.3000000000,8.0350000000,0.2624949430
89.2000000000,8.0400000000,0.2624260987
89.1000000000,8.0450000000,0.2623571693
89.0000000000,8.0500000000,0.2622881607
88.9000000000,8.0550000000,0.2622190785
88.8000000000,8.0600000000,0.2621499280
88.7000000000,8.0650000000,0.2620807140
88.6000000000,8.0700000000,0.2620114410
88.5000000000,8.0750000000,0.2619421133
88.4000000000,8.0800000000,0.2618727348
88.3000000000,8.0850000000,0.2618033092
88.2000000000,8.0900000000,0.2617338399
88.1000000000,8.0950000000,0.2616643301
88.0000000000,8.1000000000,0.2615947827
87.9000000000,8.1050000000,0.2615252005
87.8000000000,8.1100000000,0.2614555861
87.7000000000,8.1150000000,0.2613859418
87.6000000000,8.1200000000,0.2613162699
87.5000000000,8.1250000000,0.2612465725
87.4000000000,8.1300000000,0.2611768513
87.3000000000,8.1350000000,0.2611071083
87.2000000000,8.1400000000,0.2610373450
87.1000000000,8.1450000000,0.2609675631
87.0000000000,8.1500000000,0.2608977638
86.9000000000,8.1550000000,0.2608279486
86.8000000000,8.1600000000,0.2607581187
86.7000000000,8.1650000000,0.2606882751
86.6000000000,8.1700000000,0.2606184189
86.5000000000,8.1750000000,0.2605485512
86.4000000000,8.1800000000,0.2604786728
86.3000000000,8.1850000000,0.2604087845
86.2000000000,8.1900000000,0.2603388871
86.1000000000,8.1950000000,0.2602689813
86.0000000000,8.2000000000,0.2601990678
85.9000000000,8.2050000000,0.2601291472
85.8000000000,8.2100000000,0.2600592201
85.7000000000,8.2150000000,0.2599892869
85.6000000000,8.2200000000,0.2599193482
85.5000000000,8.2250000000,0.2598494044
85.4000000000,8.2300000000,0.2597794559
85.3000000000,8.2350000000,0.2597095031
85.2000000000,8.2400000000,0.2596395463
85.1000000000,8.2450000000,0.2595695858
85.0000000000,8.2500000000,0.2594996221
84.9000000000,8.2550000000,0.2594296552
84.8000000000,8.2600000000,0.2593596855
84.7000000000,8.2650000000,0.2592897133
84.6000000000,8.2700000000,0.2592197387
84.5000000000,8.2750000000,0.2591497618
84.4000000000,8.2800000000,0.2590797830
84.3000000000,8.2850000000,0.2590098024
84.2000000000,8.2900000000,0.2589398201
84.1000000000,8.2950000000,0.2588698362
84.0000000000,8.3000000000,0.2587998510
83.9000000000,8.3050000000,0.2587298644
83.8000000000,8.3100000000,0.2586598767
83.7000000000,8.3150000000,0.2585898879
83.6000000000,8.3200000000,0.2585198981
83.5000000000,8.3250000000,0.2584499074
83.4000000000,8.3300000000,0.2583799159
83.3000000000,8.3350000000,0.2583099236
83.2000000000,8.3400000000,0.2582399306
83.1000000000,8.3450000000,0.2581699370
83.0000000000,8.3500000000,0.2580999428
82.9000000000,8.3550000000,0.2580299481
82.8000000000,8.3600000000,0.2579599530
82.7000000000,8.3650000000,0.2578899574
82.6000000000,8.3700000000,0.2578199613
82.5000000000,8.3750000000,0.2577499650
82.4000000000,8.3800000000,0.2576799683
82.3000000000,8.3850000000,0.2576099713
82.2000000000,8.3900000000,0.2575399740
82.1000000000,8.3950000000,0.2574699764
82.0000000000,8.4000000000,0.2573999787
81.9000000000,8.4050000000,0.2573299807
81.8000000000,8.4100000000,0.2572599826
81.7000000000,8.4150000000,0.2571899842
81.6000000000,8.4200000000,0.2571199857
81.5000000000,8.4250000000,0.2570499871
81.4000000000,8.4300000000,0.2569799884
81.3000000000,8.4350000000,0.2569099895
81.2000000000,8.4400000000,0.2568399905
81.1000000000,8.4450000000,0.2567699914
81.0000000000,8.4500000000,0.2566999923
80.9000000000,8.4550000000,0.2566299930
80.8000000000,8.4600000000,0.2565599937
80.7000000000,8.4650000000,0.2564899943
80.6000000000,8.4700000000,0.2564199949
80.5000000000,8.4750000000,0.2563499954
80.4000000000,8.4800000000,0.2562799958
80.3000000000,8.4850000000,0.2562099963
80.2000000000,8.4900000000,0.2561399966
80.1000000000,8.4950000000,0.2560699970
80.0000000000,8.5000000000,0.2559999973
79.9000000000,8.5050000000,0.2559299975
79.8000000000,8.5100000000,0.2558599978
79.7000000000,8.5150000000,0.2557899980
79.6000000000,8.5200000000,0.2557199982
79.5000000000,8.5250000000,0.2556499984
79.4000000000,8.5300000000,0.2555799986
79.3000000000,8.5350000000,0.2555099987
79.2000000000,8.5400000000,0.2554399988
79.1000000000,8.5450000000,0.2553699990
79.0000000000,8.5500000000,0.2552999991
78.9000000000,8.5550000000,0.2552299992
78.8000000000,8.5600000000,0.2551599992
78.7000000000,8.5650000000,0.2550899993
78.6000000000,8.5700000000,0.2550199994
78.5000000000,8.5750000000,0.2549499995
78.4000000000,8.5800000000,0.2548799995
78.3000000000,8.5850000000,0.2548099996
78.2000000000,8.5900000000,0.2547399996
78.1000000000,8.5950000000,0.2546699997
78.0000000000,8.6000000000,0.2545999997
77.9000000000,8.6050000000,0.2545299997
77.8000000000,8.6100000000,0.2544599997
77.7000000000,8.6150000000,0.2543899998
77.6000000000,8.6200000000,0.2543199998
77.5000000000,8.6250000000,0.2542499998
77.4000000000,8.6300000000,0.2541799998
77.3000000000,8.6350000000,0.2541099999
77.2000000000,8.6400000000,0.2540399999
77.1000000000,8.6450000000,0.2539699999
77.0000000000,8.6500000000,0.2538999999
76.9000000000,8.6550000000,0.2538299999
76.8000000000,8.6600000000,0.2537599999
76.7000000000,8.6650000000,0.2536899999
76.6000000000,8.6700000000,0.2536199999
76.5000000000,8.6750000000,0.2535499999
76.4000000000,8.6800000000,0.2534799999
76.3000000000,8.6850000000,0.2534100000
76.2000000000,8.6900000000,0.2533400000
76.1000000000,8.6950000000,0.2532700000
76.0000000000,8.7000000000,0.2532000000
75.9000000000,8.7050000000,0.2531300000
75.8000000000,8.7100000000,0.2530600000
75.7000000000,8.7150000000,0.2529900000
75.6000000000,8.7200000000,0.2529200000
75.5000000000,8.7250000000,0.2528500000
75.4000000000,8.7300000000,0.2527800000
75.3000000000,8.7350000000,0.2527100000
75.2000000000,8.7400000000,0.2526400000
75.1000000000,8.7450000000,0.2525700000
75.0000000000,8.7500000000,0.2525000000
74.9000000000,8.7550000000,0.2524300000
74.8000000000,8.7600000000,0.2523600000
74.7000000000,8.7650000000,0.2522900000
74.6000000000,8.7700000000,0.2522200000
74.5000000000,8.7750000000,0.2521500000
74.4000000000,8.7800000000,0.2520800000
74.3000000000,8.7850000000,0.2520100000
74.2000000000,8.7900000000,0.2519400000
74.1000000000,8.7950000000,0.2518700000
74.0000000000,8.8000000000,0.2518000000
73.9000000000,8.8050000000,0.2517300000
73.8000000000,8.8100000000,0.2516600000
73.7000000000,8.8150000000,0.2515900000
73.6000000000,8.8200000000,0.2515200000
73.5000000000,8.8250000000,0.2514500000
73.4000000000,8.8300000000,0.2513800000
73.3000000000,8.8350000000,0.2513100000
73.2000000000,8.8400000000,0.2512400000
73.1000000000,8.8450000000,0.2511700000
73.0000000000,8.8500000000,0.2511000000
72.9000000000,8.8550000000,0.2510300000
72.8000000000,8.8600000000,0.2509600000
72.7000000000,8.8650000000,0.2508900000
72.6000000000,8.8700000000,0.2508200000
72.5000000000,8.8750000000,0.2507500000
72.4000000000,8.8800000000,0.2506800000
72.3000000000,8.8850000000,0.2506100000
72.2000000000,8.8900000000,0.2505400000
72.1000000000,8.8950000000,0.2504700000
72.0000000000,8.9000000000,0.2504000000
71.9000000000,8.9050000000,0.2503300000
71.8000000000,8.9100000000,0.2502600000
71.7000000000,8.9150000000,0.2501900000
71.6000000000,8.9200000000,0.2501200000
71.5000000000,8.9250000000,0.2500500000
71.4000000000,8.9300000000,0.2499800000
71.3000000000,8.9350000000,0.2499100000
71.2000000000,8.9400000000,0.2498400000
71.1000000000,8.9450000000,0.2497700000
71.0000000000,8.9500000000,0.2497000000
70.9000000000,8.9550000000,0.2496300000
70.8000000000,8.9600000000,0.2495600000
70.7000000000,8.9650000000,0.2494900000
70.6000000000,8.9700000000,0.2494200000
70.5000000000,8.9750000000,0.2493500000
70.4000000000,8.9800000000,0.2492800000
70.3000000000,8.9850000000,0.2492100000
70.2000000000,8.9900000000,0.2491400000
70.1000000000,8.9950000000,0.2490700000
70.0000000000,9.0000000000,0.2490000000
69.9000000000,9.0050000000,0.2489300000
69.8000000000,9.0100000000,0.2488600000
69.7000000000,9.0150000000,0.2487900000
69.6000000000,9.0200000000,0.2487200000
69.5000000000,9.0250000000,0.2486500000
69.4000000000,9.0300000000,0.2485800000
69.3000000000,9.0350000000,0.2485100000
69.2000000000,9.0400000000,0.2484400000
69.1000000000,9.0450000000,0.2483700000
69.0000000000,9.0500000000,0.2483000000
68.9000000000,9.0550000000,0.2482300000
68.8000000000,9.0600000000,0.2481600000
68.7000000000,9.0650000000,0.2480900000
68.6000000000,9.0700000000,0.2480200000
68.5000000000,9.0750000000,0.2479500000
68.4000000000,9.0800000000,0.2478800000
68.3000000000,9.0850000000,0.2478100000
68.2000000000,9.0900000000,0.2477400000
68.1000000000,9.0950000000,0.2476700000
68.0000000000,9.1000000000,0.2476000000
67.9000000000,9.1050000000,0.2475300000
67.8000000000,9.1100000000,0.2474600000
67.7000000000,9.1150000000,0.2473900000
67.6000000000,9.1200000000,0.2473200000
67.5000000000,9.1250000000,0.2472500000
67.4000000000,9.1300000000,0.2471800000
67.3000000000,9.1350000000,0.2471100000
67.2000000000,9.1400000000,0.2470400000
67.1000000000,9.1450000000,0.2469700000
67.0000000000,9.1500000000,0.2469000000
66.9000000000,9.1550000000,0.2468300000
66.8000000000,9.1600000000,0.2467600000
66.7000000000,9.1650000000,0.2466900000
66.6000000000,9.1700000000,0.2466200000
66.5000000000,9.1750000000,0.2465500000
66.4000000000,9.1800000000,0.2464800000
66.3000000000,9.1850000000,0.2464100000
66.2000000000,9.1900000000,0.2463400000
66.1000000000,9.1950000000,0.2462700000
66.0000000000,9.2000000000,0.2462000000
65.9000000000,9.2050000000,0.2461300000
65.8000000000,9.2100000000,0.2460600000
65.7000000000,9.2150000000,0.2459900000
65.6000000000,9.2200000000,0.2459200000
65.5000000000,9.2250000000,0.2458500000
65.4000000000,9.2300000000,0.2457800000
65.3000000000,9.2350000000,0.2457100000
65.2000000000,9.2400000000,0.2456400000
65.1000000000,9.2450000000,0.2455700000
65.0000000000,9.2500000000,0.2455000000
64.9000000000,9.2550000000,0.2454300000
64.8000000000,9.2600000000,0.2453600000
64.7000000000,9.2650000000,0.2452900000
64.6000000000,9.2700000000,0.2452200000
64.5000000000,9.2750000000,0.2451500000
64.4000000000,9.2800000000,0.2450800000
64.3000000000,9.2850000000,0.2450100000
64.2000000000,9.2900000000,0.2449400000
64.1000000000,9.2950000000,0.2448700000
64.0000000000,9.3000000000,0.2448000000
63.9000000000,9.3050000000,0.2447300000
63.8000000000,9.3100000000,0.2446600000
63.7000000000,9.3150000000,0.2445900000
63.6000000000,9.3200000000,0.2445200000
63.5000000000,9.3250000000,0.2444500000
63.4000000000,9.3300000000,0.2443800000
63.3000000000,9.3350000000,0.2443100000
63.2000000000,9.3400000000,0.2442400000
63.1000000000,9.3450000000,0.2441700000
63.0000000000,9.3500000000,0.2441000000
62.9000000000,9.3550000000,0.2440300000
62.8000000000,9.3600000000,0.2439600000
62.7000000000,9.3650000000,0.2438900000
62.6000000000,9.3700000000,0.2438200000
62.5000000000,9.3750000000,0.2437500000
62.4000000000,9.3800000000,0.2436800000
62.3000000000,9.3850000000,0.2436100000
62.2000000000,9.3900000000,0.2435400000
62.1000000000,9.3950000000,0.2434700000
62.0000000000,9.4000000000,0.2434000000
61.9000000000,9.4050000000,0.2433300000
61.8000000000,9.4100000000,0.2432600000
61.7000000000,9.4150000000,0.2431900000
61.6000000000,9.4200000000,0.2431200000
61.5000000000,9.4250000000,0.2430500000
61.4000000000,9.4300000000,0.2429800000
61.3000000000,9.4350000000,0.2429100000
61.2000000000,9.4400000000,0.2428400000
61.1000000000,9.4450000000,0.2427700000
61.0000000000,9.4500000000,0.2427000000
60.9000000000,9.4550000000,0.2426300000
60.8000000000,9.4600000000,0.2425600000
60.7000000000,9.4650000000,0.2424900000
60.6000000000,9.4700000000,0.2424200000
60.5000000000,9.4750000000,0.2423500000
60.4000000000,9.4800000000,0.2422800000
60.3000000000,9.4850000000,0.2422100000
60.2000000000,9.4900000000,0.2421400000
60.1000000000,9.4950000000,0.2420700000
60.0000000000,9.5000000000,0.2420000000
59.9000000000,9.5050000000,0.2419300000
59.8000000000,9.5100000000,0.2418600000
59.7000000000,9.5150000000,0.2417900000
59.6000000000,9.5200000000,0.2417200000
59.5000000000,9.5250000000,0.2416500000
59.4000000000,9.5300000000,0.2415800000
59.3000000000,9.5350000000,0.2415100000
59.2000000000,9.5400000000,0.2414400000
59.1000000000,9.5450000000,0.2413700000
59.0000000000,9.5500000000,0.2413000000
58.9000000000,9.5550000000,0.2412300000
58.8000000000,9.5600000000,0.2411600000
58.7000000000,9.5650000000,0.2410900000
58.6000000000,9.5700000000,0.2410200000
58.5000000000,9.5750000000,0.2409500000
58.4000000000,9.5800000000,0.2408800000
58.3000000000,9.5850000000,0.2408100000
58.2000000000,9.5900000000,0.2407400000
58.1000000000,9.5950000000,0.2406700000
58.0000000000,9.6000000000,0.2406000000
57.9000000000,9.6050000000,0.2405300000
57.8000000000,9.6100000000,0.2404600000
57.7000000000,9.6150000000,0.2403900000
57.6000000000,9.6200000000,0.2403200000
57.5000000000,9.6250000000,0.2402500000
57.4000000000,9.6300000000,0.2401800000
57.3000000000,9.6350000000,0.2401100000
57.2000000000,9.6400000000,0.2400400000
57.1000000000,9.6450000000,0.2399700000
57.0000000000,9.6500000000,0.2399000000
56.9000000000,9.6550000000,0.2398300000
56.8000000000,9.6600000000,0.2397600000
56.7000000000,9.6650000000,0.2396900000
56.6000000000,9.6700000000,0.2396200000
56.5000000000,9.6750000000,0.2395500000
56.4000000000,9.6800000000,0.2394800000
56.3000000000,9.6850000000,0.2394100000
56.2000000000,9.6900000000,0.2393400000
56.1000000000,9.6950000000,0.2392700000
56.0000000000,9.7000000000,0.2392000000
55.9000000000,9.7050000000,0.2391300000
55.8000000000,9.7100000000,0.2390600000
55.7000000000,9.7150000000,0.2389900000
55.6000000000,9.7200000000,0.2389200000
55.5000000000,9.7250000000,0.2388500000
55.4000000000,9.7300000000,0.2387800000
55.3000000000,9.7350000000,0.2387100000
55.2000000000,9.7400000000,0.2386400000
55.1000000000,9.7450000000,0.2385700000
55.0000000000,9.7500000000,0.2385000000
54.9000000000,9.7550000000,0.2384300000
54.8000000000,9.7600000000,0.2383600000
54.7000000000,9.7650000000,0.2382900000
54.6000000000,9.7700000000,0.2382200000
54.5000000000,9.7750000000,0.2381500000
54.4000000000,9.7800000000,0.2380800000
54.3000000000,9.7850000000,0.2380100000
54.2000000000,9.7900000000,0.2379400000
54.1000000000,9.7950000000,0.2378700000
54.0000000000,9.8000000000,0.2378000000
53.9000000000,9.8050000000,0.2377300000
53.8000000000,9.8100000000,0.2376600000
53.7000000000,9.8150000000,0.2375900000
53.6000000000,9.8200000000,0.2375200000
53.5000000000,9.8250000000,0.2374500000
53.4000000000,9.8300000000,0.2373800000
53.3000000000,9.8350000000,0.2373100000
53.2000000000,9.8400000000,0.2372400000
53.1000000000,9.8450000000,0.2371700000
53.0000000000,9.8500000000,0.2371000000
52.9000000000,9.8550000000,0.2370300000
52.8000000000,9.8600000000,0.2369600000
52.7000000000,9.8650000000,0.2368900000
52.6000000000,9.8700000000,0.2368200000
52.5000000000,9.8750000000,0.2367500000
52.4000000000,9.8800000000,0.2366800000
52.3000000000,9.8850000000,0.2366100000
52.2000000000,9.8900000000,0.2365400000
52.1000000000,9.8950000000,0.2364700000
52.0000000000,9.9000000000,0.2364000000
51.9000000000,9.9050000000,0.2363300000
51.8000000000,9.9100000000,0.2362600000
51.7000000000,9.9150000000,0.2361900000
51.6000000000,9.9200000000,0.2361200000
51.5000000000,9.9250000000,0.2360500000
51.4000000000,9.9300000000,0.2359800000
51.3000000000,9.9350000000,0.2359100000
51.2000000000,9.9400000000,0.2358400000
51.1000000000,9.9450000000,0.2357700000
51.0000000000,9.9500000000,0.2357000000
50.9000000000,9.9550000000,0.2356300000
50.8000000000,9.9600000000,0.2355600000
50.7000000000,9.9650000000,0.2354900000
50.6000000000,9.9700000000,0.2354200000
50.5000000000,9.9750000000,0.2353500000
50.4000000000,9.9800000000,0.2352800000
50.3000000000,9.9850000000,0.2352100000
50.2000000000,9.9900000000,0.2351400000
50.1000000000,9.9950000000,0.2350700000
50.0000000000,10.0000000000,0.2350000000
49.9000000000,10.0050000000,0.2349300000
49.8000000000,10.0100000000,0.2348600000
49.7000000000,10.0150000000,0.2347900000
49.6000000000,10.0200000000,0.2347200000
49.5000000000,10.0250000000,0.2346500000
49.4000000000,10.0300000000,0.2345800000
49.3000000000,10.0350000000,0.2345100000
49.2000000000,10.0400000000,0.2344400000
49.1000000000,10.0450000000,0.2343700000
49.0000000000,10.0500000000,0.2343000000
48.9000000000,10.0550000000,0.2342300000
48.8000000000,10.0600000000,0.2341600000
48.7000000000,10.0650000000,0.2340900000
48.6000000000,10.0700000000,0.2340200000
48.5000000000,10.0750000000,0.2339500000
48.4000000000,10.0800000000,0.2338800000
48.3000000000,10.0850000000,0.2338100000
48.2000000000,10.0900000000,0.2337400000
48.1000000000,10.0950000000,0.2336700000
48.0000000000,10.1000000000,0.2336000000
47.9000000000,10.1050000000,0.2335300000
47.8000000000,10.1100000000,0.2334600000
47.7000000000,10.1150000000,0.2333900000
47.6000000000,10.1200000000,0.2333200000
47.5000000000,10.1250000000,0.2332500000
47.4000000000,10.1300000000,0.2331800000
47.3000000000,10.1350000000,0.2331100000
47.2000000000,10.1400000000,0.2330400000
47.1000000000,10.1450000000,0.2329700000
47.0000000000,10.1500000000,0.2329000000
46.9000000000,10.1550000000,0.2328300000
46.8000000000,10.1600000000,0.2327600000
46.7000000000,10.1650000000,0.2326900000
46.6000000000,10.1700000000,0.2326200000
46.5000000000,10.1750000000,0.2325500000
46.4000000000,10.1800000000,0.2324800000
46.3000000000,10.1850000000,0.2324100000
46.2000000000,10.1900000000,0.2323400000
46.1000000000,10.1950000000,0.2322700000
46.0000000000,10.2000000000,0.2322000000
45.9000000000,10.2050000000,0.2321300000
45.8000000000,10.2100000000,0.2320600000
45.7000000000,10.2150000000,0.2319900000
45.6000000000,10.2200000000,0.2319200000
45.5000000000,10.2250000000,0.2318500000
45.4000000000,10.2300000000,0.2317800000
45.3000000000,10.2350000000,0.2317100000
45.2000000000,10.2400000000,0.2316400000
45.1000000000,10.2450000000,0.2315700000
45.0000000000,10.2500000000,0.2315000000
44.9000000000,10.2550000000,0.2314300000
44.8000000000,10.2600000000,0.2313600000
44.7000000000,10.2650000000,0.2312900000
44.6000000000,10.2700000000,0.2312200000
44.5000000000,10.2750000000,0.2311500000
44.4000000000,10.2800000000,0.2310800000
44.3000000000,10.2850000000,0.2310100000
44.2000000000,10.2900000000,0.2309400000
44.1000000000,10.2950000000,0.2308700000
44.0000000000,10.3000000000,0.2308000000
43.9000000000,10.3050000000,0.2307300000
43.8000000000,10.3100000000,0.2306600000
43.7000000000,10.3150000000,0.2305900000
43.6000000000,10.3200000000,0.2305200000
43.5000000000,10.3250000000,0.2304500000
43.4000000000,10.3300000000,0.2303800000
43.3000000000,10.3350000000,0.2303100000
43.2000000000,10.3400000000,0.2302400000
43.1000000000,10.3450000000,0.2301700000
43.0000000000,10.3500000000,0.2301000000
42.9000000000,10.3550000000,0.2300300000
42.8000000000,10.3600000000,0.2299600000
42.7000000000,10.3650000000,0.2298900000
42.6000000000,10.3700000000,0.2298200000
42.5000000000,10.3750000000,0.2297500000
42.4000000000,10.3800000000,0.2296800000
42.3000000000,10.3850000000,0.2296100000
42.2000000000,10.3900000000,0.2295400000
42.1000000000,10.3950000000,0.2294700000
42.0000000000,10.4000000000,0.2294000000
41.9000000000,10.4050000000,0.2293300000
41.8000000000,10.4100000000,0.2292600000
41.7000000000,10.4150000000,0.2291900000
41.6000000000,10.4200000000,0.2291200000
41.5000000000,10.4250000000,0.2290500000
41.4000000000,10.4300000000,0.2289800000
41.3000000000,10.4350000000,0.2289100000
41.2000000000,10.4400000000,0.2288400000
41.1000000000,10.4450000000,0.2287700000
41.0000000000,10.4500000000,0.2287000000
40.9000000000,10.4550000000,0.2286300000
40.8000000000,10.4600000000,0.2285600000
40.7000000000,10.4650000000,0.2284900000
40.6000000000,10.4700000000,0.2284200000
40.5000000000,10.4750000000,0.2283500000
40.4000000000,10.4800000000,0.2282800000
40.3000000000,10.4850000000,0.2282100000
40.2000000000,10.4900000000,0.2281400000
40.1000000000,10.4950000000,0.2280700000
40.0000000000,10.5000000000,0.2280000000
39.9000000000,10.5050000000,0.2279300000
39.8000000000,10.5100000000,0.2278600000
39.7000000000,10.5150000000,0.2277900000
39.6000000000,10.5200000000,0.2277200000
39.5000000000,10.5250000000,0.2276500000
39.4000000000,10.5300000000,0.2275800000
39.3000000000,10.5350000000,0.2275100000
39.2000000000,10.5400000000,0.2274400000
39.1000000000,10.5450000000,0.2273700000
39.0000000000,10.5500000000,0.2273000000
38.9000000000,10.5550000000,0.2272300000
38.8000000000,10.5600000000,0.2271600000
38.7000000000,10.5650000000,0.2270900000
38.6000000000,10.5700000000,0.2270200000
38.5000000000,10.5750000000,0.2269500000
38.4000000000,10.5800000000,0.2268800000
38.3000000000,10.5850000000,0.2268100000
38.2000000000,10.5900000000,0.2267400000
38.1000000000,10.5950000000,0.2266700000
38.0000000000,10.6000000000,0.2266000000
37.9000000000,10.6050000000,0.2265300000
37.8000000000,10.6100000000,0.2264600000
37.7000000000,10.6150000000,0.2263900000
37.6000000000,10.6200000000,0.2263200000
37.5000000000,10.6250000000,0.2262500000
37.4000000000,10.6300000000,0.2261800000
37.3000000000,10.6350000000,0.2261100000
37.2000000000,10.6400000000,0.2260400000
37.1000000000,10.6450000000,0.2259700000
37.0000000000,10.6500000000,0.2259000000
36.9000000000,10.6550000000,0.2258300000
36.8000000000,10.6600000000,0.2257600000
36.7000000000,10.6650000000,0.2256900000
36.6000000000,10.6700000000,0.2256200000
36.5000000000,10.6750000000,0.2255500000
36.4000000000,10.6800000000,0.2254800000
36.3000000000,10.6850000000,0.2254100000
36.2000000000,10.6900000000,0.2253400000
36.1000000000,10.6950000000,0.2252700000
36.0000000000,10.7000000000,0.2252000000
35.9000000000,10.7050000000,0.2251300000
35.8000000000,10.7100000000,0.2250600000
35.7000000000,10.7150000000,0.2249900000
35.6000000000,10.7200000000,0.2249200000
35.5000000000,10.7250000000,0.2248500000
35.4000000000,10.7300000000,0.2247800000
35.3000000000,10.7350000000,0.2247100000
35.2000000000,10.7400000000,0.2246400000
35.1000000000,10.7450000000,0.2245700000
35.0000000000,10.7500000000,0.2245000000
34.9000000000,10.7550000000,0.2244300000
34.8000000000,10.7600000000,0.2243600000
34.7000000000,10.7650000000,0.2242900000
34.6000000000,10.7700000000,0.2242200000
34.5000000000,10.7750000000,0.2241500000
34.4000000000,10.7800000000,0.2240800000
34.3000000000,10.7850000000,0.2240100000
34.2000000000,10.7900000000,0.2239400000
34.1000000000,10.7950000000,0.2238700000
34.0000000000,10.8000000000,0.2238000000
33.9000000000,10.8050000000,0.2237300000
33.8000000000,10.8100000000,0.2236600000
33.7000000000,10.8150000000,0.2235900000
33.6000000000,10.8200000000,0.2235200000
33.5000000000,10.8250000000,0.2234500000
33.4000000000,10.8300000000,0.2233800000
33.3000000000,10.8350000000,0.2233100000
33.2000000000,10.8400000000,0.2232400000
33.1000000000,10.8450000000,0.2231700000
33.0000000000,10.8500000000,0.2231000000
32.9000000000,10.8550000000,0.2230300000
32.8000000000,10.8600000000,0.2229600000
32.7000000000,10.8650000000,0.2228900000
32.6000000000,10.8700000000,0.2228200000
32.5000000000,10.8750000000,0.2227500000
32.4000000000,10.8800000000,0.2226800000
32.3000000000,10.8850000000,0.2226100000
32.2000000000,10.8900000000,0.2225400000
32.1000000000,10.8950000000,0.2224700000
32.0000000000,10.9000000000,0.2224000000
31.9000000000,10.9050000000,0.2223300000
31.8000000000,10.9100000000,0.2222600000
31.7000000000,10.9150000000,0.2221900000
31.6000000000,10.9200000000,0.2221200000
31.5000000000,10.9250000000,0.2220500000
31.4000000000,10.9300000000,0.2219800000
31.3000000000,10.9350000000,0.2219100000
31.2000000000,10.9400000000,0.2218400000
31.1000000000,10.9450000000,0.2217700000
31.0000000000,10.9500000000,0.2217000000
30.9000000000,10.9550000000,0.2216300000
30.8000000000,10.9600000000,0.2215600000
30.7000000000,10.9650000000,0.2214900000
30.6000000000,10.9700000000,0.2214200000
30.5000000000,10.9750000000,0.2213500000
30.4000000000,10.9800000000,0.2212800000
30.3000000000,10.9850000000,0.2212100000
30.2000000000,10.9900000000,0.2211400000
30.1000000000,10.9950000000,0.2210700000
30.0000000000,11.0000000000,0.2210000000
29.9000000000,11.0050000000,0.2209300000
29.8000000000,11.0100000000,0.2208600000
29.7000000000,11.0150000000,0.2207900000
29.6000000000,11.0200000000,0.2207200000
29.5000000000,11.0250000000,0.2206500000
29.4000000000,11.0300000000,0.2205800000
29.3000000000,11.0350000000,0.2205100000
29.2000000000,11.0400000000,0.2204400000
29.1000000000,11.0450000000,0.2203700000
29.0000000000,11.0500000000,0.2203000000
28.9000000000,11.0550000000,0.2202300000
28.8000000000,11.0600000000,0.2201600000
28.7000000000,11.0650000000,0.2200900000
28.6000000000,11.0700000000,0.2200200000
28.5000000000,11.0750000000,0.2199500000
28.4000000000,11.0800000000,0.2198800000
28.3000000000,11.0850000000,0.2198100000
28.2000000000,11.0900000000,0.2197400000
28.1000000000,11.0950000000,0.2196700000
28.0000000000,11.1000000000,0.2196000000
27.9000000000,11.1050000000,0.2195300000
27.8000000000,11.1100000000,0.2194600000
27.7000000000,11.1150000000,0.2193900000
27.6000000000,11.1200000000,0.2193200000
27.5000000000,11.1250000000,0.2192500000
27.4000000000,11.1300000000,0.2191800000
27.3000000000,11.1350000000,0.2191100000
27.2000000000,11.1400000000,0.2190400000
27.1000000000,11.1450000000,0.2189700000
27.0000000000,11.1500000000,0.2189000000
26.9000000000,11.1550000000,0.2188300000
26.8000000000,11.1600000000,0.2187600000
26.7000000000,11.1650000000,0.2186900000
26.6000000000,11.1700000000,0.2186200000
26.5000000000,11.1750000000,0.2185500000
26.4000000000,11.1800000000,0.2184800000
26.3000000000,11.1850000000,0.2184100000
26.2000000000,11.1900000000,0.2183400000
26.1000000000,11.1950000000,0.2182700000
26.0000000000,11.2000000000,0.2182000000
25.9000000000,11.2050000000,0.2181300000
25.8000000000,11.2100000000,0.2180600000
25.7000000000,11.2150000000,0.2179900000
25.6000000000,11.2200000000,0.2179200000
25.5000000000,11.2250000000,0.2178500000
25.4000000000,11.2300000000,0.2177800000
25.3000000000,11.2350000000,0.2177100000
25.2000000000,11.2400000000,0.2176400000
25.1000000000,11.2450000000,0.2175700000
25.0000000000,11.2500000000,0.2175000000
24.9000000000,11.2550000000,0.2174300000
24.8000000000,11.2600000000,0.2173600000
24.7000000000,11.2650000000,0.2172900000
24.6000000000,11.2700000000,0.2172200000
24.5000000000,11.2750000000,0.2171500000
24.4000000000,11.2800000000,0.2170800000
24.3000000000,11.2850000000,0.2170100000
24.2000000000,11.2900000000,0.2169400000
24.1000000000,11.2950000000,0.2168700000
24.0000000000,11.3000000000,0.2168000000
23.9000000000,11.3050000000,0.2167300000
23.8000000000,11.3100000000,0.2166600000
23.7000000000,11.3150000000,0.2165900000
23.6000000000,11.3200000000,0.2165200000
23.5000000000,11.3250000000,0.2164500000
23.4000000000,11.3300000000,0.2163800000
23.3000000000,11.3350000000,0.2163100000
23.2000000000,11.3400000000,0.2162400000
23.1000000000,11.3450000000,0.2161700000
23.0000000000,11.3500000000,0.2161000000
22.9000000000,11.3550000000,0.2160300000
22.8000000000,11.3600000000,0.2159600000
22.7000000000,11.3650000000,0.2158900000
22.6000000000,11.3700000000,0.2158200000
22.5000000000,11.3750000000,0.2157500000
22.4000000000,11.3800000000,0.2156800000
22.3000000000,11.3850000000,0.2156100000
22.2000000000,11.3900000000,0.2155400000
22.1000000000,11.3950000000,0.2154700000
22.0000000000,11.4000000000,0.2154000000
21.9000000000,11.4050000000,0.2153300000
21.8000000000,11.4100000000,0.2152600000
21.7000000000,11.4150000000,0.2151900000
21.6000000000,11.4200000000,0.2151200000
21.5000000000,11.4250000000,0.2150500000
21.4000000000,11.4300000000,0.2149800000
21.3000000000,11.4350000000,0.2149100000
21.2000000000,11.4400000000,0.2148400000
21.1000000000,11.4450000000,0.2147700000
21.0000000000,11.4500000000,0.2147000000
20.9000000000,11.4550000000,0.2146300000
20.8000000000,11.4600000000,0.2145600000
20.7000000000,11.4650000000,0.2144900000
20.6000000000,11.4700000000,0.2144200000
20.5000000000,11.4750000000,0.2143500000
20.4000000000,11.4800000000,0.2142800000
20.3000000000,11.4850000000,0.2142100000
20.2000000000,11.4900000000,0.2141400000
20.1000000000,11.4950000000,0.2140700000
20.0000000000,11.5000000000,0.2140000000
19.9000000000,11.5050000000,0.2139300000
19.8000000000,11.5100000000,0.2138600000
19.7000000000,11.5150000000,0.2137900000
19.6000000000,11.5200000000,0.2137200000
19.5000000000,11.5250000000,0.2136500000
19.4000000000,11.5300000000,0.2135800000
19.3000000000,11.5350000000,0.2135100000
19.2000000000,11.5400000000,0.2134400000
19.1000000000,11.5450000000,0.2133700000
19.0000000000,11.5500000000,0.2133000000
18.9000000000,11.5550000000,0.2132300000
18.8000000000,11.5600000000,0.2131600000
18.7000000000,11.5650000000,0.2130900000
18.6000000000,11.5700000000,0.2130200000
18.5000000000,11.5750000000,0.2129500000
18.4000000000,11.5800000000,0.2128800000
18.3000000000,11.5850000000,0.2128100000
18.2000000000,11.5900000000,0.2127400000
18.1000000000,11.5950000000,0.2126700000
18.0000000000,11.6000000000,0.2126000000
17.9000000000,11.6050000000,0.2125300000
17.8000000000,11.6100000000,0.2124600000
17.7000000000,11.6150000000,0.2123900000
17.6000000000,11.6200000000,0.2123200000
17.5000000000,11.6250000000,0.2122500000
17.4000000000,11.6300000000,0.2121800000
17.3000000000,11.6350000000,0.2121100000
17.2000000000,11.6400000000,0.2120400000
17.1000000000,11.6450000000,0.2119700000
17.0000000000,11.6500000000,0.2119000000
16.9000000000,11.6550000000,0.2118300000
16.8000000000,11.6600000000,0.2117600000
16.7000000000,11.6650000000,0.2116900000
16.6000000000,11.6700000000,0.2116200000
16.5000000000,11.6750000000,0.2115500000
16.4000000000,11.6800000000,0.2114800000
16.3000000000,11.6850000000,0.2114100000
16.2000000000,11.6900000000,0.2113400000
16.1000000000,11.6950000000,0.2112700000
16.0000000000,11.7000000000,0.2112000000
15.9000000000,11.7050000000,0.2111300000
15.8000000000,11.7100000000,0.2110600000
15.7000000000,11.7150000000,0.2109900000
15.6000000000,11.7200000000,0.2109200000
15.5000000000,11.7250000000,0.2108500000
15.4000000000,11.7300000000,0.2107800000
15.3000000000,11.7350000000,0.2107100000
15.2000000000,11.7400000000,0.2106400000
15.1000000000,11.7450000000,0.2105700000
15.0000000000,11.7500000000,0.2105000000
14.9000000000,11.7550000000,0.2104300000
14.8000000000,11.7600000000,0.2103600000
14.7000000000,11.7650000000,0.2102900000
14.6000000000,11.7700000000,0.2102200000
14.5000000000,11.7750000000,0.2101500000
14.4000000000,11.7800000000,0.2100800000
14.3000000000,11.7850000000,0.2100100000
14.2000000000,11.7900000000,0.2099400000
14.1000000000,11.7950000000,0.2098700000
14.0000000000,11.8000000000,0.2098000000
13.9000000000,11.8050000000,0.2097300000
13.8000000000,11.8100000000,0.2096600000
13.7000000000,11.8150000000,0.2095900000
13.6000000000,11.8200000000,0.2095200000
13.5000000000,11.8250000000,0.2094500000
13.4000000000,11.8300000000,0.2093800000
13.3000000000,11.8350000000,0.2093100000
13.2000000000,11.8400000000,0.2092400000
13.1000000000,11.8450000000,0.2091700000
13.0000000000,11.8500000000,0.2091000000
12.9000000000,11.8550000000,0.2090300000
12.8000000000,11.8600000000,0.2089600000
12.7000000000,11.8650000000,0.2088900000
12.6000000000,11.8700000000,0.2088200000
12.5000000000,11.8750000000,0.2087500000
12.4000000000,11.8800000000,0.2086800000
12.3000000000,11.8850000000,0.2086100000
12.2000000000,11.8900000000,0.2085400000
12.1000000000,11.8950000000,0.2084700000
12.0000000000,11.9000000000,0.2084000000
11.9000000000,11.9050000000,0.2083300000
11.8000000000,11.9100000000,0.2082600000
11.7000000000,11.9150000000,0.2081900000
11.6000000000,11.9200000000,0.2081200000
11.5000000000,11.9250000000,0.2080500000
11.4000000000,11.9300000000,0.2079800000
11.3000000000,11.9350000000,0.2079100000
11.2000000000,11.9400000000,0.2078400000
11.1000000000,11.9450000000,0.2077700000
11.0000000000,11.9500000000,0.2077000000
10.9000000000,11.9550000000,0.2076300000
10.8000000000,11.9600000000,0.2075600000
10.7000000000,11.9650000000,0.2074900000
10.6000000000,11.9700000000,0.2074200000
10.5000000000,11.9750000000,0.2073500000
10.4000000000,11.9800000000,0.2072800000
10.3000000000,11.9850000000,0.2072100000
10.2000000000,11.9900000000,0.2071400000
10.1000000000,11.9950000000,0.2070700000
10.0000000000,12.0000000000,0.2070000000
9.9000000000,12.0050000000,0.2069300000
9.8000000000,12.0100000000,0.2068600000
9.7000000000,12.0150000000,0.2067900000
9.6000000000,12.0200000000,0.2067200000
9.5000000000,12.0250000000,0.2066500000
9.4000000000,12.0300000000,0.2065800000
9.3000000000,12.0350000000,0.2065100000
9.2000000000,12.0400000000,0.2064400000
9.1000000000,12.0450000000,0.2063700000
9.0000000000,12.0500000000,0.2063000000
8.9000000000,12.0550000000,0.2062300000
8.8000000000,12.0600000000,0.2061600000
8.7000000000,12.0650000000,0.2060900000
8.6000000000,12.0700000000,0.2060200000
8.5000000000,12.0750000000,0.2059500000
8.4000000000,12.0800000000,0.2058800000
8.3000000000,12.0850000000,0.2058100000
8.2000000000,12.0900000000,0.2057400000
8.1000000000,12.0950000000,0.2056700000
8.0000000000,12.1000000000,0.2056000000
7.9000000000,12.1050000000,0.2055300000
7.8000000000,12.1100000000,0.2054600000
7.7000000000,12.1150000000,0.2053900000
7.6000000000,12.1200000000,0.2053200000
7.5000000000,12.1250000000,0.2052500000
7.4000000000,12.1300000000,0.2051800000
7.3000000000,12.1350000000,0.2051100000
7.2000000000,12.1400000000,0.2050400000
7.1000000000,12.1450000000,0.2049700000
7.0000000000,12.1500000000,0.2049000000
6.9000000000,12.1550000000,0.2048300000
6.8000000000,12.1600000000,0.2047600000
6.7000000000,12.1650000000,0.2046900000
6.6000000000,12.1700000000,0.2046200000
6.5000000000,12.1750000000,0.2045500000
6.4000000000,12.1800000000,0.2044800000
6.3000000000,12.1850000000,0.2044100000
6.2000000000,12.1900000000,0.2043400000
6.1000000000,12.1950000000,0.2042700000
6.0000000000,12.2000000000,0.2042000000
5.9000000000,12.2050000000,0.2041300000
5.8000000000,12.2100000000,0.2040600000
5.7000000000,12.2150000000,0.2039900000
5.6000000000,12.2200000000,0.2039200000
5.5000000000,12.2250000000,0.2038500000
5.4000000000,12.2300000000,0.2037800000
5.3000000000,12.2350000000,0.2037100000
5.2000000000,12.2400000000,0.2036400000
5.1000000000,12.2450000000,0.2035700000
5.0000000000,12.2500000000,0.2035000000
4.9000000000,12.2550000000,0.2034300000
4.8000000000,12.2600000000,0.2033600000
4.7000000000,12.2650000000,0.2032900000
4.6000000000,12.2700000000,0.2032200000
4.5000000000,12.2750000000,0.2031500000
4.4000000000,12.2800000000,0.2030800000
4.3000000000,12.2850000000,0.2030100000
4.2000000000,12.2900000000,0.2029400000
4.1000000000,12.2950000000,0.2028700000
4.0000000000,12.3000000000,0.2028000000
3.9000000000,12.3050000000,0.2027300000
3.8000000000,12.3100000000,0.2026600000
3.7000000000,12.3150000000,0.2025900000
3.6000000000,12.3200000000,0.2025200000
3.5000000000,12.3250000000,0.2024500000
3.4000000000,12.3300000000,0.2023800000
3.3000000000,12.3350000000,0.2023100000
3.2000000000,12.3400000000,0.2022400000
3.1000000000,12.3450000000,0.2021700000
3.0000000000,12.3500000000,0.2021000000
2.9000000000,12.3550000000,0.2020300000
2.8000000000,12.3600000000,0.2019600000
2.7000000000,12.3650000000,0.2018900000
2.6000000000,12.3700000000,0.2018200000
2.5000000000,12.3750000000,0.2017500000
2.4000000000,12.3800000000,0.2016800000
2.3000000000,12.3850000000,0.2016100000
2.2000000000,12.3900000000,0.2015400000
2.1000000000,12.3950000000,0.2014700000
2.0000000000,12.4000000000,0.2014000000
1.9000000000,12.4050000000,0.2013300000
1.8000000000,12.4100000000,0.2012600000
1.7000000000,12.4150000000,0.2011900000
1.6000000000,12.4200000000,0.2011200000
1.5000000000,12.4250000000,0.2010500000
1.4000000000,12.4300000000,0.2009800000
1.3000000000,12.4350000000,0.2009100000
1.2000000000,12.4400000000,0.2008400000
1.1000000000,12.4450000000,0.2007700000
1.0000000000,12.4500000000,0.2007000000
0.9000000000,12.4550000000,0.2006300000
0.8000000000,12.4600000000,0.2005600000
0.7000000000,12.4650000000,0.2004900000
0.6000000000,12.4700000000,0.2004200000
0.5000000000,12.4750000000,0.2003500000
0.4000000000,12.4800000000,0.2002800000
0.3000000000,12.4850000000,0.2002100000
0.2000000000,12.4900000000,0.2001400000
0.1000000000,12.4950000000,0.2000700000
0.0000000000,12.5000000000,0.2000000000
-0.1000000000,12.5050000000,0.1999300000
-0.2000000000,12.5100000000,0.1998600000
-0.3000000000,12.5150000000,0.1997900000
-0.4000000000,12.5200000000,0.1997200000
-0.5000000000,12.5250000000,0.1996500000
-0.6000000000,12.5300000000,0.1995800000
-0.7000000000,12.5350000000,0.1995100000
-0.8000000000,12.5400000000,0.1994400000
-0.9000000000,12.5450000000,0.1993700000
-1.0000000000,12.5500000000,0.1993000000
-1.1000000000,12.5550000000,0.1992300000
-1.2000000000,12.5600000000,0.1991600000
-1.3000000000,12.5650000000,0.1990900000
-1.4000000000,12.5700000000,0.1990200000
-1.5000000000,12.5750000000,0.1989500000
-1.6000000000,12.5800000000,0.1988800000
-1.7000000000,12.5850000000,0.1988100000
-1.8000000000,12.5900000000,0.1987400000
-1.9000000000,12.5950000000,0.1986700000
-2.0000000000,12.6000000000,0.1986000000
-2.1000000000,12.6050000000,0.1985300000
-2.2000000000,12.6100000000,0.1984600000
-2.3000000000,12.6150000000,0.1983900000
-2.4000000000,12.6200000000,0.1983200000
-2.5000000000,12.6250000000,0.1982500000
-2.6000000000,12.6300000000,0.1981800000
-2.7000000000,12.6350000000,0.1981100000
-2.8000000000,12.6400000000,0.1980400000
-2.9000000000,12.6450000000,0.1979700000
-3.0000000000,12.6500000000,0.1979000000
-3.1000000000,12.6550000000,0.1978300000
-3.2000000000,12.6600000000,0.1977600000
-3.3000000000,12.6650000000,0.1976900000
-3.4000000000,12.6700000000,0.1976200000
-3.5000000000,12.6750000000,0.1975500000
-3.6000000000,12.6800000000,0.1974800000
-3.7000000000,12.6850000000,0.1974100000
-3.8000000000,12.6900000000,0.1973400000
-3.9000000000,12.6950000000,0.1972700000
-4.0000000000,12.7000000000,0.1972000000
-4.1000000000,12.7050000000,0.1971300000
-4.2000000000,12.7100000000,0.1970600000
-4.3000000000,12.7150000000,0.1969900000
-4.4000000000,12.7200000000,0.1969200000
-4.5000000000,12.7250000000,0.1968500000
-4.6000000000,12.7300000000,0.1967800000
-4.7000000000,12.7350000000,0.1967100000
-4.8000000000,12.7400000000,0.1966400000
-4.9000000000,12.7450000000,0.1965700000
-5.0000000000,12.7500000000,0.1965000000
-5.1000000000,12.7550000000,0.1964300000
-5.2000000000,12.7600000000,0.1963600000
-5.3000000000,12.7650000000,0.1962900000
-5.4000000000,12.7700000000,0.1962200000
-5.5000000000,12.7750000000,0.1961500000
-5.6000000000,12.7800000000,0.1960800000
-5.7000000000,12.7850000000,0.1960100000
-5.8000000000,12.7900000000,0.1959400000
-5.9000000000,12.7950000000,0.1958700000
-6.0000000000,12.8000000000,0.1958000000
-6.1000000000,12.8050000000,0.1957300000
-6.2000000000,12.8100000000,0.1956600000
-6.3000000000,12.8150000000,0.1955900000
-6.4000000000,12.8200000000,0.1955200000
-6.5000000000,12.8250000000,0.1954500000
-6.6000000000,12.8300000000,0.1953800000
-6.7000000000,12.8350000000,0.1953100000
-6.8000000000,12.8400000000,0.1952400000
-6.9000000000,12.8450000000,0.1951700000
-7.0000000000,12.8500000000,0.1951000000
-7.1000000000,12.8550000000,0.1950300000
-7.2000000000,12.8600000000,0.1949600000
-7.3000000000,12.8650000000,0.1948900000
-7.4000000000,12.8700000000,0.1948200000
-7.5000000000,12.8750000000,0.1947500000
-7.6000000000,12.8800000000,0.1946800000
-7.7000000000,12.8850000000,0.1946100000
-7.8000000000,12.8900000000,0.1945400000
-7.9000000000,12.8950000000,0.1944700000
-8.0000000000,12.9000000000,0.1944000000
-8.1000000000,12.9050000000,0.1943300000
-8.2000000000,12.9100000000,0.1942600000
-8.3000000000,12.9150000000,0.1941900000
-8.4000000000,12.9200000000,0.1941200000
-8.5000000000,12.9250000000,0.1940500000
-8.6000000000,12.9300000000,0.1939800000
-8.7000000000,12.9350000000,0.1939100000
-8.8000000000,12.9400000000,0.1938400000
-8.9000000000,12.9450000000,0.1937700000
-9.0000000000,12.9500000000,0.1937000000
-9.1000000000,12.9550000000,0.1936300000
-9.2000000000,12.9600000000,0.1935600000
-9.3000000000,12.9650000000,0.1934900000
-9.4000000000,12.9700000000,0.1934200000
-9.5000000000,12.9750000000,0.1933500000
-9.6000000000,12.9800000000,0.1932800000
-9.7000000000,12.9850000000,0.1932100000
-9.8000000000,12.9900000000,0.1931400000
-9.9000000000,12.9950000000,0.1930700000
-10.0000000000,13.0000000000,0.1930000000
-10.1000000000,13.0050000000,0.1929300000
-10.2000000000,13.0100000000,0.1928600000
-10.3000000000,13.0150000000,0.1927900000
-10.4000000000,13.0200000000,0.1927200000
-10.5000000000,13.0250000000,0.1926500000
-10.6000000000,13.0300000000,0.1925800000
-10.7000000000,13.0350000000,0.1925100000
-10.8000000000,13.0400000000,0.1924400000
-10.9000000000,13.0450000000,0.1923700000
-11.0000000000,13.0500000000,0.1923000000
-11.1000000000,13.0550000000,0.1922300000
-11.2000000000,13.0600000000,0.1921600000
-11.3000000000,13.0650000000,0.1920900000
-11.4000000000,13.0700000000,0.1920200000
-11.5000000000,13.0750000000,0.1919500000
-11.6000000000,13.0800000000,0.1918800000
-11.7000000000,13.0850000000,0.1918100000
-11.8000000000,13.0900000000,0.1917400000
-11.9000000000,13.0950000000,0.1916700000
-12.0000000000,13.1000000000,0.1916000000
-12.1000000000,13.1050000000,0.1915300000
-12.2000000000,13.1100000000,0.1914600000
-12.3000000000,13.1150000000,0.1913900000
-12.4000000000,13.1200000000,0.1913200000
-12.5000000000,13.1250000000,0.1912500000
-12.6000000000,13.1300000000,0.1911800000
-12.7000000000,13.1350000000,0.1911100000
-12.8000000000,13.1400000000,0.1910400000
-12.9000000000,13.1450000000,0.1909700000
-13.0000000000,13.1500000000,0.1909000000
-13.1000000000,13.1550000000,0.1908300000
-13.2000000000,13.1600000000,0.1907600000
-13.3000000000,13.1650000000,0.1906900000
-13.4000000000,13.1700000000,0.1906200000
-13.5000000000,13.1750000000,0.1905500000
-13.6000000000,13.1800000000,0.1904800000
-13.7000000000,13.1850000000,0.1904100000
-13.8000000000,13.1900000000,0.1903400000
-13.9000000000,13.1950000000,0.1902700000
-14.0000000000,13.2000000000,0.1902000000
-14.1000000000,13.2050000000,0.1901300000
-14.2000000000,13.2100000000,0.1900600000
-14.3000000000,13.2150000000,0.1899900000
-14.4000000000,13.2200000000,0.1899200000
-14.5000000000,13.2250000000,0.1898500000
-14.6000000000,13.2300000000,0.1897800000
-14.7000000000,13.2350000000,0.1897100000
-14.8000000000,13.2400000000,0.1896400000
-14.9000000000,13.2450000000,0.1895700000
-15.0000000000,13.2500000000,0.1895000000
-15.1000000000,13.2550000000,0.1894300000
-15.2000000000,13.2600000000,0.1893600000
-15.3000000000,13.2650000000,0.1892900000
-15.4000000000,13.2700000000,0.1892200000
-15.5000000000,13.2750000000,0.1891500000
-15.6000000000,13.2800000000,0.1890800000
-15.7000000000,13.2850000000,0.1890100000
-15.8000000000,13.2900000000,0.1889400000
-15.9000000000,13.2950000000,0.1888700000
-16.0000000000,13.3000000000,0.1888000000
-16.1000000000,13.3050000000,0.1887300000
-16.2000000000,13.3100000000,0.1886600000
-16.3000000000,13.3150000000,0.1885900000
-16.4000000000,13.3200000000,0.1885200000
-16.5000000000,13.3250000000,0.1884500000
-16.6000000000,13.3300000000,0.1883800000
-16.7000000000,13.3350000000,0.1883100000
-16.8000000000,13.3400000000,0.1882400000
-16.9000000000,13.3450000000,0.1881700000
-17.0000000000,13.3500000000,0.1881000000
-17.1000000000,13.3550000000,0.1880300000
-17.2000000000,13.3600000000,0.1879600000
-17.3000000000,13.3650000000,0.1878900000
-17.4000000000,13.3700000000,0.1878200000
-17.5000000000,13.3750000000,0.1877500000
-17.6000000000,13.3800000000,0.1876800000
-17.7000000000,13.3850000000,0.1876100000
-17.8000000000,13.3900000000,0.1875400000
-17.9000000000,13.3950000000,0.1874700000
-18.0000000000,13.4000000000,0.1874000000
-18.1000000000,13.4050000000,0.1873300000
-18.2000000000,13.4100000000,0.1872600000
-18.3000000000,13.4150000000,0.1871900000
-18.4000000000,13.4200000000,0.1871200000
-18.5000000000,13.4250000000,0.1870500000
-18.6000000000,13.4300000000,0.1869800000
-18.7000000000,13.4350000000,0.1869100000
-18.8000000000,13.4400000000,0.1868400000
-18.9000000000,13.4450000000,0.1867700000
-19.0000000000,13.4500000000,0.1867000000
-19.1000000000,13.4550000000,0.1866300000
-19.2000000000,13.4600000000,0.1865600000
-19.3000000000,13.4650000000,0.1864900000
-19.4000000000,13.4700000000,0.1864200000
-19.5000000000,13.4750000000,0.1863500000
-19.6000000000,13.4800000000,0.1862800000
-19.7000000000,13.4850000000,0.1862100000
-19.8000000000,13.4900000000,0.1861400000
-19.9000000000,13.4950000000,0.1860700000
-20.0000000000,13.5000000000,0.1860000000
-20.1000000000,13.5050000000,0.1859300000
-20.2000000000,13.5100000000,0.1858600000
-20.3000000000,13.5150000000,0.1857900000
-20.4000000000,13.5200000000,0.1857200000
-20.5000000000,13.5250000000,0.1856500000
-20.6000000000,13.5300000000,0.1855800000
-20.7000000000,13.5350000000,0.1855100000
-20.8000000000,13.5400000000,0.1854400000
-20.9000000000,13.5450000000,0.1853700000
-21.0000000000,13.5500000000,0.1853000000
-21.1000000000,13.5550000000,0.1852300000
-21.2000000000,13.5600000000,0.1851600000
-21.3000000000,13.5650000000,0.1850900000
-21.4000000000,13.5700000000,0.1850200000
-21.5000000000,13.5750000000,0.1849500000
-21.6000000000,13.5800000000,0.1848800000
-21.7000000000,13.5850000000,0.1848100000
-21.8000000000,13.5900000000,0.1847400000
-21.9000000000,13.5950000000,0.1846700000
-22.0000000000,13.6000000000,0.1846000000
-22.1000000000,13.6050000000,0.1845300000
-22.2000000000,13.6100000000,0.1844600000
-22.3000000000,13.6150000000,0.1843900000
-22.4000000000,13.6200000000,0.1843200000
-22.5000000000,13.6250000000,0.1842500000
-22.6000000000,13.6300000000,0.1841800000
-22.7000000000,13.6350000000,0.1841100000
-22.8000000000,13.6400000000,0.1840400000
-22.9000000000,13.6450000000,0.1839700000
-23.0000000000,13.6500000000,0.1839000000
-23.1000000000,13.6550000000,0.1838300000
-23.2000000000,13.6600000000,0.1837600000
-23.3000000000,13.6650000000,0.1836900000
-23.4000000000,13.6700000000,0.1836200000
-23.5000000000,13.6750000000,0.1835500000
-23.6000000000,13.6800000000,0.1834800000
-23.7000000000,13.6850000000,0.1834100000
-23.8000000000,13.6900000000,0.1833400000
-23.9000000000,13.6950000000,0.1832700000
-24.0000000000,13.7000000000,0.1832000000
-24.1000000000,13.7050000000,0.1831300000
-24.2000000000,13.7100000000,0.1830600000
-24.3000000000,13.7150000000,0.1829900000
-24.4000000000,13.7200000000,0.1829200000
-24.5000000000,13.7250000000,0.1828500000
-24.6000000000,13.7300000000,0.1827800000
-24.7000000000,13.7350000000,0.1827100000
-24.8000000000,13.7400000000,0.1826400000
-24.9000000000,13.7450000000,0.1825700000
-25.0000000000,13.7500000000,0.1825000000
-25.1000000000,13.7550000000,0.1824300000
-25.2000000000,13.7600000000,0.1823600000
-25.3000000000,13.7650000000,0.1822900000
-25.4000000000,13.7700000000,0.1822200000
-25.5000000000,13.7750000000,0.1821500000
-25.6000000000,13.7800000000,0.1820800000
-25.7000000000,13.7850000000,0.1820100000
-25.8000000000,13.7900000000,0.1819400000
-25.9000000000,13.7950000000,0.1818700000
-26.0000000000,13.8000000000,0.1818000000
-26.1000000000,13.8050000000,0.1817300000
-26.2000000000,13.8100000000,0.1816600000
-26.3000000000,13.8150000000,0.1815900000
-26.4000000000,13.8200000000,0.1815200000
-26.5000000000,13.8250000000,0.1814500000
-26.6000000000,13.8300000000,0.1813800000
-26.7000000000,13.8350000000,0.1813100000
-26.8000000000,13.8400000000,0.1812400000
-26.9000000000,13.8450000000,0.1811700000
-27.0000000000,13.8500000000,0.1811000000
-27.1000000000,13.8550000000,0.1810300000
-27.2000000000,13.8600000000,0.1809600000
-27.3000000000,13.8650000000,0.1808900000
-27.4000000000,13.8700000000,0.1808200000
-27.5000000000,13.8750000000,0.1807500000
-27.6000000000,13.8800000000,0.1806800000
-27.7000000000,13.8850000000,0.1806100000
-27.8000000000,13.8900000000,0.1805400000
-27.9000000000,13.8950000000,0.1804700000
-28.0000000000,13.9000000000,0.1804000000
-28.1000000000,13.9050000000,0.1803300000
-28.2000000000,13.9100000000,0.1802600000
-28.3000000000,13.9150000000,0.1801900000
-28.4000000000,13.9200000000,0.1801200000
-28.5000000000,13.9250000000,0.1800500000
-28.6000000000,13.9300000000,0.1799800000
-28.7000000000,13.9350000000,0.1799100000
-28.8000000000,13.9400000000,0.1798400000
-28.9000000000,13.9450000000,0.1797700000
-29.0000000000,13.9500000000,0.1797000000
-29.1000000000,13.9550000000,0.1796300000
-29.2000000000,13.9600000000,0.1795600000
-29.3000000000,13.9650000000,0.1794900000
-29.4000000000,13.9700000000,0.1794200000
-29.5000000000,13.9750000000,0.1793500000
-29.6000000000,13.9800000000,0.1792800000
-29.7000000000,13.9850000000,0.1792100000
-29.8000000000,13.9900000000,0.1791400000
-29.9000000000,13.9950000000,0.1790700000
-30.0000000000,14.0000000000,0.1790000000
-30.1000000000,14.0050000000,0.1789300000
-30.2000000000,14.0100000000,0.1788600000
-30.3000000000,14.0150000000,0.1787900000
-30.4000000000,14.0200000000,0.1787200000
-30.5000000000,14.0250000000,0.1786500000
-30.6000000000,14.0300000000,0.1785800000
-30.7000000000,14.0350000000,0.1785100000
-30.8000000000,14.0400000000,0.1784400000
-30.9000000000,14.0450000000,0.1783700000
-31.0000000000,14.0500000000,0.1783000000
-31.1000000000,14.0550000000,0.1782300000
-31.2000000000,14.0600000000,0.1781600000
-31.3000000000,14.0650000000,0.1780900000
-31.4000000000,14.0700000000,0.1780200000
-31.5000000000,14.0750000000,0.1779500000
-31.6000000000,14.0800000000,0.1778800000
-31.7000000000,14.0850000000,0.1778100000
-31.8000000000,14.0900000000,0.1777400000
-31.9000000000,14.0950000000,0.1776700000
-32.0000000000,14.1000000000,0.1776000000
-32.1000000000,14.1050000000,0.1775300000
-32.2000000000,14.1100000000,0.1774600000
-32.3000000000,14.1150000000,0.1773900000
-32.4000000000,14.1200000000,0.1773200000
-32.5000000000,14.1250000000,0.1772500000
-32.6000000000,14.1300000000,0.1771800000
-32.7000000000,14.1350000000,0.1771100000
-32.8000000000,14.1400000000,0.1770400000
-32.9000000000,14.1450000000,0.1769700000
-33.0000000000,14.1500000000,0.1769000000
-33.1000000000,14.1550000000,0.1768300000
-33.2000000000,14.1600000000,0.1767600000
-33.3000000000,14.1650000000,0.1766900000
-33.4000000000,14.1700000000,0.1766200000
-33.5000000000,14.1750000000,0.1765500000
-33.6000000000,14.1800000000,0.1764800000
-33.7000000000,14.1850000000,0.1764100000
-33.8000000000,14.1900000000,0.1763400000
-33.9000000000,14.1950000000,0.1762700000
-34.0000000000,14.2000000000,0.1762000000
-34.1000000000,14.2050000000,0.1761300000
-34.2000000000,14.2100000000,0.1760600000
-34.3000000000,14.2150000000,0.1759900000
-34.4000000000,14.2200000000,0.1759200000
-34.5000000000,14.2250000000,0.1758500000
-34.6000000000,14.2300000000,0.1757800000
-34.7000000000,14.2350000000,0.1757100000
-34.8000000000,14.2400000000,0.1756400000
-34.9000000000,14.2450000000,0.1755700000
-35.0000000000,14.2500000000,0.1755000000
-35.1000000000,14.2550000000,0.1754300000
-35.2000000000,14.2600000000,0.1753600000
-35.3000000000,14.2650000000,0.1752900000
-35.4000000000,14.2700000000,0.1752200000
-35.5000000000,14.2750000000,0.1751500000
-35.6000000000,14.2800000000,0.1750800000
-35.7000000000,14.2850000000,0.1750100000
-35.8000000000,14.2900000000,0.1749400000
-35.9000000000,14.2950000000,0.1748700000
-36.0000000000,14.3000000000,0.1748000000
-36.1000000000,14.3050000000,0.1747300000
-36.2000000000,14.3100000000,0.1746600000
-36.3000000000,14.3150000000,0.1745900000
-36.4000000000,14.3200000000,0.1745200000
-36.5000000000,14.3250000000,0.1744500000
-36.6000000000,14.3300000000,0.1743800000
-36.7000000000,14.3350000000,0.1743100000
-36.8000000000,14.3400000000,0.1742400000
-36.9000000000,14.3450000000,0.1741700000
-37.0000000000,14.3500000000,0.1741000000
-37.1000000000,14.3550000000,0.1740300000
-37.2000000000,14.3600000000,0.1739600000
-37.3000000000,14.3650000000,0.1738900000
-37.4000000000,14.3700000000,0.1738200000
-37.5000000000,14.3750000000,0.1737500000
-37.6000000000,14.3800000000,0.1736800000
-37.7000000000,14.3850000000,0.1736100000
-37.8000000000,14.3900000000,0.1735400000
-37.9000000000,14.3950000000,0.1734700000
-38.0000000000,14.4000000000,0.1734000000
-38.1000000000,14.4050000000,0.1733300000
-38.2000000000,14.4100000000,0.1732600000
-38.3000000000,14.4150000000,0.1731900000
-38.4000000000,14.4200000000,0.1731200000
-38.5000000000,14.4250000000,0.1730500000
-38.6000000000,14.4300000000,0.1729800000
-38.7000000000,14.4350000000,0.1729100000
-38.8000000000,14.4400000000,0.1728400000
-38.9000000000,14.4450000000,0.1727700000
-39.0000000000,14.4500000000,0.1727000000
-39.1000000000,14.4550000000,0.1726300000
-39.2000000000,14.4600000000,0.1725600000
-39.3000000000,14.4650000000,0.1724900000
-39.4000000000,14.4700000000,0.1724200000
-39.5000000000,14.4750000000,0.1723500000
-39.6000000000,14.4800000000,0.1722800000
-39.7000000000,14.4850000000,0.1722100000
-39.8000000000,14.4900000000,0.1721400000
-39.9000000000,14.4950000000,0.1720700000
-40.0000000000,14.5000000000,0.1720000000
-40.1000000000,14.5050000000,0.1719300000
-40.2000000000,14.5100000000,0.1718600000
-40.3000000000,14.5150000000,0.1717900000
-40.4000000000,14.5200000000,0.1717200000
-40.5000000000,14.5250000000,0.1716500000
-40.6000000000,14.5300000000,0.1715800000
-40.7000000000,14.5350000000,0.1715100000
-40.8000000000,14.5400000000,0.1714400000
-40.9000000000,14.5450000000,0.1713700000
-41.0000000000,14.5500000000,0.1713000000
-41.1000000000,14.5550000000,0.1712300000
-41.2000000000,14.5600000000,0.1711600000
-41.3000000000,14.5650000000,0.1710900000
-41.4000000000,14.5700000000,0.1710200000
-41.5000000000,14.5750000000,0.1709500000
-41.6000000000,14.5800000000,0.1708800000
-41.7000000000,14.5850000000,0.1708100000
-41.8000000000,14.5900000000,0.1707400000
-41.9000000000,14.5950000000,0.1706700000
-42.0000000000,14.6000000000,0.1706000000
-42.1000000000,14.6050000000,0.1705300000
-42.2000000000,14.6100000000,0.1704600000
-42.3000000000,14.6150000000,0.1703900000
-42.4000000000,14.6200000000,0.1703200000
-42.5000000000,14.6250000000,0.1702500000
-42.6000000000,14.6300000000,0.1701800000
-42.7000000000,14.6350000000,0.1701100000
-42.8000000000,14.6400000000,0.1700400000
-42.9000000000,14.6450000000,0.1699700000
-43.0000000000,14.6500000000,0.1699000000
-43.1000000000,14.6550000000,0.1698300000
-43.2000000000,14.6600000000,0.1697600000
-43.3000000000,14.6650000000,0.1696900000
-43.4000000000,14.6700000000,0.1696200000
-43.5000000000,14.6750000000,0.1695500000
-43.6000000000,14.6800000000,0.1694800000
-43.7000000000,14.6850000000,0.1694100000
-43.8000000000,14.6900000000,0.1693400000
-43.9000000000,14.6950000000,0.1692700000
-44.0000000000,14.7000000000,0.1692000000
-44.1000000000,14.7050000000,0.1691300000
-44.2000000000,14.7100000000,0.1690600000
-44.3000000000,14.7150000000,0.1689900000
-44.4000000000,14.7200000000,0.1689200000
-44.5000000000,14.7250000000,0.1688500000
-44.6000000000,14.7300000000,0.1687800000
-44.7000000000,14.7350000000,0.1687100000
-44.8000000000,14.7400000000,0.1686400000
-44.9000000000,14.7450000000,0.1685700000
-45.0000000000,14.7500000000,0.1685000000
-45.1000000000,14.7550000000,0.1684300000
-45.2000000000,14.7600000000,0.1683600000
-45.3000000000,14.7650000000,0.1682900000
-45.4000000000,14.7700000000,0.1682200000
-45.5000000000,14.7750000000,0.1681500000
-45.6000000000,14.7800000000,0.1680800000
-45.7000000000,14.7850000000,0.1680100000
-45.8000000000,14.7900000000,0.1679400000
-45.9000000000,14.7950000000,0.1678700000
-46.0000000000,14.8000000000,0.1678000000
-46.1000000000,14.8050000000,0.1677300000
-46.2000000000,14.8100000000,0.1676600000
-46.3000000000,14.8150000000,0.1675900000
-46.4000000000,14.8200000000,0.1675200000
-46.5000000000,14.8250000000,0.1674500000
-46.6000000000,14.8300000000,0.1673800000
-46.7000000000,14.8350000000,0.1673100000
-46.8000000000,14.8400000000,0.1672400000
-46.9000000000,14.8450000000,0.1671700000
-47.0000000000,14.8500000000,0.1671000000
-47.1000000000,14.8550000000,0.1670300000
-47.2000000000,14.8600000000,0.1669600000
-47.3000000000,14.8650000000,0.1668900000
-47.4000000000,14.8700000000,0.1668200000
-47.5000000000,14.8750000000,0.1667500000
-47.6000000000,14.8800000000,0.1666800000
-47.7000000000,14.8850000000,0.1666100000
-47.8000000000,14.8900000000,0.1665400000
-47.9000000000,14.8950000000,0.1664700000
-48.0000000000,14.9000000000,0.1664000000
-48.1000000000,14.9050000000,0.1663300000
-48.2000000000,14.9100000000,0.1662600000
-48.3000000000,14.9150000000,0.1661900000
-48.4000000000,14.9200000000,0.1661200000
-48.5000000000,14.9250000000,0.1660500000
-48.6000000000,14.9300000000,0.1659800000
-48.7000000000,14.9350000000,0.1659100000
-48.8000000000,14.9400000000,0.1658400000
-48.9000000000,14.9450000000,0.1657700000
-49.0000000000,14.9500000000,0.1657000000
-49.1000000000,14.9550000000,0.1656300000
-49.2000000000,14.9600000000,0.1655600000
-49.3000000000,14.9650000000,0.1654900000
-49.4000000000,14.9700000000,0.1654200000
-49.5000000000,14.9750000000,0.1653500000
-49.6000000000,14.9800000000,0.1652800000
-49.7000000000,14.9850000000,0.1652100000
-49.8000000000,14.9900000000,0.1651400000
-49.9000000000,14.9950000000,0.1650700000
-50.0000000000,15.0000000000,0.1650000000
