#FILE:,synthetic.ngb-sdh
#EXO:,-1
#SAMPLE MASS /mg:,3
#SEGMENT:,S6/6
#RANGE:,250°C/20.0(K/min)/30°C
##Temp./°C,Time/min,DSC/(mW/mg)
250.0000000000,0.0000000000,0.3750000000
249.9266666667,0.0036666667,0.3749486667
249.8533333333,0.0073333333,0.3748973333
249.7800000000,0.0110000000,0.3748460000
249.7066666667,0.0146666667,0.3747946667
249.6333333333,0.0183333333,0.3747433333
249.5600000000,0.0220000000,0.3746920000
249.4866666667,0.0256666667,0.3746406667
249.4133333333,0.0293333333,0.3745893333
249.3400000000,0.0330000000,0.3745380000
249.2666666667,0.0366666667,0.3744866667
249.1933333333,0.0403333333,0.3744353333
249.1200000000,0.0440000000,0.3743840000
249.0466666667,0.0476666667,0.3743326667
248.9733333333,0.0513333333,0.3742813333
248.9000000000,0.0550000000,0.3742300000
248.8266666667,0.0586666667,0.3741786667
248.7533333333,0.0623333333,0.3741273333
248.6800000000,0.0660000000,0.3740760000
248.6066666667,0.0696666667,0.3740246667
248.5333333333,0.0733333333,0.3739733333
248.4600000000,0.0770000000,0.3739220000
248.3866666667,0.0806666667,0.3738706667
248.3133333333,0.0843333333,0.3738193333
248.2400000000,0.0880000000,0.3737680000
248.1666666667,0.0916666667,0.3737166667
248.0933333333,0.0953333333,0.3736653333
248.0200000000,0.0990000000,0.3736140000
247.9466666667,0.1026666667,0.3735626667
247.8733333333,0.1063333333,0.3735113333
247.8000000000,0.1100000000,0.3734600000
247.7266666667,0.1136666667,0.3734086667
247.6533333333,0.1173333333,0.3733573333
247.5800000000,0.1210000000,0.3733060000
247.5066666667,0.1246666667,0.3732546667
247.4333333333,0.1283333333,0.3732033333
247.3600000000,0.1320000000,0.3731520000
247.2866666667,0.1356666667,0.3731006667
247.2133333333,0.1393333333,0.3730493333
247.1400000000,0.1430000000,0.3729980000
247.0666666667,0.1466666667,0.3729466667
246.9933333333,0.1503333333,0.3728953333
246.9200000000,0.1540000000,0.3728440000
246.8466666667,0.1576666667,0.3727926667
246.7733333333,0.1613333333,0.3727413333
246.7000000000,0.1650000000,0.3726900000
246.6266666667,0.1686666667,0.3726386667
246.5533333333,0.1723333333,0.3725873333
246.4800000000,0.1760000000,0.3725360000
246.4066666667,0.1796666667,0.3724846667
246.3333333333,0.1833333333,0.3724333333
246.2600000000,0.1870000000,0.3723820000
246.1866666667,0.1906666667,0.3723306667
246.1133333333,0.1943333333,0.3722793333
246.0400000000,0.1980000000,0.3722280000
245.9666666667,0.2016666667,0.3721766667
245.8933333333,0.2053333333,0.3721253333
245.8200000000,0.2090000000,0.3720740000
245.7466666667,0.2126666667,0.3720226667
245.6733333333,0.2163333333,0.3719713333
245.6000000000,0.2200000000,0.3719200000
245.5266666667,0.2236666667,0.3718686667
245.4533333333,0.2273333333,0.3718173333
245.3800000000,0.2310000000,0.3717660000
245.3066666667,0.2346666667,0.3717146667
245.2333333333,0.2383333333,0.3716633333
245.1600000000,0.2420000000,0.3716120000
245.0866666667,0.2456666667,0.3715606667
245.0133333333,0.2493333333,0.3715093333
244.9400000000,0.2530000000,0.3714580000
244.8666666667,0.2566666667,0.3714066667
244.7933333333,0.2603333333,0.3713553333
244.7200000000,0.2640000000,0.3713040000
244.6466666667,0.2676666667,0.3712526667
244.5733333333,0.2713333333,0.3712013333
244.5000000000,0.2750000000,0.3711500000
244.4266666667,0.2786666667,0.3710986667
244.3533333333,0.2823333333,0.3710473333
244.2800000000,0.2860000000,0.3709960000
244.2066666667,0.2896666667,0.3709446667
244.1333333333,0.2933333333,0.3708933333
244.0600000000,0.2970000000,0.3708420000
243.9866666667,0.3006666667,0.3707906667
243.9133333333,0.3043333333,0.3707393333
243.8400000000,0.3080000000,0.3706880000
243.7666666667,0.3116666667,0.3706366667
243.6933333333,0.3153333333,0.3705853333
243.6200000000,0.3190000000,0.3705340000
243.5466666667,0.3226666667,0.3704826667
243.4733333333,0.3263333333,0.3704313333
243.4000000000,0.3300000000,0.3703800000
243.3266666667,0.3336666667,0.3703286667
243.2533333333,0.3373333333,0.3702773333
243.1800000000,0.3410000000,0.3702260000
243.1066666667,0.3446666667,0.3701746667
243.0333333333,0.3483333333,0.3701233333
242.9600000000,0.3520000000,0.3700720000
242.8866666667,0.3556666667,0.3700206667
242.8133333333,0.3593333333,0.3699693333
242.7400000000,0.3630000000,0.3699180000
242.6666666667,0.3666666667,0.3698666667
242.5933333333,0.3703333333,0.3698153333
242.5200000000,0.3740000000,0.3697640000
242.4466666667,0.3776666667,0.3697126667
242.3733333333,0.3813333333,0.3696613333
242.3000000000,0.3850000000,0.3696100000
242.2266666667,0.3886666667,0.3695586667
242.1533333333,0.3923333333,0.3695073333
242.0800000000,0.3960000000,0.3694560000
242.0066666667,0.3996666667,0.3694046667
241.9333333333,0.4033333333,0.3693533333
241.8600000000,0.4070000000,0.3693020000
241.7866666667,0.4106666667,0.3692506667
241.7133333333,0.4143333333,0.3691993333
241.6400000000,0.4180000000,0.3691480000
241.5666666667,0.4216666667,0.3690966667
241.4933333333,0.4253333333,0.3690453333
241.4200000000,0.4290000000,0.3689940000
241.3466666667,0.4326666667,0.3689426667
241.2733333333,0.4363333333,0.3688913333
241.2000000000,0.4400000000,0.3688400000
241.1266666667,0.4436666667,0.3687886667
241.0533333333,0.4473333333,0.3687373333
240.9800000000,0.4510000000,0.3686860000
240.9066666667,0.4546666667,0.3686346667
240.8333333333,0.4583333333,0.3685833333
240.7600000000,0.4620000000,0.3685320000
240.6866666667,0.4656666667,0.3684806667
240.6133333333,0.4693333333,0.3684293333
240.5400000000,0.4730000000,0.3683780000
240.4666666667,0.4766666667,0.3683266667
240.3933333333,0.4803333333,0.3682753333
240.3200000000,0.4840000000,0.3682240000
240.2466666667,0.4876666667,0.3681726667
240.1733333333,0.4913333333,0.3681213333
240.1000000000,0.4950000000,0.3680700000
240.0266666667,0.4986666667,0.3680186667
239.9533333333,0.5023333333,0.3679673333
239.8800000000,0.5060000000,0.3679160000
239.8066666667,0.5096666667,0.3678646667
239.7333333333,0.5133333333,0.3678133333
239.6600000000,0.5170000000,0.3677620000
239.5866666667,0.5206666667,0.3677106667
239.5133333333,0.5243333333,0.3676593333
239.4400000000,0.5280000000,0.3676080000
239.3666666667,0.5316666667,0.3675566667
239.2933333333,0.5353333333,0.3675053333
239.2200000000,0.5390000000,0.3674540000
239.1466666667,0.5426666667,0.3674026667
239.0733333333,0.5463333333,0.3673513333
239.0000000000,0.5500000000,0.3673000000
238.9266666667,0.5536666667,0.3672486667
238.8533333333,0.5573333333,0.3671973333
238.7800000000,0.5610000000,0.3671460000
238.7066666667,0.5646666667,0.3670946667
238.6333333333,0.5683333333,0.3670433333
238.5600000000,0.5720000000,0.3669920000
238.4866666667,0.5756666667,0.3669406667
238.4133333333,0.5793333333,0.3668893333
238.3400000000,0.5830000000,0.3668380000
238.2666666667,0.5866666667,0.3667866667
238.1933333333,0.5903333333,0.3667353333
238.1200000000,0.5940000000,0.3666840000
238.0466666667,0.5976666667,0.3666326667
237.9733333333,0.6013333333,0.3665813333
237.9000000000,0.6050000000,0.3665300000
237.8266666667,0.6086666667,0.3664786667
237.7533333333,0.6123333333,0.3664273333
237.6800000000,0.6160000000,0.3663760000
237.6066666667,0.6196666667,0.3663246667
237.5333333333,0.6233333333,0.3662733333
237.4600000000,0.6270000000,0.3662220000
237.3866666667,0.6306666667,0.3661706667
237.3133333333,0.6343333333,0.3661193333
237.2400000000,0.6380000000,0.3660680000
237.1666666667,0.6416666667,0.3660166667
237.0933333333,0.6453333333,0.3659653333
237.0200000000,0.6490000000,0.3659140000
236.9466666667,0.6526666667,0.3658626667
236.8733333333,0.6563333333,0.3658113333
236.8000000000,0.6600000000,0.3657600000
236.7266666667,0.6636666667,0.3657086667
236.6533333333,0.6673333333,0.3656573333
236.5800000000,0.6710000000,0.3656060000
236.5066666667,0.6746666667,0.3655546667
236.4333333333,0.6783333333,0.3655033333
236.3600000000,0.6820000000,0.3654520000
236.2866666667,0.6856666667,0.3654006667
236.2133333333,0.6893333333,0.3653493333
236.1400000000,0.6930000000,0.3652980000
236.0666666667,0.6966666667,0.3652466667
235.9933333333,0.7003333333,0.3651953333
235.9200000000,0.7040000000,0.3651440000
235.8466666667,0.7076666667,0.3650926667
235.7733333333,0.7113333333,0.3650413333
235.7000000000,0.7150000000,0.3649900000
235.6266666667,0.7186666667,0.3649386667
235.5533333333,0.7223333333,0.3648873333
235.4800000000,0.7260000000,0.3648360000
235.4066666667,0.7296666667,0.3647846667
235.3333333333,0.7333333333,0.3647333333
235.2600000000,0.7370000000,0.3646820000
235.1866666667,0.7406666667,0.3646306667
235.1133333333,0.7443333333,0.3645793333
235.0400000000,0.7480000000,0.3645280000
234.9666666667,0.7516666667,0.3644766667
234.8933333333,0.7553333333,0.3644253333
234.8200000000,0.7590000000,0.3643740000
234.7466666667,0.7626666667,0.3643226667
234.6733333333,0.7663333333,0.3642713333
234.6000000000,0.7700000000,0.3642200000
234.5266666667,0.7736666667,0.3641686667
234.4533333333,0.7773333333,0.3641173333
234.3800000000,0.7810000000,0.3640660000
234.3066666667,0.7846666667,0.3640146667
234.2333333333,0.7883333333,0.3639633333
234.1600000000,0.7920000000,0.3639120000
234.0866666667,0.7956666667,0.3638606667
234.0133333333,0.7993333333,0.3638093333
233.9400000000,0.8030000000,0.3637580000
233.8666666667,0.8066666667,0.3637066667
233.7933333333,0.8103333333,0.3636553333
233.7200000000,0.8140000000,0.3636040000
233.6466666667,0.8176666667,0.3635526667
233.5733333333,0.8213333333,0.3635013333
233.5000000000,0.8250000000,0.3634500000
233.4266666667,0.8286666667,0.3633986667
233.3533333333,0.8323333333,0.3633473333
233.2800000000,0.8360000000,0.3632960000
233.2066666667,0.8396666667,0.3632446667
233.1333333333,0.8433333333,0.3631933333
233.0600000000,0.8470000000,0.3631420000
232.9866666667,0.8506666667,0.3630906667
232.9133333333,0.8543333333,0.3630393333
232.8400000000,0.8580000000,0.3629880000
232.7666666667,0.8616666667,0.3629366667
232.6933333333,0.8653333333,0.3628853333
232.6200000000,0.8690000000,0.3628340000
232.5466666667,0.8726666667,0.3627826667
232.4733333333,0.8763333333,0.3627313333
232.4000000000,0.8800000000,0.3626800000
232.3266666667,0.8836666667,0.3626286667
232.2533333333,0.8873333333,0.3625773333
232.1800000000,0.8910000000,0.3625260000
232.1066666667,0.8946666667,0.3624746667
232.0333333333,0.8983333333,0.3624233333
231.9600000000,0.9020000000,0.3623720000
231.8866666667,0.9056666667,0.3623206667
231.8133333333,0.9093333333,0.3622693333
231.7400000000,0.9130000000,0.3622180000
231.6666666667,0.9166666667,0.3621666667
231.5933333333,0.9203333333,0.3621153333
231.5200000000,0.9240000000,0.3620640000
231.4466666667,0.9276666667,0.3620126667
231.3733333333,0.9313333333,0.3619613333
231.3000000000,0.9350000000,0.3619100000
231.2266666667,0.9386666667,0.3618586667
231.1533333333,0.9423333333,0.3618073333
231.0800000000,0.9460000000,0.3617560000
231.0066666667,0.9496666667,0.3617046667
230.9333333333,0.9533333333,0.3616533333
230.8600000000,0.9570000000,0.3616020000
230.7866666667,0.9606666667,0.3615506667
230.7133333333,0.9643333333,0.3614993333
230.6400000000,0.9680000000,0.3614480000
230.5666666667,0.9716666667,0.3613966667
230.4933333333,0.9753333333,0.3613453333
230.4200000000,0.9790000000,0.3612940000
230.3466666667,0.9826666667,0.3612426667
230.2733333333,0.9863333333,0.3611913333
230.2000000000,0.9900000000,0.3611400000
230.1266666667,0.9936666667,0.3610886667
230.0533333333,0.9973333333,0.3610373333
229.9800000000,1.0010000000,0.3609860000
229.9066666667,1.0046666667,0.3609346667
229.8333333333,1.0083333333,0.3608833333
229.7600000000,1.0120000000,0.3608320000
229.6866666667,1.0156666667,0.3607806667
229.6133333333,1.0193333333,0.3607293333
229.5400000000,1.0230000000,0.3606780000
229.4666666667,1.0266666667,0.3606266667
229.3933333333,1.0303333333,0.3605753333
229.3200000000,1.0340000000,0.3605240000
229.2466666667,1.0376666667,0.3604726667
229.1733333333,1.0413333333,0.3604213333
229.1000000000,1.0450000000,0.3603700000
229.0266666667,1.0486666667,0.3603186667
228.9533333333,1.0523333333,0.3602673333
228.8800000000,1.0560000000,0.3602160000
228.8066666667,1.0596666667,0.3601646667
228.7333333333,1.0633333333,0.3601133333
228.6600000000,1.0670000000,0.3600620000
228.5866666667,1.0706666667,0.3600106667
228.5133333333,1.0743333333,0.3599593333
228.4400000000,1.0780000000,0.3599080000
228.3666666667,1.0816666667,0.3598566667
228.2933333333,1.0853333333,0.3598053333
228.2200000000,1.0890000000,0.3597540000
228.1466666667,1.0926666667,0.3597026667
228.0733333333,1.0963333333,0.3596513333
228.0000000000,1.1000000000,0.3596000000
227.9266666667,1.1036666667,0.3595486667
227.8533333333,1.1073333333,0.3594973333
227.7800000000,1.1110000000,0.3594460000
227.7066666667,1.1146666667,0.3593946667
227.6333333333,1.1183333333,0.3593433333
227.5600000000,1.1220000000,0.3592920000
227.4866666667,1.1256666667,0.3592406667
227.4133333333,1.1293333333,0.3591893333
227.3400000000,1.1330000000,0.3591380000
227.2666666667,1.1366666667,0.3590866667
227.1933333333,1.1403333333,0.3590353333
227.1200000000,1.1440000000,0.3589840000
227.0466666667,1.1476666667,0.3589326667
226.9733333333,1.1513333333,0.3588813333
226.9000000000,1.1550000000,0.3588300000
226.8266666667,1.1586666667,0.3587786667
226.7533333333,1.1623333333,0.3587273333
226.6800000000,1.1660000000,0.3586760000
226.6066666667,1.1696666667,0.3586246667
226.5333333333,1.1733333333,0.3585733333
226.4600000000,1.1770000000,0.3585220000
226.3866666667,1.1806666667,0.3584706667
226.3133333333,1.1843333333,0.3584193333
226.2400000000,1.1880000000,0.3583680000
226.1666666667,1.1916666667,0.3583166667
226.0933333333,1.1953333333,0.3582653333
226.0200000000,1.1990000000,0.3582140000
225.9466666667,1.2026666667,0.3581626667
225.8733333333,1.2063333333,0.3581113333
225.8000000000,1.2100000000,0.3580600000
225.7266666667,1.2136666667,0.3580086667
225.6533333333,1.2173333333,0.3579573333
225.5800000000,1.2210000000,0.3579060000
225.5066666667,1.2246666667,0.3578546667
225.4333333333,1.2283333333,0.3578033333
225.3600000000,1.2320000000,0.3577520000
225.2866666667,1.2356666667,0.3577006667
225.2133333333,1.2393333333,0.3576493333
225.1400000000,1.2430000000,0.3575980000
225.0666666667,1.2466666667,0.3575466667
224.9933333333,1.2503333333,0.3574953333
224.9200000000,1.2540000000,0.3574440000
224.8466666667,1.2576666667,0.3573926667
224.7733333333,1.2613333333,0.3573413333
224.7000000000,1.2650000000,0.3572900000
224.6266666667,1.2686666667,0.3572386667
224.5533333333,1.2723333333,0.3571873333
224.4800000000,1.2760000000,0.3571360000
224.4066666667,1.2796666667,0.3570846667
224.3333333333,1.2833333333,0.3570333333
224.2600000000,1.2870000000,0.3569820000
224.1866666667,1.2906666667,0.3569306667
224.1133333333,1.2943333333,0.3568793333
224.0400000000,1.2980000000,0.3568280000
223.9666666667,1.3016666667,0.3567766667
223.8933333333,1.3053333333,0.3567253333
223.8200000000,1.3090000000,0.3566740000
223.7466666667,1.3126666667,0.3566226667
223.6733333333,1.3163333333,0.3565713333
223.6000000000,1.3200000000,0.3565200000
223.5266666667,1.3236666667,0.3564686667
223.4533333333,1.3273333333,0.3564173333
223.3800000000,1.3310000000,0.3563660000
223.3066666667,1.3346666667,0.3563146667
223.2333333333,1.3383333333,0.3562633333
223.1600000000,1.3420000000,0.3562120000
223.0866666667,1.3456666667,0.3561606667
223.0133333333,1.3493333333,0.3561093333
222.9400000000,1.3530000000,0.3560580000
222.8666666667,1.3566666667,0.3560066667
222.7933333333,1.3603333333,0.3559553333
222.7200000000,1.3640000000,0.3559040000
222.6466666667,1.3676666667,0.3558526667
222.5733333333,1.3713333333,0.3558013333
222.5000000000,1.3750000000,0.3557500000
222.4266666667,1.3786666667,0.3556986667
222.3533333333,1.3823333333,0.3556473333
222.2800000000,1.3860000000,0.3555960000
222.2066666667,1.3896666667,0.3555446667
222.1333333333,1.3933333333,0.3554933333
222.0600000000,1.3970000000,0.3554420000
221.9866666667,1.4006666667,0.3553906667
221.9133333333,1.4043333333,0.3553393333
221.8400000000,1.4080000000,0.3552880000
221.7666666667,1.4116666667,0.3552366667
221.6933333333,1.4153333333,0.3551853333
221.6200000000,1.4190000000,0.3551340000
221.5466666667,1.4226666667,0.3550826667
221.4733333333,1.4263333333,0.3550313333
221.4000000000,1.4300000000,0.3549800000
221.3266666667,1.4336666667,0.3549286667
221.2533333333,1.4373333333,0.3548773333
221.1800000000,1.4410000000,0.3548260000
221.1066666667,1.4446666667,0.3547746667
221.0333333333,1.4483333333,0.3547233333
220.9600000000,1.4520000000,0.3546720000
220.8866666667,1.4556666667,0.3546206667
220.8133333333,1.4593333333,0.3545693333
220.7400000000,1.4630000000,0.3545180000
220.6666666667,1.4666666667,0.3544666667
220.5933333333,1.4703333333,0.3544153333
220.5200000000,1.4740000000,0.3543640000
220.4466666667,1.4776666667,0.3543126667
220.3733333333,1.4813333333,0.3542613333
220.3000000000,1.4850000000,0.3542100000
220.2266666667,1.4886666667,0.3541586667
220.1533333333,1.4923333333,0.3541073333
220.0800000000,1.4960000000,0.3540560000
220.0066666667,1.4996666667,0.3540046667
219.9333333333,1.5033333333,0.3539533333
219.8600000000,1.5070000000,0.3539020000
219.7866666667,1.5106666667,0.3538506667
219.7133333333,1.5143333333,0.3537993333
219.6400000000,1.5180000000,0.3537480000
219.5666666667,1.5216666667,0.3536966667
219.4933333333,1.5253333333,0.3536453333
219.4200000000,1.5290000000,0.3535940000
219.3466666667,1.5326666667,0.3535426667
219.2733333333,1.5363333333,0.3534913333
219.2000000000,1.5400000000,0.3534400000
219.1266666667,1.5436666667,0.3533886667
219.0533333333,1.5473333333,0.3533373333
218.9800000000,1.5510000000,0.3532860000
218.9066666667,1.5546666667,0.3532346667
218.8333333333,1.5583333333,0.3531833333
218.7600000000,1.5620000000,0.3531320000
218.6866666667,1.5656666667,0.3530806667
218.6133333333,1.5693333333,0.3530293333
218.5400000000,1.5730000000,0.3529780000
218.4666666667,1.5766666667,0.3529266667
218.3933333333,1.5803333333,0.3528753333
218.3200000000,1.5840000000,0.3528240000
218.2466666667,1.5876666667,0.3527726667
218.1733333333,1.5913333333,0.3527213333
218.1000000000,1.5950000000,0.3526700000
218.0266666667,1.5986666667,0.3526186667
217.9533333333,1.6023333333,0.3525673333
217.8800000000,1.6060000000,0.3525160000
217.8066666667,1.6096666667,0.3524646667
217.7333333333,1.6133333333,0.3524133333
217.6600000000,1.6170000000,0.3523620000
217.5866666667,1.6206666667,0.3523106667
217.5133333333,1.6243333333,0.3522593333
217.4400000000,1.6280000000,0.3522080000
217.3666666667,1.6316666667,0.3521566667
217.2933333333,1.6353333333,0.3521053333
217.2200000000,1.6390000000,0.3520540000
217.1466666667,1.6426666667,0.3520026667
217.0733333333,1.6463333333,0.3519513333
217.0000000000,1.6500000000,0.3519000000
216.9266666667,1.6536666667,0.3518486667
216.8533333333,1.6573333333,0.3517973333
216.7800000000,1.6610000000,0.3517460000
216.7066666667,1.6646666667,0.3516946667
216.6333333333,1.6683333333,0.3516433333
216.5600000000,1.6720000000,0.3515920000
216.4866666667,1.6756666667,0.3515406667
216.4133333333,1.6793333333,0.3514893333
216.3400000000,1.6830000000,0.3514380000
216.2666666667,1.6866666667,0.3513866667
216.1933333333,1.6903333333,0.3513353333
216.1200000000,1.6940000000,0.3512840000
216.0466666667,1.6976666667,0.3512326667
215.9733333333,1.7013333333,0.3511813333
215.9000000000,1.7050000000,0.3511300000
215.8266666667,1.7086666667,0.3510786667
215.7533333333,1.7123333333,0.3510273333
215.6800000000,1.7160000000,0.3509760000
215.6066666667,1.7196666667,0.3509246667
215.5333333333,1.7233333333,0.3508733333
215.4600000000,1.7270000000,0.3508220000
215.3866666667,1.7306666667,0.3507706667
215.3133333333,1.7343333333,0.3507193333
215.2400000000,1.7380000000,0.3506680000
215.1666666667,1.7416666667,0.3506166667
215.0933333333,1.7453333333,0.3505653333
215.0200000000,1.7490000000,0.3505140000
214.9466666667,1.7526666667,0.3504626667
214.8733333333,1.7563333333,0.3504113333
214.8000000000,1.7600000000,0.3503600000
214.7266666667,1.7636666667,0.3503086667
214.6533333333,1.7673333333,0.3502573333
214.5800000000,1.7710000000,0.3502060000
214.5066666667,1.7746666667,0.3501546667
214.4333333333,1.7783333333,0.3501033333
214.3600000000,1.7820000000,0.3500520000
214.2866666667,1.7856666667,0.3500006667
214.2133333333,1.7893333333,0.3499493333
214.1400000000,1.7930000000,0.3498980000
214.0666666667,1.7966666667,0.3498466667
213.9933333333,1.8003333333,0.3497953333
213.9200000000,1.8040000000,0.3497440000
213.8466666667,1.8076666667,0.3496926667
213.7733333333,1.8113333333,0.3496413333
213.7000000000,1.8150000000,0.3495900000
213.6266666667,1.8186666667,0.3495386667
213.5533333333,1.8223333333,0.3494873333
213.4800000000,1.8260000000,0.3494360000
213.4066666667,1.8296666667,0.3493846667
213.3333333333,1.8333333333,0.3493333333
213.2600000000,1.8370000000,0.3492820000
213.1866666667,1.8406666667,0.3492306667
213.1133333333,1.8443333333,0.3491793333
213.0400000000,1.8480000000,0.3491280000
212.9666666667,1.8516666667,0.3490766667
212.8933333333,1.8553333333,0.3490253333
212.8200000000,1.8590000000,0.3489740000
212.7466666667,1.8626666667,0.3489226667
212.6733333333,1.8663333333,0.3488713333
212.6000000000,1.8700000000,0.3488200000
212.5266666667,1.8736666667,0.3487686667
212.4533333333,1.8773333333,0.3487173333
212.3800000000,1.8810000000,0.3486660000
212.3066666667,1.8846666667,0.3486146667
212.2333333333,1.8883333333,0.3485633333
212.1600000000,1.8920000000,0.3485120000
212.0866666667,1.8956666667,0.3484606667
212.0133333333,1.8993333333,0.3484093333
211.9400000000,1.9030000000,0.3483580000
211.8666666667,1.9066666667,0.3483066667
211.7933333333,1.9103333333,0.3482553333
211.7200000000,1.9140000000,0.3482040000
211.6466666667,1.9176666667,0.3481526667
211.5733333333,1.9213333333,0.3481013333
211.5000000000,1.9250000000,0.3480500000
211.4266666667,1.9286666667,0.3479986667
211.3533333333,1.9323333333,0.3479473333
211.2800000000,1.9360000000,0.3478960000
211.2066666667,1.9396666667,0.3478446667
211.1333333333,1.9433333333,0.3477933333
211.0600000000,1.9470000000,0.3477420000
210.9866666667,1.9506666667,0.3476906667
210.9133333333,1.9543333333,0.3476393333
210.8400000000,1.9580000000,0.3475880000
210.7666666667,1.9616666667,0.3475366667
210.6933333333,1.9653333333,0.3474853333
210.6200000000,1.9690000000,0.3474340000
210.5466666667,1.9726666667,0.3473826667
210.4733333333,1.9763333333,0.3473313333
210.4000000000,1.9800000000,0.3472800000
210.3266666667,1.9836666667,0.3472286667
210.2533333333,1.9873333333,0.3471773333
210.1800000000,1.9910000000,0.3471260000
210.1066666667,1.9946666667,0.3470746667
210.0333333333,1.9983333333,0.3470233333
209.9600000000,2.0020000000,0.3469720000
209.8866666667,2.0056666667,0.3469206667
209.8133333333,2.0093333333,0.3468693333
209.7400000000,2.0130000000,0.3468180000
209.6666666667,2.0166666667,0.3467666667
209.5933333333,2.0203333333,0.3467153333
209.5200000000,2.0240000000,0.3466640000
209.4466666667,2.0276666667,0.3466126667
209.3733333333,2.0313333333,0.3465613333
209.3000000000,2.0350000000,0.3465100000
209.2266666667,2.0386666667,0.3464586667
209.1533333333,2.0423333333,0.3464073333
209.0800000000,2.0460000000,0.3463560000
209.0066666667,2.0496666667,0.3463046667
208.9333333333,2.0533333333,0.3462533333
208.8600000000,2.0570000000,0.3462020000
208.7866666667,2.0606666667,0.3461506667
208.7133333333,2.0643333333,0.3460993333
208.6400000000,2.0680000000,0.3460480000
208.5666666667,2.0716666667,0.3459966667
208.4933333333,2.0753333333,0.3459453333
208.4200000000,2.0790000000,0.3458940000
208.3466666667,2.0826666667,0.3458426667
208.2733333333,2.0863333333,0.3457913333
208.2000000000,2.0900000000,0.3457400000
208.1266666667,2.0936666667,0.3456886667
208.0533333333,2.0973333333,0.3456373333
207.9800000000,2.1010000000,0.3455860000
207.9066666667,2.1046666667,0.3455346667
207.8333333333,2.1083333333,0.3454833333
207.7600000000,2.1120000000,0.3454320000
207.6866666667,2.1156666667,0.3453806667
207.6133333333,2.1193333333,0.3453293333
207.5400000000,2.1230000000,0.3452780000
207.4666666667,2.1266666667,0.3452266667
207.3933333333,2.1303333333,0.3451753333
207.3200000000,2.1340000000,0.3451240000
207.2466666667,2.1376666667,0.3450726667
207.1733333333,2.1413333333,0.3450213333
207.1000000000,2.1450000000,0.3449700000
207.0266666667,2.1486666667,0.3449186667
206.9533333333,2.1523333333,0.3448673333
206.8800000000,2.1560000000,0.3448160000
206.8066666667,2.1596666667,0.3447646667
206.7333333333,2.1633333333,0.3447133333
206.6600000000,2.1670000000,0.3446620000
206.5866666667,2.1706666667,0.3446106667
206.5133333333,2.1743333333,0.3445593333
206.4400000000,2.1780000000,0.3445080000
206.3666666667,2.1816666667,0.3444566667
206.2933333333,2.1853333333,0.3444053333
206.2200000000,2.1890000000,0.3443540000
206.1466666667,2.1926666667,0.3443026667
206.0733333333,2.1963333333,0.3442513333
206.0000000000,2.2000000000,0.3442000000
205.9266666667,2.2036666667,0.3441486667
205.8533333333,2.2073333333,0.3440973333
205.7800000000,2.2110000000,0.3440460000
205.7066666667,2.2146666667,0.3439946667
205.6333333333,2.2183333333,0.3439433333
205.5600000000,2.2220000000,0.3438920000
205.4866666667,2.2256666667,0.3438406667
205.4133333333,2.2293333333,0.3437893333
205.3400000000,2.2330000000,0.3437380000
205.2666666667,2.2366666667,0.3436866667
205.1933333333,2.2403333333,0.3436353333
205.1200000000,2.2440000000,0.3435840000
205.0466666667,2.2476666667,0.3435326667
204.9733333333,2.2513333333,0.3434813333
204.9000000000,2.2550000000,0.3434300000
204.8266666667,2.2586666667,0.3433786667
204.7533333333,2.2623333333,0.3433273333
204.6800000000,2.2660000000,0.3432760000
204.6066666667,2.2696666667,0.3432246667
204.5333333333,2.2733333333,0.3431733333
204.4600000000,2.2770000000,0.3431220000
204.3866666667,2.2806666667,0.3430706667
204.3133333333,2.2843333333,0.3430193333
204.2400000000,2.2880000000,0.3429680000
204.1666666667,2.2916666667,0.3429166667
204.0933333333,2.2953333333,0.3428653333
204.0200000000,2.2990000000,0.3428140000
203.9466666667,2.3026666667,0.3427626667
203.8733333333,2.3063333333,0.3427113333
203.8000000000,2.3100000000,0.3426600000
203.7266666667,2.3136666667,0.3426086667
203.6533333333,2.3173333333,0.3425573333
203.5800000000,2.3210000000,0.3425060000
203.5066666667,2.3246666667,0.3424546667
203.4333333333,2.3283333333,0.3424033333
203.3600000000,2.3320000000,0.3423520000
203.2866666667,2.3356666667,0.3423006667
203.2133333333,2.3393333333,0.3422493333
203.1400000000,2.3430000000,0.3421980000
203.0666666667,2.3466666667,0.3421466667
202.9933333333,2.3503333333,0.3420953333
202.9200000000,2.3540000000,0.3420440000
202.8466666667,2.3576666667,0.3419926667
202.7733333333,2.3613333333,0.3419413333
202.7000000000,2.3650000000,0.3418900000
202.6266666667,2.3686666667,0.3418386667
202.5533333333,2.3723333333,0.3417873333
202.4800000000,2.3760000000,0.3417360000
202.4066666667,2.3796666667,0.3416846667
202.3333333333,2.3833333333,0.3416333333
202.2600000000,2.3870000000,0.3415820000
202.1866666667,2.3906666667,0.3415306667
202.1133333333,2.3943333333,0.3414793333
202.0400000000,2.3980000000,0.3414280000
201.9666666667,2.4016666667,0.3413766667
201.8933333333,2.4053333333,0.3413253333
201.8200000000,2.4090000000,0.3412740000
201.7466666667,2.4126666667,0.3412226667
201.6733333333,2.4163333333,0.3411713333
201.6000000000,2.4200000000,0.3411200000
201.5266666667,2.4236666667,0.3410686667
201.4533333333,2.4273333333,0.3410173333
201.3800000000,2.4310000000,0.3409660000
201.3066666667,2.4346666667,0.3409146667
201.2333333333,2.4383333333,0.3408633333
201.1600000000,2.4420000000,0.3408120000
201.0866666667,2.4456666667,0.3407606667
201.0133333333,2.4493333333,0.3407093333
200.9400000000,2.4530000000,0.3406580000
200.8666666667,2.4566666667,0.3406066667
200.7933333333,2.4603333333,0.3405553333
200.7200000000,2.4640000000,0.3405040000
200.6466666667,2.4676666667,0.3404526667
200.5733333333,2.4713333333,0.3404013333
200.5000000000,2.4750000000,0.3403500000
200.4266666667,2.4786666667,0.3402986667
200.3533333333,2.4823333333,0.3402473333
200.2800000000,2.4860000000,0.3401960000
200.2066666667,2.4896666667,0.3401446667
200.1333333333,2.4933333333,0.3400933333
200.0600000000,2.4970000000,0.3400420000
199.9866666667,2.5006666667,0.3399906667
199.9133333333,2.5043333333,0.3399393333
199.8400000000,2.5080000000,0.3398880000
199.7666666667,2.5116666667,0.3398366667
199.6933333333,2.5153333333,0.3397853333
199.6200000000,2.5190000000,0.3397340000
199.5466666667,2.5226666667,0.3396826667
199.4733333333,2.5263333333,0.3396313333
199.4000000000,2.5300000000,0.3395800000
199.3266666667,2.5336666667,0.3395286667
199.2533333333,2.5373333333,0.3394773333
199.1800000000,2.5410000000,0.3394260000
199.1066666667,2.5446666667,0.3393746667
199.0333333333,2.5483333333,0.3393233333
198.9600000000,2.5520000000,0.3392720000
198.8866666667,2.5556666667,0.3392206667
198.8133333333,2.5593333333,0.3391693333
198.7400000000,2.5630000000,0.3391180000
198.6666666667,2.5666666667,0.3390666667
198.5933333333,2.5703333333,0.3390153333
198.5200000000,2.5740000000,0.3389640000
198.4466666667,2.5776666667,0.3389126667
198.3733333333,2.5813333333,0.3388613333
198.3000000000,2.5850000000,0.3388100000
198.2266666667,2.5886666667,0.3387586667
198.1533333333,2.5923333333,0.3387073333
198.0800000000,2.5960000000,0.3386560000
198.0066666667,2.5996666667,0.3386046667
197.9333333333,2.6033333333,0.3385533333
197.8600000000,2.6070000000,0.3385020000
197.7866666667,2.6106666667,0.3384506667
197.7133333333,2.6143333333,0.3383993333
197.6400000000,2.6180000000,0.3383480000
197.5666666667,2.6216666667,0.3382966667
197.4933333333,2.6253333333,0.3382453333
197.4200000000,2.6290000000,0.3381940000
197.3466666667,2.6326666667,0.3381426667
197.2733333333,2.6363333333,0.3380913333
197.2000000000,2.6400000000,0.3380400000
197.1266666667,2.6436666667,0.3379886667
197.0533333333,2.6473333333,0.3379373333
196.9800000000,2.6510000000,0.3378860000
196.9066666667,2.6546666667,0.3378346667
196.8333333333,2.6583333333,0.3377833333
196.7600000000,2.6620000000,0.3377320000
196.6866666667,2.6656666667,0.3376806667
196.6133333333,2.6693333333,0.3376293333
196.5400000000,2.6730000000,0.3375780000
196.4666666667,2.6766666667,0.3375266667
196.3933333333,2.6803333333,0.3374753333
196.3200000000,2.6840000000,0.3374240000
196.2466666667,2.6876666667,0.3373726667
196.1733333333,2.6913333333,0.3373213333
196.1000000000,2.6950000000,0.3372700000
196.0266666667,2.6986666667,0.3372186667
195.9533333333,2.7023333333,0.3371673333
195.8800000000,2.7060000000,0.3371160000
195.8066666667,2.7096666667,0.3370646667
195.7333333333,2.7133333333,0.3370133333
195.6600000000,2.7170000000,0.3369620000
195.5866666667,2.7206666667,0.3369106667
195.5133333333,2.7243333333,0.3368593333
195.4400000000,2.7280000000,0.3368080000
195.3666666667,2.7316666667,0.3367566667
195.2933333333,2.7353333333,0.3367053333
195.2200000000,2.7390000000,0.3366540000
195.1466666667,2.7426666667,0.3366026667
195.0733333333,2.7463333333,0.3365513333
195.0000000000,2.7500000000,0.3365000000
194.9266666667,2.7536666667,0.3364486667
194.8533333333,2.7573333333,0.3363973333
194.7800000000,2.7610000000,0.3363460000
194.7066666667,2.7646666667,0.3362946667
194.6333333333,2.7683333333,0.3362433333
194.5600000000,2.7720000000,0.3361920000
194.4866666667,2.7756666667,0.3361406667
194.4133333333,2.7793333333,0.3360893333
194.3400000000,2.7830000000,0.3360380000
194.2666666667,2.7866666667,0.3359866667
194.1933333333,2.7903333333,0.3359353333
194.1200000000,2.7940000000,0.3358840000
194.0466666667,2.7976666667,0.3358326667
193.9733333333,2.8013333333,0.3357813333
193.9000000000,2.8050000000,0.3357300000
193.8266666667,2.8086666667,0.3356786667
193.7533333333,2.8123333333,0.3356273333
193.6800000000,2.8160000000,0.3355760000
193.6066666667,2.8196666667,0.3355246667
193.5333333333,2.8233333333,0.3354733333
193.4600000000,2.8270000000,0.3354220000
193.3866666667,2.8306666667,0.3353706667
193.3133333333,2.8343333333,0.3353193333
193.2400000000,2.8380000000,0.3352680000
193.1666666667,2.8416666667,0.3352166667
193.0933333333,2.8453333333,0.3351653333
193.0200000000,2.8490000000,0.3351140000
192.9466666667,2.8526666667,0.3350626667
192.8733333333,2.8563333333,0.3350113333
192.8000000000,2.8600000000,0.3349600000
192.7266666667,2.8636666667,0.3349086667
192.6533333333,2.8673333333,0.3348573333
192.5800000000,2.8710000000,0.3348060000
192.5066666667,2.8746666667,0.3347546667
192.4333333333,2.8783333333,0.3347033333
192.3600000000,2.8820000000,0.3346520000
192.2866666667,2.8856666667,0.3346006667
192.2133333333,2.8893333333,0.3345493333
192.1400000000,2.8930000000,0.3344980000
192.0666666667,2.8966666667,0.3344466667
191.9933333333,2.9003333333,0.3343953333
191.9200000000,2.9040000000,0.3343440000
191.8466666667,2.9076666667,0.3342926667
191.7733333333,2.9113333333,0.3342413333
191.7000000000,2.9150000000,0.3341900000
191.6266666667,2.9186666667,0.3341386667
191.5533333333,2.9223333333,0.3340873333
191.4800000000,2.9260000000,0.3340360000
191.4066666667,2.9296666667,0.3339846667
191.3333333333,2.9333333333,0.3339333333
191.2600000000,2.9370000000,0.3338820000
191.1866666667,2.9406666667,0.3338306667
191.1133333333,2.9443333333,0.3337793333
191.0400000000,2.9480000000,0.3337280000
190.9666666667,2.9516666667,0.3336766667
190.8933333333,2.9553333333,0.3336253333
190.8200000000,2.9590000000,0.3335740000
190.7466666667,2.9626666667,0.3335226667
190.6733333333,2.9663333333,0.3334713333
190.6000000000,2.9700000000,0.3334200000
190.5266666667,2.9736666667,0.3333686667
190.4533333333,2.9773333333,0.3333173333
190.3800000000,2.9810000000,0.3332660000
190.3066666667,2.9846666667,0.3332146667
190.2333333333,2.9883333333,0.3331633333
190.1600000000,2.9920000000,0.3331120000
190.0866666667,2.9956666667,0.3330606667
190.0133333333,2.9993333333,0.3330093333
189.9400000000,3.0030000000,0.3329580000
189.8666666667,3.0066666667,0.3329066667
189.7933333333,3.0103333333,0.3328553333
189.7200000000,3.0140000000,0.3328040000
189.6466666667,3.0176666667,0.3327526667
189.5733333333,3.0213333333,0.3327013333
189.5000000000,3.0250000000,0.3326500000
189.4266666667,3.0286666667,0.3325986667
189.3533333333,3.0323333333,0.3325473333
189.2800000000,3.0360000000,0.3324960000
189.2066666667,3.0396666667,0.3324446667
189.1333333333,3.0433333333,0.3323933333
189.0600000000,3.0470000000,0.3323420000
188.9866666667,3.0506666667,0.3322906667
188.9133333333,3.0543333333,0.3322393333
188.8400000000,3.0580000000,0.3321880000
188.7666666667,3.0616666667,0.3321366667
188.6933333333,3.0653333333,0.3320853333
188.6200000000,3.0690000000,0.3320340000
188.5466666667,3.0726666667,0.3319826667
188.4733333333,3.0763333333,0.3319313333
188.4000000000,3.0800000000,0.3318800000
188.3266666667,3.0836666667,0.3318286667
188.2533333333,3.0873333333,0.3317773333
188.1800000000,3.0910000000,0.3317260000
188.1066666667,3.0946666667,0.3316746667
188.0333333333,3.0983333333,0.3316233333
187.9600000000,3.1020000000,0.3315720000
187.8866666667,3.1056666667,0.3315206667
187.8133333333,3.1093333333,0.3314693333
187.7400000000,3.1130000000,0.3314180000
187.6666666667,3.1166666667,0.3313666667
187.5933333333,3.1203333333,0.3313153333
187.5200000000,3.1240000000,0.3312640000
187.4466666667,3.1276666667,0.3312126667
187.3733333333,3.1313333333,0.3311613333
187.3000000000,3.1350000000,0.3311100000
187.2266666667,3.1386666667,0.3310586667
187.1533333333,3.1423333333,0.3310073333
187.0800000000,3.1460000000,0.3309560000
187.0066666667,3.1496666667,0.3309046667
186.9333333333,3.1533333333,0.3308533333
186.8600000000,3.1570000000,0.3308020000
186.7866666667,3.1606666667,0.3307506667
186.7133333333,3.1643333333,0.3306993333
186.6400000000,3.1680000000,0.3306480000
186.5666666667,3.1716666667,0.3305966667
186.4933333333,3.1753333333,0.3305453333
186.4200000000,3.1790000000,0.3304940000
186.3466666667,3.1826666667,0.3304426667
186.2733333333,3.1863333333,0.3303913333
186.2000000000,3.1900000000,0.3303400000
186.1266666667,3.1936666667,0.3302886667
186.0533333333,3.1973333333,0.3302373333
185.9800000000,3.2010000000,0.3301860000
185.9066666667,3.2046666667,0.3301346667
185.8333333333,3.2083333333,0.3300833333
185.7600000000,3.2120000000,0.3300320000
185.6866666667,3.2156666667,0.3299806667
185.6133333333,3.2193333333,0.3299293333
185.5400000000,3.2230000000,0.3298780000
185.4666666667,3.2266666667,0.3298266667
185.3933333333,3.2303333333,0.3297753333
185.3200000000,3.2340000000,0.3297240000
185.2466666667,3.2376666667,0.3296726667
185.1733333333,3.2413333333,0.3296213333
185.1000000000,3.2450000000,0.3295700000
185.0266666667,3.2486666667,0.3295186667
184.9533333333,3.2523333333,0.3294673333
184.8800000000,3.2560000000,0.3294160000
184.8066666667,3.2596666667,0.3293646667
184.7333333333,3.2633333333,0.3293133333
184.6600000000,3.2670000000,0.3292620000
184.5866666667,3.2706666667,0.3292106667
184.5133333333,3.2743333333,0.3291593333
184.4400000000,3.2780000000,0.3291080000
184.3666666667,3.2816666667,0.3290566667
184.2933333333,3.2853333333,0.3290053333
184.2200000000,3.2890000000,0.3289540000
184.1466666667,3.2926666667,0.3289026667
184.0733333333,3.2963333333,0.3288513333
184.0000000000,3.3000000000,0.3288000000
183.9266666667,3.3036666667,0.3287486667
183.8533333333,3.3073333333,0.3286973333
183.7800000000,3.3110000000,0.3286460000
183.7066666667,3.3146666667,0.3285946667
183.6333333333,3.3183333333,0.3285433333
183.5600000000,3.3220000000,0.3284920000
183.4866666667,3.3256666667,0.3284406667
183.4133333333,3.3293333333,0.3283893333
183.3400000000,3.3330000000,0.3283380000
183.2666666667,3.3366666667,0.3282866667
183.1933333333,3.3403333333,0.3282353333
183.1200000000,3.3440000000,0.3281840000
183.0466666667,3.3476666667,0.3281326667
182.9733333333,3.3513333333,0.3280813333
182.9000000000,3.3550000000,0.3280300000
182.8266666667,3.3586666667,0.3279786667
182.7533333333,3.3623333333,0.3279273333
182.6800000000,3.3660000000,0.3278760000
182.6066666667,3.3696666667,0.3278246667
182.5333333333,3.3733333333,0.3277733333
182.4600000000,3.3770000000,0.3277220000
182.3866666667,3.3806666667,0.3276706667
182.3133333333,3.3843333333,0.3276193333
182.2400000000,3.3880000000,0.3275680000
182.1666666667,3.3916666667,0.3275166667
182.0933333333,3.3953333333,0.3274653333
182.0200000000,3.3990000000,0.3274140000
181.9466666667,3.4026666667,0.3273626667
181.8733333333,3.4063333333,0.3273113333
181.8000000000,3.4100000000,0.3272600000
181.7266666667,3.4136666667,0.3272086667
181.6533333333,3.4173333333,0.3271573333
181.5800000000,3.4210000000,0.3271060000
181.5066666667,3.4246666667,0.3270546667
181.4333333333,3.4283333333,0.3270033333
181.3600000000,3.4320000000,0.3269520000
181.2866666667,3.4356666667,0.3269006667
181.2133333333,3.4393333333,0.3268493333
181.1400000000,3.4430000000,0.3267980000
181.0666666667,3.4466666667,0.3267466667
180.9933333333,3.4503333333,0.3266953333
180.9200000000,3.4540000000,0.3266440000
180.8466666667,3.4576666667,0.3265926667
180.7733333333,3.4613333333,0.3265413333
180.7000000000,3.4650000000,0.3264900000
180.6266666667,3.4686666667,0.3264386667
180.5533333333,3.4723333333,0.3263873333
180.4800000000,3.4760000000,0.3263360000
180.4066666667,3.4796666667,0.3262846667
180.3333333333,3.4833333333,0.3262333333
180.2600000000,3.4870000000,0.3261820000
180.1866666667,3.4906666667,0.3261306667
180.1133333333,3.4943333333,0.3260793333
180.0400000000,3.4980000000,0.3260280000
179.9666666667,3.5016666667,0.3259766667
179.8933333333,3.5053333333,0.3259253333
179.8200000000,3.5090000000,0.3258740000
179.7466666667,3.5126666667,0.3258226667
179.6733333333,3.5163333333,0.3257713333
179.6000000000,3.5200000000,0.3257200000
179.5266666667,3.5236666667,0.3256686667
179.4533333333,3.5273333333,0.3256173333
179.3800000000,3.5310000000,0.3255660000
179.3066666667,3.5346666667,0.3255146667
179.2333333333,3.5383333333,0.3254633333
179.1600000000,3.5420000000,0.3254120000
179.0866666667,3.5456666667,0.3253606667
179.0133333333,3.5493333333,0.3253093333
178.9400000000,3.5530000000,0.3252580000
178.8666666667,3.5566666667,0.3252066667
178.7933333333,3.5603333333,0.3251553333
178.7200000000,3.5640000000,0.3251040000
178.6466666667,3.5676666667,0.3250526667
178.5733333333,3.5713333333,0.3250013333
178.5000000000,3.5750000000,0.3249500000
178.4266666667,3.5786666667,0.3248986667
178.3533333333,3.5823333333,0.3248473333
178.2800000000,3.5860000000,0.3247960000
178.2066666667,3.5896666667,0.3247446667
178.1333333333,3.5933333333,0.3246933333
178.0600000000,3.5970000000,0.3246420000
177.9866666667,3.6006666667,0.3245906667
177.9133333333,3.6043333333,0.3245393333
177.8400000000,3.6080000000,0.3244880000
177.7666666667,3.6116666667,0.3244366667
177.6933333333,3.6153333333,0.3243853333
177.6200000000,3.6190000000,0.3243340000
177.5466666667,3.6226666667,0.3242826667
177.4733333333,3.6263333333,0.3242313333
177.4000000000,3.6300000000,0.3241800000
177.3266666667,3.6336666667,0.3241286667
177.2533333333,3.6373333333,0.3240773333
177.1800000000,3.6410000000,0.3240260000
177.1066666667,3.6446666667,0.3239746667
177.0333333333,3.6483333333,0.3239233333
176.9600000000,3.6520000000,0.3238720000
176.8866666667,3.6556666667,0.3238206667
176.8133333333,3.6593333333,0.3237693333
176.7400000000,3.6630000000,0.3237180000
176.6666666667,3.6666666667,0.3236666667
176.5933333333,3.6703333333,0.3236153333
176.5200000000,3.6740000000,0.3235640000
176.4466666667,3.6776666667,0.3235126667
176.3733333333,3.6813333333,0.3234613333
176.3000000000,3.6850000000,0.3234100000
176.2266666667,3.6886666667,0.3233586667
176.1533333333,3.6923333333,0.3233073333
176.0800000000,3.6960000000,0.3232560000
176.0066666667,3.6996666667,0.3232046667
175.9333333333,3.7033333333,0.3231533333
175.8600000000,3.7070000000,0.3231020000
175.7866666667,3.7106666667,0.3230506667
175.7133333333,3.7143333333,0.3229993333
175.6400000000,3.7180000000,0.3229480000
175.5666666667,3.7216666667,0.3228966667
175.4933333333,3.7253333333,0.3228453333
175.4200000000,3.7290000000,0.3227940000
175.3466666667,3.7326666667,0.3227426667
175.2733333333,3.7363333333,0.3226913333
175.2000000000,3.7400000000,0.3226400000
175.1266666667,3.7436666667,0.3225886667
175.0533333333,3.7473333333,0.3225373333
174.9800000000,3.7510000000,0.3224860000
174.9066666667,3.7546666667,0.3224346667
174.8333333333,3.7583333333,0.3223833333
174.7600000000,3.7620000000,0.3223320000
174.6866666667,3.7656666667,0.3222806667
174.6133333333,3.7693333333,0.3222293333
174.5400000000,3.7730000000,0.3221780000
174.4666666667,3.7766666667,0.3221266667
174.3933333333,3.7803333333,0.3220753333
174.3200000000,3.7840000000,0.3220240000
174.2466666667,3.7876666667,0.3219726667
174.1733333333,3.7913333333,0.3219213333
174.1000000000,3.7950000000,0.3218700000
174.0266666667,3.7986666667,0.3218186667
173.9533333333,3.8023333333,0.3217673333
173.8800000000,3.8060000000,0.3217160000
173.8066666667,3.8096666667,0.3216646667
173.7333333333,3.8133333333,0.3216133333
173.6600000000,3.8170000000,0.3215620000
173.5866666667,3.8206666667,0.3215106667
173.5133333333,3.8243333333,0.3214593333
173.4400000000,3.8280000000,0.3214080000
173.3666666667,3.8316666667,0.3213566667
173.2933333333,3.8353333333,0.3213053333
173.2200000000,3.8390000000,0.3212540000
173.1466666667,3.8426666667,0.3212026667
173.0733333333,3.8463333333,0.3211513333
173.0000000000,3.8500000000,0.3211000000
172.9266666667,3.8536666667,0.3210486667
172.8533333333,3.8573333333,0.3209973333
172.7800000000,3.8610000000,0.3209460000
172.7066666667,3.8646666667,0.3208946667
172.6333333333,3.8683333333,0.3208433333
172.5600000000,3.8720000000,0.3207920000
172.4866666667,3.8756666667,0.3207406667
172.4133333333,3.8793333333,0.3206893333
172.3400000000,3.8830000000,0.3206380000
172.2666666667,3.8866666667,0.3205866667
172.1933333333,3.8903333333,0.3205353333
172.1200000000,3.8940000000,0.3204840000
172.0466666667,3.8976666667,0.3204326667
171.9733333333,3.9013333333,0.3203813333
171.9000000000,3.9050000000,0.3203300000
171.8266666667,3.9086666667,0.3202786667
171.7533333333,3.9123333333,0.3202273333
171.6800000000,3.9160000000,0.3201760000
171.6066666667,3.9196666667,0.3201246667
171.5333333333,3.9233333333,0.3200733333
171.4600000000,3.9270000000,0.3200220000
171.3866666667,3.9306666667,0.3199706667
171.3133333333,3.9343333333,0.3199193333
171.2400000000,3.9380000000,0.3198680000
171.1666666667,3.9416666667,0.3198166667
171.0933333333,3.9453333333,0.3197653333
171.0200000000,3.9490000000,0.3197140000
170.9466666667,3.9526666667,0.3196626667
170.8733333333,3.9563333333,0.3196113333
170.8000000000,3.9600000000,0.3195600000
170.7266666667,3.9636666667,0.3195086667
170.6533333333,3.9673333333,0.3194573333
170.5800000000,3.9710000000,0.3194060000
170.5066666667,3.9746666667,0.3193546667
170.4333333333,3.9783333333,0.3193033333
170.3600000000,3.9820000000,0.3192520000
170.2866666667,3.9856666667,0.3192006667
170.2133333333,3.9893333333,0.3191493333
170.1400000000,3.9930000000,0.3190980000
170.0666666667,3.9966666667,0.3190466667
169.9933333333,4.0003333333,0.3189953333
169.9200000000,4.0040000000,0.3189440000
169.8466666667,4.0076666667,0.3188926667
169.7733333333,4.0113333333,0.3188413333
169.7000000000,4.0150000000,0.3187900000
169.6266666667,4.0186666667,0.3187386667
169.5533333333,4.0223333333,0.3186873333
169.4800000000,4.0260000000,0.3186360000
169.4066666667,4.0296666667,0.3185846667
169.3333333333,4.0333333333,0.3185333333
169.2600000000,4.0370000000,0.3184820000
169.1866666667,4.0406666667,0.3184306667
169.1133333333,4.0443333333,0.3183793333
169.0400000000,4.0480000000,0.3183280000
168.9666666667,4.0516666667,0.3182766667
168.8933333333,4.0553333333,0.3182253333
168.8200000000,4.0590000000,0.3181740000
168.7466666667,4.0626666667,0.3181226667
168.6733333333,4.0663333333,0.3180713333
168.6000000000,4.0700000000,0.3180200000
168.5266666667,4.0736666667,0.3179686667
168.4533333333,4.0773333333,0.3179173333
168.3800000000,4.0810000000,0.3178660000
168.3066666667,4.0846666667,0.3178146667
168.2333333333,4.0883333333,0.3177633333
168.1600000000,4.0920000000,0.3177120000
168.0866666667,4.0956666667,0.3176606667
168.0133333333,4.0993333333,0.3176093333
167.9400000000,4.1030000000,0.3175580000
167.8666666667,4.1066666667,0.3175066667
167.7933333333,4.1103333333,0.3174553333
167.7200000000,4.1140000000,0.3174040000
167.6466666667,4.1176666667,0.3173526667
167.5733333333,4.1213333333,0.3173013333
167.5000000000,4.1250000000,0.3172500000
167.4266666667,4.1286666667,0.3171986667
167.3533333333,4.1323333333,0.3171473333
167.2800000000,4.1360000000,0.3170960000
167.2066666667,4.1396666667,0.3170446667
167.1333333333,4.1433333333,0.3169933333
167.0600000000,4.1470000000,0.3169420000
166.9866666667,4.1506666667,0.3168906667
166.9133333333,4.1543333333,0.3168393333
166.8400000000,4.1580000000,0.3167880000
166.7666666667,4.1616666667,0.3167366667
166.6933333333,4.1653333333,0.3166853333
166.6200000000,4.1690000000,0.3166340000
166.5466666667,4.1726666667,0.3165826667
166.4733333333,4.1763333333,0.3165313333
166.4000000000,4.1800000000,0.3164800000
166.3266666667,4.1836666667,0.3164286667
166.2533333333,4.1873333333,0.3163773333
166.1800000000,4.1910000000,0.3163260000
166.1066666667,4.1946666667,0.3162746667
166.0333333333,4.1983333333,0.3162233333
165.9600000000,4.2020000000,0.3161720000
165.8866666667,4.2056666667,0.3161206667
165.8133333333,4.2093333333,0.3160693333
165.7400000000,4.2130000000,0.3160180000
165.6666666667,4.2166666667,0.3159666667
165.5933333333,4.2203333333,0.3159153333
165.5200000000,4.2240000000,0.3158640000
165.4466666667,4.2276666667,0.3158126667
165.3733333333,4.2313333333,0.3157613333
165.3000000000,4.2350000000,0.3157100000
165.2266666667,4.2386666667,0.3156586667
165.1533333333,4.2423333333,0.3156073333
165.0800000000,4.2460000000,0.3155560000
165.0066666667,4.2496666667,0.3155046667
164.9333333333,4.2533333333,0.3154533333
164.8600000000,4.2570000000,0.3154020000
164.7866666667,4.2606666667,0.3153506667
164.7133333333,4.2643333333,0.3152993333
164.6400000000,4.2680000000,0.3152480000
164.5666666667,4.2716666667,0.3151966667
164.4933333333,4.2753333333,0.3151453333
164.4200000000,4.2790000000,0.3150940000
164.3466666667,4.2826666667,0.3150426667
164.2733333333,4.2863333333,0.3149913333
164.2000000000,4.2900000000,0.3149400000
164.1266666667,4.2936666667,0.3148886667
164.0533333333,4.2973333333,0.3148373333
163.9800000000,4.3010000000,0.3147860000
163.9066666667,4.3046666667,0.3147346667
163.8333333333,4.3083333333,0.3146833333
163.7600000000,4.3120000000,0.3146320000
163.6866666667,4.3156666667,0.3145806667
163.6133333333,4.3193333333,0.3145293333
163.5400000000,4.3230000000,0.3144780000
163.4666666667,4.3266666667,0.3144266667
163.3933333333,4.3303333333,0.3143753333
163.3200000000,4.3340000000,0.3143240000
163.2466666667,4.3376666667,0.3142726667
163.1733333333,4.3413333333,0.3142213333
163.1000000000,4.3450000000,0.3141700000
163.0266666667,4.3486666667,0.3141186667
162.9533333333,4.3523333333,0.3140673333
162.8800000000,4.3560000000,0.3140160000
162.8066666667,4.3596666667,0.3139646667
162.7333333333,4.3633333333,0.3139133333
162.6600000000,4.3670000000,0.3138620000
162.5866666667,4.3706666667,0.3138106667
162.5133333333,4.3743333333,0.3137593333
162.4400000000,4.3780000000,0.3137080000
162.3666666667,4.3816666667,0.3136566667
162.2933333333,4.3853333333,0.3136053333
162.2200000000,4.3890000000,0.3135540000
162.1466666667,4.3926666667,0.3135026667
162.0733333333,4.3963333333,0.3134513333
162.0000000000,4.4000000000,0.3134000000
161.9266666667,4.4036666667,0.3133486667
161.8533333333,4.4073333333,0.3132973333
161.7800000000,4.4110000000,0.3132460000
161.7066666667,4.4146666667,0.3131946667
161.6333333333,4.4183333333,0.3131433333
161.5600000000,4.4220000000,0.3130920000
161.4866666667,4.4256666667,0.3130406667
161.4133333333,4.4293333333,0.3129893333
161.3400000000,4.4330000000,0.3129380000
161.2666666667,4.4366666667,0.3128866667
161.1933333333,4.4403333333,0.3128353333
161.1200000000,4.4440000000,0.3127840000
161.0466666667,4.4476666667,0.3127326667
160.9733333333,4.4513333333,0.3126813333
160.9000000000,4.4550000000,0.3126300000
160.8266666667,4.4586666667,0.3125786667
160.7533333333,4.4623333333,0.3125273333
160.6800000000,4.4660000000,0.3124760000
160.6066666667,4.4696666667,0.3124246667
160.5333333333,4.4733333333,0.3123733333
160.4600000000,4.4770000000,0.3123220000
160.3866666667,4.4806666667,0.3122706666
160.3133333333,4.4843333333,0.3122193333
160.2400000000,4.4880000000,0.3121680000
160.1666666667,4.4916666667,0.3121166666
160.0933333333,4.4953333333,0.3120653333
160.0200000000,4.4990000000,0.3120140000
159.9466666667,4.5026666667,0.3119626666
159.8733333333,4.5063333333,0.3119113333
159.8000000000,4.5100000000,0.3118600000
159.7266666667,4.5136666667,0.3118086666
159.6533333333,4.5173333333,0.3117573333
159.5800000000,4.5210000000,0.3117059999
159.5066666667,4.5246666667,0.3116546666
159.4333333333,4.5283333333,0.3116033333
159.3600000000,4.5320000000,0.3115519999
159.2866666667,4.5356666667,0.3115006666
159.2133333333,4.5393333333,0.3114493333
159.1400000000,4.5430000000,0.3113979999
159.0666666667,4.5466666667,0.3113466666
158.9933333333,4.5503333333,0.3112953332
158.9200000000,4.5540000000,0.3112439999
158.8466666667,4.5576666667,0.3111926665
158.7733333333,4.5613333333,0.3111413332
158.7000000000,4.5650000000,0.3110899999
158.6266666667,4.5686666667,0.3110386665
158.5533333333,4.5723333333,0.3109873332
158.4800000000,4.5760000000,0.3109359998
158.4066666667,4.5796666667,0.3108846665
158.3333333333,4.5833333333,0.3108333331
158.2600000000,4.5870000000,0.3107819998
158.1866666667,4.5906666667,0.3107306664
158.1133333333,4.5943333333,0.3106793331
158.0400000000,4.5980000000,0.3106279997
157.9666666667,4.6016666667,0.3105766663
157.8933333333,4.6053333333,0.3105253330
157.8200000000,4.6090000000,0.3104739996
157.7466666667,4.6126666667,0.3104226663
157.6733333333,4.6163333333,0.3103713329
157.6000000000,4.6200000000,0.3103199995
157.5266666667,4.6236666667,0.3102686661
157.4533333333,4.6273333333,0.3102173328
157.3800000000,4.6310000000,0.3101659994
157.3066666667,4.6346666667,0.3101146660
157.2333333333,4.6383333333,0.3100633326
157.1600000000,4.6420000000,0.3100119992
157.0866666667,4.6456666667,0.3099606658
157.0133333333,4.6493333333,0.3099093324
156.9400000000,4.6530000000,0.3098579990
156.8666666667,4.6566666667,0.3098066656
156.7933333333,4.6603333333,0.3097553322
156.7200000000,4.6640000000,0.3097039987
156.6466666667,4.6676666667,0.3096526653
156.5733333333,4.6713333333,0.3096013318
156.5000000000,4.6750000000,0.3095499984
156.4266666667,4.6786666667,0.3094986649
156.3533333333,4.6823333333,0.3094473315
156.2800000000,4.6860000000,0.3093959980
156.2066666667,4.6896666667,0.3093446645
156.1333333333,4.6933333333,0.3092933310
156.0600000000,4.6970000000,0.3092419974
155.9866666667,4.7006666667,0.3091906639
155.9133333333,4.7043333333,0.3091393303
155.8400000000,4.7080000000,0.3090879968
155.7666666667,4.7116666667,0.3090366632
155.6933333333,4.7153333333,0.3089853296
155.6200000000,4.7190000000,0.3089339959
155.5466666667,4.7226666667,0.3088826623
155.4733333333,4.7263333333,0.3088313286
155.4000000000,4.7300000000,0.3087799949
155.3266666667,4.7336666667,0.3087286611
155.2533333333,4.7373333333,0.3086773274
155.1800000000,4.7410000000,0.3086259936
155.1066666667,4.7446666667,0.3085746597
155.0333333333,4.7483333333,0.3085233259
154.9600000000,4.7520000000,0.3084719919
154.8866666667,4.7556666667,0.3084206580
154.8133333333,4.7593333333,0.3083693240
154.7400000000,4.7630000000,0.3083179899
154.6666666667,4.7666666667,0.3082666558
154.5933333333,4.7703333333,0.3082153216
154.5200000000,4.7740000000,0.3081639874
154.4466666667,4.7776666667,0.3081126531
154.3733333333,4.7813333333,0.3080613187
154.3000000000,4.7850000000,0.3080099842
154.2266666667,4.7886666667,0.3079586497
154.1533333333,4.7923333333,0.3079073150
154.0800000000,4.7960000000,0.3078559803
154.0066666667,4.7996666667,0.3078046455
153.9333333333,4.8033333333,0.3077533105
153.8600000000,4.8070000000,0.3077019755
153.7866666667,4.8106666667,0.3076506403
153.7133333333,4.8143333333,0.3075993050
153.6400000000,4.8180000000,0.3075479695
153.5666666667,4.8216666667,0.3074966339
153.4933333333,4.8253333333,0.3074452981
153.4200000000,4.8290000000,0.3073939621
153.3466666667,4.8326666667,0.3073426259
153.2733333333,4.8363333333,0.3072912896
153.2000000000,4.8400000000,0.3072399530
153.1266666667,4.8436666667,0.3071886161
153.0533333333,4.8473333333,0.3071372791
152.9800000000,4.8510000000,0.3070859417
152.9066666667,4.8546666667,0.3070346041
152.8333333333,4.8583333333,0.3069832661
152.7600000000,4.8620000000,0.3069319279
152.6866666667,4.8656666667,0.3068805893
152.6133333333,4.8693333333,0.3068292503
152.5400000000,4.8730000000,0.3067779109
152.4666666667,4.8766666667,0.3067265710
152.3933333333,4.8803333333,0.3066752308
152.3200000000,4.8840000000,0.3066238900
152.2466666667,4.8876666667,0.3065725487
152.1733333333,4.8913333333,0.3065212069
152.1000000000,4.8950000000,0.3064698644
152.0266666667,4.8986666667,0.3064185213
151.9533333333,4.9023333333,0.3063671776
151.8800000000,4.9060000000,0.3063158331
151.8066666667,4.9096666667,0.3062644879
151.7333333333,4.9133333333,0.3062131418
151.6600000000,4.9170000000,0.3061617949
151.5866666667,4.9206666667,0.3061104470
151.5133333333,4.9243333333,0.3060590981
151.4400000000,4.9280000000,0.3060077482
151.3666666667,4.9316666667,0.3059563971
151.2933333333,4.9353333333,0.3059050448
151.2200000000,4.9390000000,0.3058536913
151.1466666667,4.9426666667,0.3058023364
151.0733333333,4.9463333333,0.3057509800
151.0000000000,4.9500000000,0.3056996221
150.9266666667,4.9536666667,0.3056482625
150.8533333333,4.9573333333,0.3055969011
150.7800000000,4.9610000000,0.3055455379
150.7066666667,4.9646666667,0.3054941727
150.6333333333,4.9683333333,0.3054428054
150.5600000000,4.9720000000,0.3053914358
150.4866666667,4.9756666667,0.3053400638
150.4133333333,4.9793333333,0.3052886893
150.3400000000,4.9830000000,0.3052373121
150.2666666667,4.9866666667,0.3051859319
150.1933333333,4.9903333333,0.3051345488
150.1200000000,4.9940000000,0.3050831623
150.0466666667,4.9976666667,0.3050317724
149.9733333333,5.0013333333,0.3049803788
149.9000000000,5.0050000000,0.3049289813
149.8266666667,5.0086666667,0.3048775797
149.7533333333,5.0123333333,0.3048261736
149.6800000000,5.0160000000,0.3047747629
149.6066666667,5.0196666667,0.3047233472
149.5333333333,5.0233333333,0.3046719262
149.4600000000,5.0270000000,0.3046204996
149.3866666667,5.0306666667,0.3045690671
149.3133333333,5.0343333333,0.3045176283
149.2400000000,5.0380000000,0.3044661828
149.1666666667,5.0416666667,0.3044147302
149.0933333333,5.0453333333,0.3043632701
149.0200000000,5.0490000000,0.3043118020
148.9466666667,5.0526666667,0.3042603255
148.8733333333,5.0563333333,0.3042088400
148.8000000000,5.0600000000,0.3041573450
148.7266666667,5.0636666667,0.3041058400
148.6533333333,5.0673333333,0.3040543243
148.5800000000,5.0710000000,0.3040027974
148.5066666667,5.0746666667,0.3039512584
148.4333333333,5.0783333333,0.3038997068
148.3600000000,5.0820000000,0.3038481419
148.2866666667,5.0856666667,0.3037965627
148.2133333333,5.0893333333,0.3037449685
148.1400000000,5.0930000000,0.3036933585
148.0666666667,5.0966666667,0.3036417316
147.9933333333,5.1003333333,0.3035900870
147.9200000000,5.1040000000,0.3035384235
147.8466666667,5.1076666667,0.3034867402
147.7733333333,5.1113333333,0.3034350358
147.7000000000,5.1150000000,0.3033833092
147.6266666667,5.1186666667,0.3033315591
147.5533333333,5.1223333333,0.3032797842
147.4800000000,5.1260000000,0.3032279830
147.4066666667,5.1296666667,0.3031761541
147.3333333333,5.1333333333,0.3031242960
147.2600000000,5.1370000000,0.3030724069
147.1866666667,5.1406666667,0.3030204852
147.1133333333,5.1443333333,0.3029685289
147.0400000000,5.1480000000,0.3029165363
146.9666666667,5.1516666667,0.3028645053
146.8933333333,5.1553333333,0.3028124337
146.8200000000,5.1590000000,0.3027603194
146.7466666667,5.1626666667,0.3027081600
146.6733333333,5.1663333333,0.3026559529
146.6000000000,5.1700000000,0.3026036957
146.5266666667,5.1736666667,0.3025513856
146.4533333333,5.1773333333,0.3024990197
146.3800000000,5.1810000000,0.3024465950
146.3066666667,5.1846666667,0.3023941083
146.2333333333,5.1883333333,0.3023415563
146.1600000000,5.1920000000,0.3022889355
146.0866666667,5.1956666667,0.3022362423
146.0133333333,5.1993333333,0.3021834727
145.9400000000,5.2030000000,0.3021306228
145.8666666667,5.2066666667,0.3020776883
145.7933333333,5.2103333333,0.3020246647
145.7200000000,5.2140000000,0.3019715473
145.6466666667,5.2176666667,0.3019183313
145.5733333333,5.2213333333,0.3018650116
145.5000000000,5.2250000000,0.3018115826
145.4266666667,5.2286666667,0.3017580388
145.3533333333,5.2323333333,0.3017043742
145.2800000000,5.2360000000,0.3016505827
145.2066666667,5.2396666667,0.3015966576
145.1333333333,5.2433333333,0.3015425923
145.0600000000,5.2470000000,0.3014883794
144.9866666667,5.2506666667,0.3014340117
144.9133333333,5.2543333333,0.3013794811
144.8400000000,5.2580000000,0.3013247796
144.7666666667,5.2616666667,0.3012698985
144.6933333333,5.2653333333,0.3012148288
144.6200000000,5.2690000000,0.3011595612
144.5466666667,5.2726666667,0.3011040858
144.4733333333,5.2763333333,0.3010483923
144.4000000000,5.2800000000,0.3009924699
144.3266666667,5.2836666667,0.3009363074
144.2533333333,5.2873333333,0.3008798931
144.1800000000,5.2910000000,0.3008232145
144.1066666667,5.2946666667,0.3007662590
144.0333333333,5.2983333333,0.3007090130
143.9600000000,5.3020000000,0.3006514625
143.8866666667,5.3056666667,0.3005935930
143.8133333333,5.3093333333,0.3005353889
143.7400000000,5.3130000000,0.3004768345
143.6666666667,5.3166666667,0.3004179130
143.5933333333,5.3203333333,0.3003586071
143.5200000000,5.3240000000,0.3002988985
143.4466666667,5.3276666667,0.3002387683
143.3733333333,5.3313333333,0.3001781968
143.3000000000,5.3350000000,0.3001171633
143.2266666667,5.3386666667,0.3000556463
143.1533333333,5.3423333333,0.2999936235
143.0800000000,5.3460000000,0.2999310715
143.0066666667,5.3496666667,0.2998679658
142.9333333333,5.3533333333,0.2998042813
142.8600000000,5.3570000000,0.2997399914
142.7866666667,5.3606666667,0.2996750687
142.7133333333,5.3643333333,0.2996094844
142.6400000000,5.3680000000,0.2995432087
142.5666666667,5.3716666667,0.2994762106
142.4933333333,5.3753333333,0.2994084578
142.4200000000,5.3790000000,0.2993399165
142.3466666667,5.3826666667,0.2992705518
142.2733333333,5.3863333333,0.2992003273
142.2000000000,5.3900000000,0.2991292052
142.1266666667,5.3936666667,0.2990571460
142.0533333333,5.3973333333,0.2989841088
141.9800000000,5.4010000000,0.2989100511
141.9066666667,5.4046666667,0.2988349286
141.8333333333,5.4083333333,0.2987586955
141.7600000000,5.4120000000,0.2986813041
141.6866666667,5.4156666667,0.2986027047
141.6133333333,5.4193333333,0.2985228459
141.5400000000,5.4230000000,0.2984416743
141.4666666667,5.4266666667,0.2983591344
141.3933333333,5.4303333333,0.2982751687
141.3200000000,5.4340000000,0.2981897174
141.2466666667,5.4376666667,0.2981027187
141.1733333333,5.4413333333,0.2980141082
141.1000000000,5.4450000000,0.2979238194
141.0266666667,5.4486666667,0.2978317831
140.9533333333,5.4523333333,0.2977379278
140.8800000000,5.4560000000,0.2976421793
140.8066666667,5.4596666667,0.2975444606
140.7333333333,5.4633333333,0.2974446921
140.6600000000,5.4670000000,0.2973427913
140.5866666667,5.4706666667,0.2972386727
140.5133333333,5.4743333333,0.2971322480
140.4400000000,5.4780000000,0.2970234255
140.3666666667,5.4816666667,0.2969121105
140.2933333333,5.4853333333,0.2967982050
140.2200000000,5.4890000000,0.2966816075
140.1466666667,5.4926666667,0.2965622131
140.0733333333,5.4963333333,0.2964399133
140.0000000000,5.5000000000,0.2963145960
139.9266666667,5.5036666667,0.2961861452
139.8533333333,5.5073333333,0.2960544412
139.7800000000,5.5110000000,0.2959193601
139.7066666667,5.5146666667,0.2957807740
139.6333333333,5.5183333333,0.2956385509
139.5600000000,5.5220000000,0.2954925545
139.4866666667,5.5256666667,0.2953426438
139.4133333333,5.5293333333,0.2951886737
139.3400000000,5.5330000000,0.2950304940
139.2666666667,5.5366666667,0.2948679502
139.1933333333,5.5403333333,0.2947008826
139.1200000000,5.5440000000,0.2945291266
139.0466666667,5.5476666667,0.2943525125
138.9733333333,5.5513333333,0.2941708653
138.9000000000,5.5550000000,0.2939840049
138.8266666667,5.5586666667,0.2937917453
138.7533333333,5.5623333333,0.2935938953
138.6800000000,5.5660000000,0.2933902576
138.6066666667,5.5696666667,0.2931806294
138.5333333333,5.5733333333,0.2929648015
138.4600000000,5.5770000000,0.2927425590
138.3866666667,5.5806666667,0.2925136804
138.3133333333,5.5843333333,0.2922779380
138.2400000000,5.5880000000,0.2920350976
138.1666666667,5.5916666667,0.2917849183
138.0933333333,5.5953333333,0.2915271524
138.0200000000,5.5990000000,0.2912615452
137.9466666667,5.6026666667,0.2909878352
137.8733333333,5.6063333333,0.2907057535
137.8000000000,5.6100000000,0.2904150240
137.7266666667,5.6136666667,0.2901153630
137.6533333333,5.6173333333,0.2898064794
137.5800000000,5.6210000000,0.2894880742
137.5066666667,5.6246666667,0.2891598407
137.4333333333,5.6283333333,0.2888214640
137.3600000000,5.6320000000,0.2884726214
137.2866666667,5.6356666667,0.2881129817
137.2133333333,5.6393333333,0.2877422054
137.1400000000,5.6430000000,0.2873599444
137.0666666667,5.6466666667,0.2869658420
136.9933333333,5.6503333333,0.2865595328
136.9200000000,5.6540000000,0.2861406425
136.8466666667,5.6576666667,0.2857087877
136.7733333333,5.6613333333,0.2852635758
136.7000000000,5.6650000000,0.2848046052
136.6266666667,5.6686666667,0.2843314647
136.5533333333,5.6723333333,0.2838437337
136.4800000000,5.6760000000,0.2833409819
136.4066666667,5.6796666667,0.2828227694
136.3333333333,5.6833333333,0.2822886464
136.2600000000,5.6870000000,0.2817381533
136.1866666667,5.6906666667,0.2811708204
136.1133333333,5.6943333333,0.2805861678
136.0400000000,5.6980000000,0.2799837056
135.9666666667,5.7016666667,0.2793629335
135.8933333333,5.7053333333,0.2787233408
135.8200000000,5.7090000000,0.2780644064
135.7466666667,5.7126666667,0.2773855987
135.6733333333,5.7163333333,0.2766863754
135.6000000000,5.7200000000,0.2759661838
135.5266666667,5.7236666667,0.2752244603
135.4533333333,5.7273333333,0.2744606306
135.3800000000,5.7310000000,0.2736741096
135.3066666667,5.7346666667,0.2728643014
135.2333333333,5.7383333333,0.2720305993
135.1600000000,5.7420000000,0.2711723856
135.0866666667,5.7456666667,0.2702890318
135.0133333333,5.7493333333,0.2693798985
134.9400000000,5.7530000000,0.2684443354
134.8666666667,5.7566666667,0.2674816814
134.7933333333,5.7603333333,0.2664912643
134.7200000000,5.7640000000,0.2654724014
134.6466666667,5.7676666667,0.2644243989
134.5733333333,5.7713333333,0.2633465524
134.5000000000,5.7750000000,0.2622381468
134.4266666667,5.7786666667,0.2610984563
134.3533333333,5.7823333333,0.2599267448
134.2800000000,5.7860000000,0.2587222653
134.2066666667,5.7896666667,0.2574842609
134.1333333333,5.7933333333,0.2562119641
134.0600000000,5.7970000000,0.2549045975
133.9866666667,5.8006666667,0.2535613735
133.9133333333,5.8043333333,0.2521814948
133.8400000000,5.8080000000,0.2507641543
133.7666666667,5.8116666667,0.2493085355
133.6933333333,5.8153333333,0.2478138124
133.6200000000,5.8190000000,0.2462791500
133.5466666667,5.8226666667,0.2447037043
133.4733333333,5.8263333333,0.2430866225
133.4000000000,5.8300000000,0.2414270435
133.3266666667,5.8336666667,0.2397240977
133.2533333333,5.8373333333,0.2379769079
133.1800000000,5.8410000000,0.2361845888
133.1066666667,5.8446666667,0.2343462481
133.0333333333,5.8483333333,0.2324609862
132.9600000000,5.8520000000,0.2305278967
132.8866666667,5.8556666667,0.2285460670
132.8133333333,5.8593333333,0.2265145782
132.7400000000,5.8630000000,0.2244325058
132.6666666667,5.8666666667,0.2222989200
132.5933333333,5.8703333333,0.2201128861
132.5200000000,5.8740000000,0.2178734649
132.4466666667,5.8776666667,0.2155797131
132.3733333333,5.8813333333,0.2132306840
132.3000000000,5.8850000000,0.2108254274
132.2266666667,5.8886666667,0.2083629908
132.1533333333,5.8923333333,0.2058424192
132.0800000000,5.8960000000,0.2032627563
132.0066666667,5.8996666667,0.2006230445
131.9333333333,5.9033333333,0.1979223256
131.8600000000,5.9070000000,0.1951596415
131.7866666667,5.9106666667,0.1923340347
131.7133333333,5.9143333333,0.1894445488
131.6400000000,5.9180000000,0.1864902292
131.5666666667,5.9216666667,0.1834701238
131.4933333333,5.9253333333,0.1803832834
131.4200000000,5.9290000000,0.1772287627
131.3466666667,5.9326666667,0.1740056208
131.2733333333,5.9363333333,0.1707129218
131.2000000000,5.9400000000,0.1673497356
131.1266666667,5.9436666667,0.1639151386
131.0533333333,5.9473333333,0.1604082148
130.9800000000,5.9510000000,0.1568280557
130.9066666667,5.9546666667,0.1531737619
130.8333333333,5.9583333333,0.1494444436
130.7600000000,5.9620000000,0.1456392212
130.6866666667,5.9656666667,0.1417572263
130.6133333333,5.9693333333,0.1377976026
130.5400000000,5.9730000000,0.1337595064
130.4666666667,5.9766666667,0.1296421079
130.3933333333,5.9803333333,0.1254445918
130.3200000000,5.9840000000,0.1211661579
130.2466666667,5.9876666667,0.1168060227
130.1733333333,5.9913333333,0.1123634195
130.1000000000,5.9950000000,0.1078375998
130.0266666667,5.9986666667,0.1032278342
129.9533333333,6.0023333333,0.0985334129
129.8800000000,6.0060000000,0.0937536471
129.8066666667,6.0096666667,0.0888878697
129.7333333333,6.0133333333,0.0839354362
129.6600000000,6.0170000000,0.0788957258
129.5866666667,6.0206666667,0.0737681423
129.5133333333,6.0243333333,0.0685521148
129.4400000000,6.0280000000,0.0632470991
129.3666666667,6.0316666667,0.0578525784
129.2933333333,6.0353333333,0.0523680641
129.2200000000,6.0390000000,0.0467930973
129.1466666667,6.0426666667,0.0411272491
129.0733333333,6.0463333333,0.0353701220
129.0000000000,6.0500000000,0.0295213508
128.9266666667,6.0536666667,0.0235806034
128.8533333333,6.0573333333,0.0175475820
128.7800000000,6.0610000000,0.0114220236
128.7066666667,6.0646666667,0.0052037017
128.6333333333,6.0683333333,-0.0011075736
128.5600000000,6.0720000000,-0.0075119540
128.4866666667,6.0756666667,-0.0140095525
128.4133333333,6.0793333333,-0.0206004424
128.3400000000,6.0830000000,-0.0272846561
128.2666666667,6.0866666667,-0.0340621845
128.1933333333,6.0903333333,-0.0409329763
128.1200000000,6.0940000000,-0.0478969365
128.0466666667,6.0976666667,-0.0549539262
127.9733333333,6.1013333333,-0.0621037613
127.9000000000,6.1050000000,-0.0693462120
127.8266666667,6.1086666667,-0.0766810018
127.7533333333,6.1123333333,-0.0841078068
127.6800000000,6.1160000000,-0.0916262549
127.6066666667,6.1196666667,-0.0992359249
127.5333333333,6.1233333333,-0.1069363462
127.4600000000,6.1270000000,-0.1147269977
127.3866666667,6.1306666667,-0.1226073072
127.3133333333,6.1343333333,-0.1305766509
127.2400000000,6.1380000000,-0.1386343525
127.1666666667,6.1416666667,-0.1467796831
127.0933333333,6.1453333333,-0.1550118599
127.0200000000,6.1490000000,-0.1633300465
126.9466666667,6.1526666667,-0.1717333516
126.8733333333,6.1563333333,-0.1802208291
126.8000000000,6.1600000000,-0.1887914773
126.7266666667,6.1636666667,-0.1974442387
126.6533333333,6.1673333333,-0.2061779996
126.5800000000,6.1710000000,-0.2149915895
126.5066666667,6.1746666667,-0.2238837812
126.4333333333,6.1783333333,-0.2328532902
126.3600000000,6.1820000000,-0.2418987747
126.2866666667,6.1856666667,-0.2510188353
126.2133333333,6.1893333333,-0.2602120148
126.1400000000,6.1930000000,-0.2694767982
126.0666666667,6.1966666667,-0.2788116125
125.9933333333,6.2003333333,-0.2882148268
125.9200000000,6.2040000000,-0.2976847525
125.8466666667,6.2076666667,-0.3072196427
125.7733333333,6.2113333333,-0.3168176932
125.7000000000,6.2150000000,-0.3264770418
125.6266666667,6.2186666667,-0.3361957692
125.5533333333,6.2223333333,-0.3459718987
125.4800000000,6.2260000000,-0.3558033970
125.4066666667,6.2296666667,-0.3656881740
125.3333333333,6.2333333333,-0.3756240836
125.2600000000,6.2370000000,-0.3856089240
125.1866666667,6.2406666667,-0.3956404381
125.1133333333,6.2443333333,-0.4057163141
125.0400000000,6.2480000000,-0.4158341862
124.9666666667,6.2516666667,-0.4259916350
124.8933333333,6.2553333333,-0.4361861883
124.8200000000,6.2590000000,-0.4464153219
124.7466666667,6.2626666667,-0.4566764602
124.6733333333,6.2663333333,-0.4669669772
124.6000000000,6.2700000000,-0.4772841973
124.5266666667,6.2736666667,-0.4876253962
124.4533333333,6.2773333333,-0.4979878019
124.3800000000,6.2810000000,-0.5083685958
124.3066666667,6.2846666667,-0.5187649137
124.2333333333,6.2883333333,-0.5291738469
124.1600000000,6.2920000000,-0.5395924434
124.0866666667,6.2956666667,-0.5500177091
124.0133333333,6.2993333333,-0.5604466091
123.9400000000,6.3030000000,-0.5708760691
123.8666666667,6.3066666667,-0.5813029765
123.7933333333,6.3103333333,-0.5917241821
123.7200000000,6.3140000000,-0.6021365013
123.6466666667,6.3176666667,-0.6125367158
123.5733333333,6.3213333333,-0.6229215750
123.5000000000,6.3250000000,-0.6332877975
123.4266666667,6.3286666667,-0.6436320731
123.3533333333,6.3323333333,-0.6539510638
123.2800000000,6.3360000000,-0.6642414064
123.2066666667,6.3396666667,-0.6744997133
123.1333333333,6.3433333333,-0.6847225749
123.0600000000,6.3470000000,-0.6949065612
122.9866666667,6.3506666667,-0.7050482236
122.9133333333,6.3543333333,-0.7151440968
122.8400000000,6.3580000000,-0.7251907010
122.7666666667,6.3616666667,-0.7351845432
122.6933333333,6.3653333333,-0.7451221199
122.6200000000,6.3690000000,-0.7549999186
122.5466666667,6.3726666667,-0.7648144199
122.4733333333,6.3763333333,-0.7745620997
122.4000000000,6.3800000000,-0.7842394312
122.3266666667,6.3836666667,-0.7938428871
122.2533333333,6.3873333333,-0.8033689414
122.1800000000,6.3910000000,-0.8128140718
122.1066666667,6.3946666667,-0.8221747617
122.0333333333,6.3983333333,-0.8314475026
121.9600000000,6.4020000000,-0.8406287960
121.8866666667,6.4056666667,-0.8497151556
121.8133333333,6.4093333333,-0.8587031098
121.7400000000,6.4130000000,-0.8675892035
121.6666666667,6.4166666667,-0.8763700005
121.5933333333,6.4203333333,-0.8850420858
121.5200000000,6.4240000000,-0.8936020675
121.4466666667,6.4276666667,-0.9020465793
121.3733333333,6.4313333333,-0.9103722827
121.3000000000,6.4350000000,-0.9185758690
121.2266666667,6.4386666667,-0.9266540617
121.1533333333,6.4423333333,-0.9346036183
121.0800000000,6.4460000000,-0.9424213331
121.0066666667,6.4496666667,-0.9501040389
120.9333333333,6.4533333333,-0.9576486091
120.8600000000,6.4570000000,-0.9650519601
120.7866666667,6.4606666667,-0.9723110534
120.7133333333,6.4643333333,-0.9794228974
120.6400000000,6.4680000000,-0.9863845497
120.5666666667,6.4716666667,-0.9931931191
120.4933333333,6.4753333333,-0.9998457677
120.4200000000,6.4790000000,-1.0063397125
120.3466666667,6.4826666667,-1.0126722279
120.2733333333,6.4863333333,-1.0188406471
120.2000000000,6.4900000000,-1.0248423646
120.1266666667,6.4936666667,-1.0306748372
120.0533333333,6.4973333333,-1.0363355868
119.9800000000,6.5010000000,-1.0418222012
119.9066666667,6.5046666667,-1.0471323365
119.8333333333,6.5083333333,-1.0522637186
119.7600000000,6.5120000000,-1.0572141447
119.6866666667,6.5156666667,-1.0619814852
119.6133333333,6.5193333333,-1.0665636848
119.5400000000,6.5230000000,-1.0709587643
119.4666666667,6.5266666667,-1.0751648220
119.3933333333,6.5303333333,-1.0791800351
119.3200000000,6.5340000000,-1.0830026610
119.2466666667,6.5376666667,-1.0866310385
119.1733333333,6.5413333333,-1.0900635890
119.1000000000,6.5450000000,-1.0932988181
119.0266666667,6.5486666667,-1.0963353159
118.9533333333,6.5523333333,-1.0991717588
118.8800000000,6.5560000000,-1.1018069101
118.8066666667,6.5596666667,-1.1042396209
118.7333333333,6.5633333333,-1.1064688311
118.6600000000,6.5670000000,-1.1084935702
118.5866666667,6.5706666667,-1.1103129577
118.5133333333,6.5743333333,-1.1119262044
118.4400000000,6.5780000000,-1.1133326121
118.3666666667,6.5816666667,-1.1145315750
118.2933333333,6.5853333333,-1.1155225796
118.2200000000,6.5890000000,-1.1163052051
118.1466666667,6.5926666667,-1.1168791242
118.0733333333,6.5963333333,-1.1172441027
118.0000000000,6.6000000000,-1.1174000000
117.9266666667,6.6036666667,-1.1173467693
117.8533333333,6.6073333333,-1.1170844575
117.7800000000,6.6110000000,-1.1166132051
117.7066666667,6.6146666667,-1.1159332462
117.6333333333,6.6183333333,-1.1150449083
117.5600000000,6.6220000000,-1.1139486121
117.4866666667,6.6256666667,-1.1126448710
117.4133333333,6.6293333333,-1.1111342911
117.3400000000,6.6330000000,-1.1094175702
117.2666666667,6.6366666667,-1.1074954978
117.1933333333,6.6403333333,-1.1053689542
117.1200000000,6.6440000000,-1.1030389101
117.0466666667,6.6476666667,-1.1005064255
116.9733333333,6.6513333333,-1.0977726492
116.9000000000,6.6550000000,-1.0948388181
116.8266666667,6.6586666667,-1.0917062557
116.7533333333,6.6623333333,-1.0883763718
116.6800000000,6.6660000000,-1.0848506610
116.6066666667,6.6696666667,-1.0811307018
116.5333333333,6.6733333333,-1.0772181553
116.4600000000,6.6770000000,-1.0731147643
116.3866666667,6.6806666667,-1.0688223514
116.3133333333,6.6843333333,-1.0643428185
116.2400000000,6.6880000000,-1.0596781447
116.1666666667,6.6916666667,-1.0548303852
116.0933333333,6.6953333333,-1.0498016698
116.0200000000,6.6990000000,-1.0445942012
115.9466666667,6.7026666667,-1.0392102534
115.8733333333,6.7063333333,-1.0336521706
115.8000000000,6.7100000000,-1.0279223646
115.7266666667,6.7136666667,-1.0220233138
115.6533333333,6.7173333333,-1.0159575612
115.5800000000,6.7210000000,-1.0097277125
115.5066666667,6.7246666667,-1.0033364343
115.4333333333,6.7283333333,-0.9967864525
115.3600000000,6.7320000000,-0.9900805497
115.2866666667,6.7356666667,-0.9832215640
115.2133333333,6.7393333333,-0.9762123867
115.1400000000,6.7430000000,-0.9690559601
115.0666666667,6.7466666667,-0.9617552757
114.9933333333,6.7503333333,-0.9543133722
114.9200000000,6.7540000000,-0.9467333331
114.8466666667,6.7576666667,-0.9390182850
114.7733333333,6.7613333333,-0.9311713950
114.7000000000,6.7650000000,-0.9231958690
114.6266666667,6.7686666667,-0.9150949494
114.5533333333,6.7723333333,-0.9068719126
114.4800000000,6.7760000000,-0.8985300675
114.4066666667,6.7796666667,-0.8900727524
114.3333333333,6.7833333333,-0.8815033339
114.2600000000,6.7870000000,-0.8728252035
114.1866666667,6.7906666667,-0.8640417765
114.1133333333,6.7943333333,-0.8551564890
114.0400000000,6.7980000000,-0.8461727960
113.9666666667,6.8016666667,-0.8370941693
113.8933333333,6.8053333333,-0.8279240950
113.8200000000,6.8090000000,-0.8186660718
113.7466666667,6.8126666667,-0.8093236081
113.6733333333,6.8163333333,-0.7999002205
113.6000000000,6.8200000000,-0.7903994312
113.5266666667,6.8236666667,-0.7808247663
113.4533333333,6.8273333333,-0.7711797532
113.3800000000,6.8310000000,-0.7614679186
113.3066666667,6.8346666667,-0.7516927866
113.2333333333,6.8383333333,-0.7418578766
113.1600000000,6.8420000000,-0.7319667010
113.0866666667,6.8456666667,-0.7220227635
113.0133333333,6.8493333333,-0.7120295569
112.9400000000,6.8530000000,-0.7019905612
112.8666666667,6.8566666667,-0.6919092416
112.7933333333,6.8603333333,-0.6817890466
112.7200000000,6.8640000000,-0.6716334064
112.6466666667,6.8676666667,-0.6614457305
112.5733333333,6.8713333333,-0.6512294064
112.5000000000,6.8750000000,-0.6409877975
112.4266666667,6.8786666667,-0.6307242416
112.3533333333,6.8823333333,-0.6204420492
112.2800000000,6.8860000000,-0.6101445013
112.2066666667,6.8896666667,-0.5998348488
112.1333333333,6.8933333333,-0.5895163098
112.0600000000,6.8970000000,-0.5791920691
111.9866666667,6.9006666667,-0.5688652758
111.9133333333,6.9043333333,-0.5585390424
111.8400000000,6.9080000000,-0.5482164434
111.7666666667,6.9116666667,-0.5379005136
111.6933333333,6.9153333333,-0.5275942471
111.6200000000,6.9190000000,-0.5173005958
111.5466666667,6.9226666667,-0.5070224686
111.4733333333,6.9263333333,-0.4967627295
111.4000000000,6.9300000000,-0.4865241973
111.3266666667,6.9336666667,-0.4763096439
111.2533333333,6.9373333333,-0.4661217935
111.1800000000,6.9410000000,-0.4559633219
111.1066666667,6.9446666667,-0.4458368550
111.0333333333,6.9483333333,-0.4357449684
110.9600000000,6.9520000000,-0.4256901862
110.8866666667,6.9556666667,-0.4156749808
110.8133333333,6.9593333333,-0.4057017714
110.7400000000,6.9630000000,-0.3957729240
110.6666666667,6.9666666667,-0.3858907503
110.5933333333,6.9703333333,-0.3760575073
110.5200000000,6.9740000000,-0.3662753970
110.4466666667,6.9776666667,-0.3565465654
110.3733333333,6.9813333333,-0.3468731025
110.3000000000,6.9850000000,-0.3372570418
110.2266666667,6.9886666667,-0.3277003598
110.1533333333,6.9923333333,-0.3182049761
110.0800000000,6.9960000000,-0.3087727525
110.0066666667,6.9996666667,-0.2994054935
109.9333333333,7.0033333333,-0.2901049458
109.8600000000,7.0070000000,-0.2808727982
109.7866666667,7.0106666667,-0.2717106815
109.7133333333,7.0143333333,-0.2626201686
109.6400000000,7.0180000000,-0.2536027747
109.5666666667,7.0216666667,-0.2446599569
109.4933333333,7.0253333333,-0.2357931145
109.4200000000,7.0290000000,-0.2270035895
109.3466666667,7.0326666667,-0.2182926663
109.2733333333,7.0363333333,-0.2096615721
109.2000000000,7.0400000000,-0.2011114773
109.1266666667,7.0436666667,-0.1926434958
109.0533333333,7.0473333333,-0.1842586850
108.9800000000,7.0510000000,-0.1759580465
108.9066666667,7.0546666667,-0.1677425266
108.8333333333,7.0583333333,-0.1596130164
108.7600000000,7.0620000000,-0.1515703525
108.6866666667,7.0656666667,-0.1436153175
108.6133333333,7.0693333333,-0.1357486405
108.5400000000,7.0730000000,-0.1279709977
108.4666666667,7.0766666667,-0.1202830129
108.3933333333,7.0803333333,-0.1126852583
108.3200000000,7.0840000000,-0.1051782549
108.2466666667,7.0876666667,-0.0977624735
108.1733333333,7.0913333333,-0.0904383351
108.1000000000,7.0950000000,-0.0832062120
108.0266666667,7.0986666667,-0.0760664279
107.9533333333,7.1023333333,-0.0690192595
107.8800000000,7.1060000000,-0.0620649365
107.8066666667,7.1096666667,-0.0552036430
107.7333333333,7.1133333333,-0.0484355179
107.6600000000,7.1170000000,-0.0417606561
107.5866666667,7.1206666667,-0.0351791091
107.5133333333,7.1243333333,-0.0286908859
107.4400000000,7.1280000000,-0.0222959540
107.3666666667,7.1316666667,-0.0159942402
107.2933333333,7.1353333333,-0.0097856316
107.2200000000,7.1390000000,-0.0036699764
107.1466666667,7.1426666667,0.0023529153
107.0733333333,7.1463333333,0.0082832701
107.0000000000,7.1500000000,0.0141213508
106.9266666667,7.1536666667,0.0198674554
106.8533333333,7.1573333333,0.0255219158
106.7800000000,7.1610000000,0.0310850973
106.7066666667,7.1646666667,0.0365573975
106.6333333333,7.1683333333,0.0419392450
106.5600000000,7.1720000000,0.0472310991
106.4866666667,7.1756666667,0.0524334481
106.4133333333,7.1793333333,0.0575468089
106.3400000000,7.1830000000,0.0625717258
106.2666666667,7.1866666667,0.0675087696
106.1933333333,7.1903333333,0.0723585364
106.1200000000,7.1940000000,0.0771216471
106.0466666667,7.1976666667,0.0817987462
105.9733333333,7.2013333333,0.0863905009
105.9000000000,7.2050000000,0.0908975998
105.8266666667,7.2086666667,0.0953207528
105.7533333333,7.2123333333,0.0996606893
105.6800000000,7.2160000000,0.1039181579
105.6066666667,7.2196666667,0.1080939251
105.5333333333,7.2233333333,0.1121887746
105.4600000000,7.2270000000,0.1162035064
105.3866666667,7.2306666667,0.1201389359
105.3133333333,7.2343333333,0.1239958930
105.2400000000,7.2380000000,0.1277752212
105.1666666667,7.2416666667,0.1314777770
105.0933333333,7.2453333333,0.1351044286
105.0200000000,7.2490000000,0.1386560557
104.9466666667,7.2526666667,0.1421335481
104.8733333333,7.2563333333,0.1455378053
104.8000000000,7.2600000000,0.1488697356
104.7266666667,7.2636666667,0.1521302551
104.6533333333,7.2673333333,0.1553202875
104.5800000000,7.2710000000,0.1584407627
104.5066666667,7.2746666667,0.1614926167
104.4333333333,7.2783333333,0.1644767905
104.3600000000,7.2820000000,0.1673942292
104.2866666667,7.2856666667,0.1702458822
104.2133333333,7.2893333333,0.1730327014
104.1400000000,7.2930000000,0.1757556415
104.0666666667,7.2966666667,0.1784156589
103.9933333333,7.3003333333,0.1810137111
103.9200000000,7.3040000000,0.1835507563
103.8466666667,7.3076666667,0.1860277525
103.7733333333,7.3113333333,0.1884456574
103.7000000000,7.3150000000,0.1908054274
103.6266666667,7.3186666667,0.1931080173
103.5533333333,7.3223333333,0.1953543798
103.4800000000,7.3260000000,0.1975454649
103.4066666667,7.3296666667,0.1996822194
103.3333333333,7.3333333333,0.2017655866
103.2600000000,7.3370000000,0.2037965058
103.1866666667,7.3406666667,0.2057759115
103.1133333333,7.3443333333,0.2077047337
103.0400000000,7.3480000000,0.2095838967
102.9666666667,7.3516666667,0.2114143195
102.8933333333,7.3553333333,0.2131969148
102.8200000000,7.3590000000,0.2149325888
102.7466666667,7.3626666667,0.2166222412
102.6733333333,7.3663333333,0.2182667644
102.6000000000,7.3700000000,0.2198670435
102.5266666667,7.3736666667,0.2214239559
102.4533333333,7.3773333333,0.2229383710
102.3800000000,7.3810000000,0.2244111500
102.3066666667,7.3846666667,0.2258431458
102.2333333333,7.3883333333,0.2272352022
102.1600000000,7.3920000000,0.2285881543
102.0866666667,7.3956666667,0.2299028281
102.0133333333,7.3993333333,0.2311800401
101.9400000000,7.4030000000,0.2324205975
101.8666666667,7.4066666667,0.2336252974
101.7933333333,7.4103333333,0.2347949276
101.7200000000,7.4140000000,0.2359302653
101.6466666667,7.4176666667,0.2370320781
101.5733333333,7.4213333333,0.2381011230
101.5000000000,7.4250000000,0.2391381468
101.4266666667,7.4286666667,0.2401438857
101.3533333333,7.4323333333,0.2411190655
101.2800000000,7.4360000000,0.2420644014
101.2066666667,7.4396666667,0.2429805977
101.1333333333,7.4433333333,0.2438683481
101.0600000000,7.4470000000,0.2447283354
100.9866666667,7.4506666667,0.2455612318
100.9133333333,7.4543333333,0.2463676984
100.8400000000,7.4580000000,0.2471483856
100.7666666667,7.4616666667,0.2479039326
100.6933333333,7.4653333333,0.2486349681
100.6200000000,7.4690000000,0.2493421096
100.5466666667,7.4726666667,0.2500259639
100.4733333333,7.4763333333,0.2506871270
100.4000000000,7.4800000000,0.2513261838
100.3266666667,7.4836666667,0.2519437087
100.2533333333,7.4873333333,0.2525402653
100.1800000000,7.4910000000,0.2531164064
100.1066666667,7.4946666667,0.2536726741
100.0333333333,7.4983333333,0.2542096002
99.9600000000,7.5020000000,0.2547277056
99.8866666667,7.5056666667,0.2552275012
99.8133333333,7.5093333333,0.2557094871
99.7400000000,7.5130000000,0.2561741533
99.6666666667,7.5166666667,0.2566219798
99.5933333333,7.5203333333,0.2570534361
99.5200000000,7.5240000000,0.2574689819
99.4466666667,7.5276666667,0.2578690670
99.3733333333,7.5313333333,0.2582541314
99.3000000000,7.5350000000,0.2586246052
99.2266666667,7.5386666667,0.2589809092
99.1533333333,7.5423333333,0.2593234543
99.0800000000,7.5460000000,0.2596526425
99.0066666667,7.5496666667,0.2599688661
98.9333333333,7.5533333333,0.2602725087
98.8600000000,7.5570000000,0.2605639444
98.7866666667,7.5606666667,0.2608435387
98.7133333333,7.5643333333,0.2611116484
98.6400000000,7.5680000000,0.2613686214
98.5666666667,7.5716666667,0.2616147974
98.4933333333,7.5753333333,0.2618505073
98.4200000000,7.5790000000,0.2620760742
98.3466666667,7.5826666667,0.2622918127
98.2733333333,7.5863333333,0.2624980297
98.2000000000,7.5900000000,0.2626950240
98.1266666667,7.5936666667,0.2628830869
98.0533333333,7.5973333333,0.2630625019
97.9800000000,7.6010000000,0.2632335452
97.9066666667,7.6046666667,0.2633964857
97.8333333333,7.6083333333,0.2635515850
97.7600000000,7.6120000000,0.2636990976
97.6866666667,7.6156666667,0.2638392713
97.6133333333,7.6193333333,0.2639723470
97.5400000000,7.6230000000,0.2640985590
97.4666666667,7.6266666667,0.2642181348
97.3933333333,7.6303333333,0.2643312960
97.3200000000,7.6340000000,0.2644382576
97.2466666667,7.6376666667,0.2645392286
97.1733333333,7.6413333333,0.2646344120
97.1000000000,7.6450000000,0.2647240049
97.0266666667,7.6486666667,0.2648081987
96.9533333333,7.6523333333,0.2648871791
96.8800000000,7.6560000000,0.2649611266
96.8066666667,7.6596666667,0.2650302159
96.7333333333,7.6633333333,0.2650946169
96.6600000000,7.6670000000,0.2651544940
96.5866666667,7.6706666667,0.2652100070
96.5133333333,7.6743333333,0.2652613105
96.4400000000,7.6780000000,0.2653085545
96.3666666667,7.6816666667,0.2653518843
96.2933333333,7.6853333333,0.2653914407
96.2200000000,7.6890000000,0.2654273601
96.1466666667,7.6926666667,0.2654597745
96.0733333333,7.6963333333,0.2654888119
96.0000000000,7.7000000000,0.2655145960
95.9266666667,7.7036666667,0.2655372467
95.8533333333,7.7073333333,0.2655568798
95.7800000000,7.7110000000,0.2655736075
95.7066666667,7.7146666667,0.2655875384
95.6333333333,7.7183333333,0.2655987772
95.5600000000,7.7220000000,0.2656074255
95.4866666667,7.7256666667,0.2656135813
95.4133333333,7.7293333333,0.2656173394
95.3400000000,7.7330000000,0.2656187913
95.2666666667,7.7366666667,0.2656180254
95.1933333333,7.7403333333,0.2656151272
95.1200000000,7.7440000000,0.2656101793
95.0466666667,7.7476666667,0.2656032612
94.9733333333,7.7513333333,0.2655944498
94.9000000000,7.7550000000,0.2655838194
94.8266666667,7.7586666667,0.2655714416
94.7533333333,7.7623333333,0.2655573854
94.6800000000,7.7660000000,0.2655417174
94.6066666667,7.7696666667,0.2655245020
94.5333333333,7.7733333333,0.2655058011
94.4600000000,7.7770000000,0.2654856743
94.3866666667,7.7806666667,0.2654641792
94.3133333333,7.7843333333,0.2654413713
94.2400000000,7.7880000000,0.2654173041
94.1666666667,7.7916666667,0.2653920289
94.0933333333,7.7953333333,0.2653655953
94.0200000000,7.7990000000,0.2653380511
93.9466666667,7.8026666667,0.2653094421
93.8733333333,7.8063333333,0.2652798126
93.8000000000,7.8100000000,0.2652492052
93.7266666667,7.8136666667,0.2652176607
93.6533333333,7.8173333333,0.2651852185
93.5800000000,7.8210000000,0.2651519165
93.5066666667,7.8246666667,0.2651177911
93.4333333333,7.8283333333,0.2650828773
93.3600000000,7.8320000000,0.2650472087
93.2866666667,7.8356666667,0.2650108177
93.2133333333,7.8393333333,0.2649737353
93.1400000000,7.8430000000,0.2649359914
93.0666666667,7.8466666667,0.2648976146
92.9933333333,7.8503333333,0.2648586325
92.9200000000,7.8540000000,0.2648190715
92.8466666667,7.8576666667,0.2647789568
92.7733333333,7.8613333333,0.2647383130
92.7000000000,7.8650000000,0.2646971633
92.6266666667,7.8686666667,0.2646555301
92.5533333333,7.8723333333,0.2646134350
92.4800000000,7.8760000000,0.2645708985
92.4066666667,7.8796666667,0.2645279404
92.3333333333,7.8833333333,0.2644845797
92.2600000000,7.8870000000,0.2644408345
92.1866666667,7.8906666667,0.2643967223
92.1133333333,7.8943333333,0.2643522596
92.0400000000,7.8980000000,0.2643074625
91.9666666667,7.9016666667,0.2642623463
91.8933333333,7.9053333333,0.2642169257
91.8200000000,7.9090000000,0.2641712145
91.7466666667,7.9126666667,0.2641252264
91.6733333333,7.9163333333,0.2640789741
91.6000000000,7.9200000000,0.2640324699
91.5266666667,7.9236666667,0.2639857256
91.4533333333,7.9273333333,0.2639387524
91.3800000000,7.9310000000,0.2638915612
91.3066666667,7.9346666667,0.2638441622
91.2333333333,7.9383333333,0.2637965652
91.1600000000,7.9420000000,0.2637487796
91.0866666667,7.9456666667,0.2637008144
91.0133333333,7.9493333333,0.2636526783
90.9400000000,7.9530000000,0.2636043794
90.8666666667,7.9566666667,0.2635559256
90.7933333333,7.9603333333,0.2635073243
90.7200000000,7.9640000000,0.2634585827
90.6466666667,7.9676666667,0.2634097076
90.5733333333,7.9713333333,0.2633607055
90.5000000000,7.9750000000,0.2633115826
90.4266666667,7.9786666667,0.2632623449
90.3533333333,7.9823333333,0.2632129980
90.2800000000,7.9860000000,0.2631635473
90.2066666667,7.9896666667,0.2631139980
90.1333333333,7.9933333333,0.2630643549
90.0600000000,7.9970000000,0.2630146228
89.9866666667,8.0006666667,0.2629648061
89.9133333333,8.0043333333,0.2629149089
89.8400000000,8.0080000000,0.2628649355
89.7666666667,8.0116666667,0.2628148896
89.6933333333,8.0153333333,0.2627647749
89.6200000000,8.0190000000,0.2627145950
89.5466666667,8.0226666667,0.2626643530
89.4733333333,8.0263333333,0.2626140523
89.4000000000,8.0300000000,0.2625636957
89.3266666667,8.0336666667,0.2625132863
89.2533333333,8.0373333333,0.2624628266
89.1800000000,8.0410000000,0.2624123194
89.1066666667,8.0446666667,0.2623617671
89.0333333333,8.0483333333,0.2623111720
88.9600000000,8.0520000000,0.2622605363
88.8866666667,8.0556666667,0.2622098623
88.8133333333,8.0593333333,0.2621591518
88.7400000000,8.0630000000,0.2621084069
88.6666666667,8.0666666667,0.2620576293
88.5933333333,8.0703333333,0.2620068208
88.5200000000,8.0740000000,0.2619559830
88.4466666667,8.0776666667,0.2619051175
88.3733333333,8.0813333333,0.2618542258
88.3000000000,8.0850000000,0.2618033092
88.2266666667,8.0886666667,0.2617523691
88.1533333333,8.0923333333,0.2617014068
88.0800000000,8.0960000000,0.2616504235
88.0066666667,8.0996666667,0.2615994203
87.9333333333,8.1033333333,0.2615483983
87.8600000000,8.1070000000,0.2614973585
87.7866666667,8.1106666667,0.2614463019
87.7133333333,8.1143333333,0.2613952294
87.6400000000,8.1180000000,0.2613441419
87.5666666667,8.1216666667,0.2612930402
87.4933333333,8.1253333333,0.2612419251
87.4200000000,8.1290000000,0.2611907974
87.3466666667,8.1326666667,0.2611396577
87.2733333333,8.1363333333,0.2610885067
87.2000000000,8.1400000000,0.2610373450
87.1266666667,8.1436666667,0.2609861734
87.0533333333,8.1473333333,0.2609349922
86.9800000000,8.1510000000,0.2608838020
86.9066666667,8.1546666667,0.2608326034
86.8333333333,8.1583333333,0.2607813969
86.7600000000,8.1620000000,0.2607301828
86.6866666667,8.1656666667,0.2606789616
86.6133333333,8.1693333333,0.2606277338
86.5400000000,8.1730000000,0.2605764996
86.4666666667,8.1766666667,0.2605252595
86.3933333333,8.1803333333,0.2604740138
86.3200000000,8.1840000000,0.2604227629
86.2466666667,8.1876666667,0.2603715070
86.1733333333,8.1913333333,0.2603202463
86.1000000000,8.1950000000,0.2602689813
86.0266666667,8.1986666667,0.2602177121
85.9533333333,8.2023333333,0.2601664391
85.8800000000,8.2060000000,0.2601151623
85.8066666667,8.2096666667,0.2600638821
85.7333333333,8.2133333333,0.2600125986
85.6600000000,8.2170000000,0.2599613121
85.5866666667,8.2206666667,0.2599100226
85.5133333333,8.2243333333,0.2598587305
85.4400000000,8.2280000000,0.2598074358
85.3666666667,8.2316666667,0.2597561387
85.2933333333,8.2353333333,0.2597048394
85.2200000000,8.2390000000,0.2596535379
85.1466666667,8.2426666667,0.2596022345
85.0733333333,8.2463333333,0.2595509291
85.0000000000,8.2500000000,0.2594996221
84.9266666667,8.2536666667,0.2594483133
84.8533333333,8.2573333333,0.2593970030
84.7800000000,8.2610000000,0.2593456913
84.7066666667,8.2646666667,0.2592943782
84.6333333333,8.2683333333,0.2592430638
84.5600000000,8.2720000000,0.2591917482
84.4866666667,8.2756666667,0.2591404314
84.4133333333,8.2793333333,0.2590891137
84.3400000000,8.2830000000,0.2590377949
84.2666666667,8.2866666667,0.2589864751
84.1933333333,8.2903333333,0.2589351545
84.1200000000,8.2940000000,0.2588838331
84.0466666667,8.2976666667,0.2588325109
83.9733333333,8.3013333333,0.2587811880
83.9000000000,8.3050000000,0.2587298644
83.8266666667,8.3086666667,0.2586785402
83.7533333333,8.3123333333,0.2586272154
83.6800000000,8.3160000000,0.2585758900
83.6066666667,8.3196666667,0.2585245641
83.5333333333,8.3233333333,0.2584732377
83.4600000000,8.3270000000,0.2584219109
83.3866666667,8.3306666667,0.2583705836
83.3133333333,8.3343333333,0.2583192559
83.2400000000,8.3380000000,0.2582679279
83.1666666667,8.3416666667,0.2582165995
83.0933333333,8.3453333333,0.2581652708
83.0200000000,8.3490000000,0.2581139417
82.9466666667,8.3526666667,0.2580626124
82.8733333333,8.3563333333,0.2580112828
82.8000000000,8.3600000000,0.2579599530
82.7266666667,8.3636666667,0.2579086229
82.6533333333,8.3673333333,0.2578572926
82.5800000000,8.3710000000,0.2578059621
82.5066666667,8.3746666667,0.2577546314
82.4333333333,8.3783333333,0.2577033005
82.3600000000,8.3820000000,0.2576519695
82.2866666667,8.3856666667,0.2576006383
82.2133333333,8.3893333333,0.2575493070
82.1400000000,8.3930000000,0.2574979755
82.0666666667,8.3966666667,0.2574466439
81.9933333333,8.4003333333,0.2573953122
81.9200000000,8.4040000000,0.2573439803
81.8466666667,8.4076666667,0.2572926484
81.7733333333,8.4113333333,0.2572413163
81.7000000000,8.4150000000,0.2571899842
81.6266666667,8.4186666667,0.2571386520
81.5533333333,8.4223333333,0.2570873197
81.4800000000,8.4260000000,0.2570359874
81.4066666667,8.4296666667,0.2569846549
81.3333333333,8.4333333333,0.2569333225
81.2600000000,8.4370000000,0.2568819899
81.1866666667,8.4406666667,0.2568306573
81.1133333333,8.4443333333,0.2567793246
81.0400000000,8.4480000000,0.2567279919
80.9666666667,8.4516666667,0.2566766592
80.8933333333,8.4553333333,0.2566253264
80.8200000000,8.4590000000,0.2565739936
80.7466666667,8.4626666667,0.2565226607
80.6733333333,8.4663333333,0.2564713278
80.6000000000,8.4700000000,0.2564199949
80.5266666667,8.4736666667,0.2563686619
80.4533333333,8.4773333333,0.2563173289
80.3800000000,8.4810000000,0.2562659959
80.3066666667,8.4846666667,0.2562146629
80.2333333333,8.4883333333,0.2561633298
80.1600000000,8.4920000000,0.2561119968
80.0866666667,8.4956666667,0.2560606637
80.0133333333,8.4993333333,0.2560093306
79.9400000000,8.5030000000,0.2559579974
79.8666666667,8.5066666667,0.2559066643
79.7933333333,8.5103333333,0.2558553311
79.7200000000,8.5140000000,0.2558039980
79.6466666667,8.5176666667,0.2557526648
79.5733333333,8.5213333333,0.2557013316
79.5000000000,8.5250000000,0.2556499984
79.4266666667,8.5286666667,0.2555986652
79.3533333333,8.5323333333,0.2555473320
79.2800000000,8.5360000000,0.2554959987
79.2066666667,8.5396666667,0.2554446655
79.1333333333,8.5433333333,0.2553933323
79.0600000000,8.5470000000,0.2553419990
78.9866666667,8.5506666667,0.2552906657
78.9133333333,8.5543333333,0.2552393325
78.8400000000,8.5580000000,0.2551879992
78.7666666667,8.5616666667,0.2551366659
78.6933333333,8.5653333333,0.2550853327
78.6200000000,8.5690000000,0.2550339994
78.5466666667,8.5726666667,0.2549826661
78.4733333333,8.5763333333,0.2549313328
78.4000000000,8.5800000000,0.2548799995
78.3266666667,8.5836666667,0.2548286662
78.2533333333,8.5873333333,0.2547773329
78.1800000000,8.5910000000,0.2547259996
78.1066666667,8.5946666667,0.2546746663
78.0333333333,8.5983333333,0.2546233330
77.9600000000,8.6020000000,0.2545719997
77.8866666667,8.6056666667,0.2545206664
77.8133333333,8.6093333333,0.2544693331
77.7400000000,8.6130000000,0.2544179998
77.6666666667,8.6166666667,0.2543666665
77.5933333333,8.6203333333,0.2543153331
77.5200000000,8.6240000000,0.2542639998
77.4466666667,8.6276666667,0.2542126665
77.3733333333,8.6313333333,0.2541613332
77.3000000000,8.6350000000,0.2541099999
77.2266666667,8.6386666667,0.2540586665
77.1533333333,8.6423333333,0.2540073332
77.0800000000,8.6460000000,0.2539559999
77.0066666667,8.6496666667,0.2539046666
76.9333333333,8.6533333333,0.2538533332
76.8600000000,8.6570000000,0.2538019999
76.7866666667,8.6606666667,0.2537506666
76.7133333333,8.6643333333,0.2536993333
76.6400000000,8.6680000000,0.2536479999
76.5666666667,8.6716666667,0.2535966666
76.4933333333,8.6753333333,0.2535453333
76.4200000000,8.6790000000,0.2534939999
76.3466666667,8.6826666667,0.2534426666
76.2733333333,8.6863333333,0.2533913333
76.2000000000,8.6900000000,0.2533400000
76.1266666667,8.6936666667,0.2532886666
76.0533333333,8.6973333333,0.2532373333
75.9800000000,8.7010000000,0.2531860000
75.9066666667,8.7046666667,0.2531346666
75.8333333333,8.7083333333,0.2530833333
75.7600000000,8.7120000000,0.2530320000
75.6866666667,8.7156666667,0.2529806666
75.6133333333,8.7193333333,0.2529293333
75.5400000000,8.7230000000,0.2528780000
75.4666666667,8.7266666667,0.2528266666
75.3933333333,8.7303333333,0.2527753333
75.3200000000,8.7340000000,0.2527240000
75.2466666667,8.7376666667,0.2526726667
75.1733333333,8.7413333333,0.2526213333
75.1000000000,8.7450000000,0.2525700000
75.0266666667,8.7486666667,0.2525186667
74.9533333333,8.7523333333,0.2524673333
74.8800000000,8.7560000000,0.2524160000
74.8066666667,8.7596666667,0.2523646667
74.7333333333,8.7633333333,0.2523133333
74.6600000000,8.7670000000,0.2522620000
74.5866666667,8.7706666667,0.2522106667
74.5133333333,8.7743333333,0.2521593333
74.4400000000,8.7780000000,0.2521080000
74.3666666667,8.7816666667,0.2520566667
74.2933333333,8.7853333333,0.2520053333
74.2200000000,8.7890000000,0.2519540000
74.1466666667,8.7926666667,0.2519026667
74.0733333333,8.7963333333,0.2518513333
74.0000000000,8.8000000000,0.2518000000
73.9266666667,8.8036666667,0.2517486667
73.8533333333,8.8073333333,0.2516973333
73.7800000000,8.8110000000,0.2516460000
73.7066666667,8.8146666667,0.2515946667
73.6333333333,8.8183333333,0.2515433333
73.5600000000,8.8220000000,0.2514920000
73.4866666667,8.8256666667,0.2514406667
73.4133333333,8.8293333333,0.2513893333
73.3400000000,8.8330000000,0.2513380000
73.2666666667,8.8366666667,0.2512866667
73.1933333333,8.8403333333,0.2512353333
73.1200000000,8.8440000000,0.2511840000
73.0466666667,8.8476666667,0.2511326667
72.9733333333,8.8513333333,0.2510813333
72.9000000000,8.8550000000,0.2510300000
72.8266666667,8.8586666667,0.2509786667
72.7533333333,8.8623333333,0.2509273333
72.6800000000,8.8660000000,0.2508760000
72.6066666667,8.8696666667,0.2508246667
72.5333333333,8.8733333333,0.2507733333
72.4600000000,8.8770000000,0.2507220000
72.3866666667,8.8806666667,0.2506706667
72.3133333333,8.8843333333,0.2506193333
72.2400000000,8.8880000000,0.2505680000
72.1666666667,8.8916666667,0.2505166667
72.0933333333,8.8953333333,0.2504653333
72.0200000000,8.8990000000,0.2504140000
71.9466666667,8.9026666667,0.2503626667
71.8733333333,8.9063333333,0.2503113333
71.8000000000,8.9100000000,0.2502600000
71.7266666667,8.9136666667,0.2502086667
71.6533333333,8.9173333333,0.2501573333
71.5800000000,8.9210000000,0.2501060000
71.5066666667,8.9246666667,0.2500546667
71.4333333333,8.9283333333,0.2500033333
71.3600000000,8.9320000000,0.2499520000
71.2866666667,8.9356666667,0.2499006667
71.2133333333,8.9393333333,0.2498493333
71.1400000000,8.9430000000,0.2497980000
71.0666666667,8.9466666667,0.2497466667
70.9933333333,8.9503333333,0.2496953333
70.9200000000,8.9540000000,0.2496440000
70.8466666667,8.9576666667,0.2495926667
70.7733333333,8.9613333333,0.2495413333
70.7000000000,8.9650000000,0.2494900000
70.6266666667,8.9686666667,0.2494386667
70.5533333333,8.9723333333,0.2493873333
70.4800000000,8.9760000000,0.2493360000
70.4066666667,8.9796666667,0.2492846667
70.3333333333,8.9833333333,0.2492333333
70.2600000000,8.9870000000,0.2491820000
70.1866666667,8.9906666667,0.2491306667
70.1133333333,8.9943333333,0.2490793333
70.0400000000,8.9980000000,0.2490280000
69.9666666667,9.0016666667,0.2489766667
69.8933333333,9.0053333333,0.2489253333
69.8200000000,9.0090000000,0.2488740000
69.7466666667,9.0126666667,0.2488226667
69.6733333333,9.0163333333,0.2487713333
69.6000000000,9.0200000000,0.2487200000
69.5266666667,9.0236666667,0.2486686667
69.4533333333,9.0273333333,0.2486173333
69.3800000000,9.0310000000,0.2485660000
69.3066666667,9.0346666667,0.2485146667
69.2333333333,9.0383333333,0.2484633333
69.1600000000,9.0420000000,0.2484120000
69.0866666667,9.0456666667,0.2483606667
69.0133333333,9.0493333333,0.2483093333
68.9400000000,9.0530000000,0.2482580000
68.8666666667,9.0566666667,0.2482066667
68.7933333333,9.0603333333,0.2481553333
68.7200000000,9.0640000000,0.2481040000
68.6466666667,9.0676666667,0.2480526667
68.5733333333,9.0713333333,0.2480013333
68.5000000000,9.0750000000,0.2479500000
68.4266666667,9.0786666667,0.2478986667
68.3533333333,9.0823333333,0.2478473333
68.2800000000,9.0860000000,0.2477960000
68.2066666667,9.0896666667,0.2477446667
68.1333333333,9.0933333333,0.2476933333
68.0600000000,9.0970000000,0.2476420000
67.9866666667,9.1006666667,0.2475906667
67.9133333333,9.1043333333,0.2475393333
67.8400000000,9.1080000000,0.2474880000
67.7666666667,9.1116666667,0.2474366667
67.6933333333,9.1153333333,0.2473853333
67.6200000000,9.1190000000,0.2473340000
67.5466666667,9.1226666667,0.2472826667
67.4733333333,9.1263333333,0.2472313333
67.4000000000,9.1300000000,0.2471800000
67.3266666667,9.1336666667,0.2471286667
67.2533333333,9.1373333333,0.2470773333
67.1800000000,9.1410000000,0.2470260000
67.1066666667,9.1446666667,0.2469746667
67.0333333333,9.1483333333,0.2469233333
66.9600000000,9.1520000000,0.2468720000
66.8866666667,9.1556666667,0.2468206667
66.8133333333,9.1593333333,0.2467693333
66.7400000000,9.1630000000,0.2467180000
66.6666666667,9.1666666667,0.2466666667
66.5933333333,9.1703333333,0.2466153333
66.5200000000,9.1740000000,0.2465640000
66.4466666667,9.1776666667,0.2465126667
66.3733333333,9.1813333333,0.2464613333
66.3000000000,9.1850000000,0.2464100000
66.2266666667,9.1886666667,0.2463586667
66.1533333333,9.1923333333,0.2463073333
66.0800000000,9.1960000000,0.2462560000
66.0066666667,9.1996666667,0.2462046667
65.9333333333,9.2033333333,0.2461533333
65.8600000000,9.2070000000,0.2461020000
65.7866666667,9.2106666667,0.2460506667
65.7133333333,9.2143333333,0.2459993333
65.6400000000,9.2180000000,0.2459480000
65.5666666667,9.2216666667,0.2458966667
65.4933333333,9.2253333333,0.2458453333
65.4200000000,9.2290000000,0.2457940000
65.3466666667,9.2326666667,0.2457426667
65.2733333333,9.2363333333,0.2456913333
65.2000000000,9.2400000000,0.2456400000
65.1266666667,9.2436666667,0.2455886667
65.0533333333,9.2473333333,0.2455373333
64.9800000000,9.2510000000,0.2454860000
64.9066666667,9.2546666667,0.2454346667
64.8333333333,9.2583333333,0.2453833333
64.7600000000,9.2620000000,0.2453320000
64.6866666667,9.2656666667,0.2452806667
64.6133333333,9.2693333333,0.2452293333
64.5400000000,9.2730000000,0.2451780000
64.4666666667,9.2766666667,0.2451266667
64.3933333333,9.2803333333,0.2450753333
64.3200000000,9.2840000000,0.2450240000
64.2466666667,9.2876666667,0.2449726667
64.1733333333,9.2913333333,0.2449213333
64.1000000000,9.2950000000,0.2448700000
64.0266666667,9.2986666667,0.2448186667
63.9533333333,9.3023333333,0.2447673333
63.8800000000,9.3060000000,0.2447160000
63.8066666667,9.3096666667,0.2446646667
63.7333333333,9.3133333333,0.2446133333
63.6600000000,9.3170000000,0.2445620000
63.5866666667,9.3206666667,0.2445106667
63.5133333333,9.3243333333,0.2444593333
63.4400000000,9.3280000000,0.2444080000
63.3666666667,9.3316666667,0.2443566667
63.2933333333,9.3353333333,0.2443053333
63.2200000000,9.3390000000,0.2442540000
63.1466666667,9.3426666667,0.2442026667
63.0733333333,9.3463333333,0.2441513333
63.0000000000,9.3500000000,0.2441000000
62.9266666667,9.3536666667,0.2440486667
62.8533333333,9.3573333333,0.2439973333
62.7800000000,9.3610000000,0.2439460000
62.7066666667,9.3646666667,0.2438946667
62.6333333333,9.3683333333,0.2438433333
62.5600000000,9.3720000000,0.2437920000
62.4866666667,9.3756666667,0.2437406667
62.4133333333,9.3793333333,0.2436893333
62.3400000000,9.3830000000,0.2436380000
62.2666666667,9.3866666667,0.2435866667
62.1933333333,9.3903333333,0.2435353333
62.1200000000,9.3940000000,0.2434840000
62.0466666667,9.3976666667,0.2434326667
61.9733333333,9.4013333333,0.2433813333
61.9000000000,9.4050000000,0.2433300000
61.8266666667,9.4086666667,0.2432786667
61.7533333333,9.4123333333,0.2432273333
61.6800000000,9.4160000000,0.2431760000
61.6066666667,9.4196666667,0.2431246667
61.5333333333,9.4233333333,0.2430733333
61.4600000000,9.4270000000,0.2430220000
61.3866666667,9.4306666667,0.2429706667
61.3133333333,9.4343333333,0.2429193333
61.2400000000,9.4380000000,0.2428680000
61.1666666667,9.4416666667,0.2428166667
61.0933333333,9.4453333333,0.2427653333
61.0200000000,9.4490000000,0.2427140000
60.9466666667,9.4526666667,0.2426626667
60.8733333333,9.4563333333,0.2426113333
60.8000000000,9.4600000000,0.2425600000
60.7266666667,9.4636666667,0.2425086667
60.6533333333,9.4673333333,0.2424573333
60.5800000000,9.4710000000,0.2424060000
60.5066666667,9.4746666667,0.2423546667
60.4333333333,9.4783333333,0.2423033333
60.3600000000,9.4820000000,0.2422520000
60.2866666667,9.4856666667,0.2422006667
60.2133333333,9.4893333333,0.2421493333
60.1400000000,9.4930000000,0.2420980000
60.0666666667,9.4966666667,0.2420466667
59.9933333333,9.5003333333,0.2419953333
59.9200000000,9.5040000000,0.2419440000
59.8466666667,9.5076666667,0.2418926667
59.7733333333,9.5113333333,0.2418413333
59.7000000000,9.5150000000,0.2417900000
59.6266666667,9.5186666667,0.2417386667
59.5533333333,9.5223333333,0.2416873333
59.4800000000,9.5260000000,0.2416360000
59.4066666667,9.5296666667,0.2415846667
59.3333333333,9.5333333333,0.2415333333
59.2600000000,9.5370000000,0.2414820000
59.1866666667,9.5406666667,0.2414306667
59.1133333333,9.5443333333,0.2413793333
59.0400000000,9.5480000000,0.2413280000
58.9666666667,9.5516666667,0.2412766667
58.8933333333,9.5553333333,0.2412253333
58.8200000000,9.5590000000,0.2411740000
58.7466666667,9.5626666667,0.2411226667
58.6733333333,9.5663333333,0.2410713333
58.6000000000,9.5700000000,0.2410200000
58.5266666667,9.5736666667,0.2409686667
58.4533333333,9.5773333333,0.2409173333
58.3800000000,9.5810000000,0.2408660000
58.3066666667,9.5846666667,0.2408146667
58.2333333333,9.5883333333,0.2407633333
58.1600000000,9.5920000000,0.2407120000
58.0866666667,9.5956666667,0.2406606667
58.0133333333,9.5993333333,0.2406093333
57.9400000000,9.6030000000,0.2405580000
57.8666666667,9.6066666667,0.2405066667
57.7933333333,9.6103333333,0.2404553333
57.7200000000,9.6140000000,0.2404040000
57.6466666667,9.6176666667,0.2403526667
57.5733333333,9.6213333333,0.2403013333
57.5000000000,9.6250000000,0.2402500000
57.4266666667,9.6286666667,0.2401986667
57.3533333333,9.6323333333,0.2401473333
57.2800000000,9.6360000000,0.2400960000
57.2066666667,9.6396666667,0.2400446667
57.1333333333,9.6433333333,0.2399933333
57.0600000000,9.6470000000,0.2399420000
56.9866666667,9.6506666667,0.2398906667
56.9133333333,9.6543333333,0.2398393333
56.8400000000,9.6580000000,0.2397880000
56.7666666667,9.6616666667,0.2397366667
56.6933333333,9.6653333333,0.2396853333
56.6200000000,9.6690000000,0.2396340000
56.5466666667,9.6726666667,0.2395826667
56.4733333333,9.6763333333,0.2395313333
56.4000000000,9.6800000000,0.2394800000
56.3266666667,9.6836666667,0.2394286667
56.2533333333,9.6873333333,0.2393773333
56.1800000000,9.6910000000,0.2393260000
56.1066666667,9.6946666667,0.2392746667
56.0333333333,9.6983333333,0.2392233333
55.9600000000,9.7020000000,0.2391720000
55.8866666667,9.7056666667,0.2391206667
55.8133333333,9.7093333333,0.2390693333
55.7400000000,9.7130000000,0.2390180000
55.6666666667,9.7166666667,0.2389666667
55.5933333333,9.7203333333,0.2389153333
55.5200000000,9.7240000000,0.2388640000
55.4466666667,9.7276666667,0.2388126667
55.3733333333,9.7313333333,0.2387613333
55.3000000000,9.7350000000,0.2387100000
55.2266666667,9.7386666667,0.2386586667
55.1533333333,9.7423333333,0.2386073333
55.0800000000,9.7460000000,0.2385560000
55.0066666667,9.7496666667,0.2385046667
54.9333333333,9.7533333333,0.2384533333
54.8600000000,9.7570000000,0.2384020000
54.7866666667,9.7606666667,0.2383506667
54.7133333333,9.7643333333,0.2382993333
54.6400000000,9.7680000000,0.2382480000
54.5666666667,9.7716666667,0.2381966667
54.4933333333,9.7753333333,0.2381453333
54.4200000000,9.7790000000,0.2380940000
54.3466666667,9.7826666667,0.2380426667
54.2733333333,9.7863333333,0.2379913333
54.2000000000,9.7900000000,0.2379400000
54.1266666667,9.7936666667,0.2378886667
54.0533333333,9.7973333333,0.2378373333
53.9800000000,9.8010000000,0.2377860000
53.9066666667,9.8046666667,0.2377346667
53.8333333333,9.8083333333,0.2376833333
53.7600000000,9.8120000000,0.2376320000
53.6866666667,9.8156666667,0.2375806667
53.6133333333,9.8193333333,0.2375293333
53.5400000000,9.8230000000,0.2374780000
53.4666666667,9.8266666667,0.2374266667
53.3933333333,9.8303333333,0.2373753333
53.3200000000,9.8340000000,0.2373240000
53.2466666667,9.8376666667,0.2372726667
53.1733333333,9.8413333333,0.2372213333
53.1000000000,9.8450000000,0.2371700000
53.0266666667,9.8486666667,0.2371186667
52.9533333333,9.8523333333,0.2370673333
52.8800000000,9.8560000000,0.2370160000
52.8066666667,9.8596666667,0.2369646667
52.7333333333,9.8633333333,0.2369133333
52.6600000000,9.8670000000,0.2368620000
52.5866666667,9.8706666667,0.2368106667
52.5133333333,9.8743333333,0.2367593333
52.4400000000,9.8780000000,0.2367080000
52.3666666667,9.8816666667,0.2366566667
52.2933333333,9.8853333333,0.2366053333
52.2200000000,9.8890000000,0.2365540000
52.1466666667,9.8926666667,0.2365026667
52.0733333333,9.8963333333,0.2364513333
52.0000000000,9.9000000000,0.2364000000
51.9266666667,9.9036666667,0.2363486667
51.8533333333,9.9073333333,0.2362973333
51.7800000000,9.9110000000,0.2362460000
51.7066666667,9.9146666667,0.2361946667
51.6333333333,9.9183333333,0.2361433333
51.5600000000,9.9220000000,0.2360920000
51.4866666667,9.9256666667,0.2360406667
51.4133333333,9.9293333333,0.2359893333
51.3400000000,9.9330000000,0.2359380000
51.2666666667,9.9366666667,0.2358866667
51.1933333333,9.9403333333,0.2358353333
51.1200000000,9.9440000000,0.2357840000
51.0466666667,9.9476666667,0.2357326667
50.9733333333,9.9513333333,0.2356813333
50.9000000000,9.9550000000,0.2356300000
50.8266666667,9.9586666667,0.2355786667
50.7533333333,9.9623333333,0.2355273333
50.6800000000,9.9660000000,0.2354760000
50.6066666667,9.9696666667,0.2354246667
50.5333333333,9.9733333333,0.2353733333
50.4600000000,9.9770000000,0.2353220000
50.3866666667,9.9806666667,0.2352706667
50.3133333333,9.9843333333,0.2352193333
50.2400000000,9.9880000000,0.2351680000
50.1666666667,9.9916666667,0.2351166667
50.0933333333,9.9953333333,0.2350653333
50.0200000000,9.9990000000,0.2350140000
49.9466666667,10.0026666667,0.2349626667
49.8733333333,10.0063333333,0.2349113333
49.8000000000,10.0100000000,0.2348600000
49.7266666667,10.0136666667,0.2348086667
49.6533333333,10.0173333333,0.2347573333
49.5800000000,10.0210000000,0.2347060000
49.5066666667,10.0246666667,0.2346546667
49.4333333333,10.0283333333,0.2346033333
49.3600000000,10.0320000000,0.2345520000
49.2866666667,10.0356666667,0.2345006667
49.2133333333,10.0393333333,0.2344493333
49.1400000000,10.0430000000,0.2343980000
49.0666666667,10.0466666667,0.2343466667
48.9933333333,10.0503333333,0.2342953333
48.9200000000,10.0540000000,0.2342440000
48.8466666667,10.0576666667,0.2341926667
48.7733333333,10.0613333333,0.2341413333
48.7000000000,10.0650000000,0.2340900000
48.6266666667,10.0686666667,0.2340386667
48.5533333333,10.0723333333,0.2339873333
48.4800000000,10.0760000000,0.2339360000
48.4066666667,10.0796666667,0.2338846667
48.3333333333,10.0833333333,0.2338333333
48.2600000000,10.0870000000,0.2337820000
48.1866666667,10.0906666667,0.2337306667
48.1133333333,10.0943333333,0.2336793333
48.0400000000,10.0980000000,0.2336280000
47.9666666667,10.1016666667,0.2335766667
47.8933333333,10.1053333333,0.2335253333
47.8200000000,10.1090000000,0.2334740000
47.7466666667,10.1126666667,0.2334226667
47.6733333333,10.1163333333,0.2333713333
47.6000000000,10.1200000000,0.2333200000
47.5266666667,10.1236666667,0.2332686667
47.4533333333,10.1273333333,0.2332173333
47.3800000000,10.1310000000,0.2331660000
47.3066666667,10.1346666667,0.2331146667
47.2333333333,10.1383333333,0.2330633333
47.1600000000,10.1420000000,0.2330120000
47.0866666667,10.1456666667,0.2329606667
47.0133333333,10.1493333333,0.2329093333
46.9400000000,10.1530000000,0.2328580000
46.8666666667,10.1566666667,0.2328066667
46.7933333333,10.1603333333,0.2327553333
46.7200000000,10.1640000000,0.2327040000
46.6466666667,10.1676666667,0.2326526667
46.5733333333,10.1713333333,0.2326013333
46.5000000000,10.1750000000,0.2325500000
46.4266666667,10.1786666667,0.2324986667
46.3533333333,10.1823333333,0.2324473333
46.2800000000,10.1860000000,0.2323960000
46.2066666667,10.1896666667,0.2323446667
46.1333333333,10.1933333333,0.2322933333
46.0600000000,10.1970000000,0.2322420000
45.9866666667,10.2006666667,0.2321906667
45.9133333333,10.2043333333,0.2321393333
45.8400000000,10.2080000000,0.2320880000
45.7666666667,10.2116666667,0.2320366667
45.6933333333,10.2153333333,0.2319853333
45.6200000000,10.2190000000,0.2319340000
45.5466666667,10.2226666667,0.2318826667
45.4733333333,10.2263333333,0.2318313333
45.4000000000,10.2300000000,0.2317800000
45.3266666667,10.2336666667,0.2317286667
45.2533333333,10.2373333333,0.2316773333
45.1800000000,10.2410000000,0.2316260000
45.1066666667,10.2446666667,0.2315746667
45.0333333333,10.2483333333,0.2315233333
44.9600000000,10.2520000000,0.2314720000
44.8866666667,10.2556666667,0.2314206667
44.8133333333,10.2593333333,0.2313693333
44.7400000000,10.2630000000,0.2313180000
44.6666666667,10.2666666667,0.2312666667
44.5933333333,10.2703333333,0.2312153333
44.5200000000,10.2740000000,0.2311640000
44.4466666667,10.2776666667,0.2311126667
44.3733333333,10.2813333333,0.2310613333
44.3000000000,10.2850000000,0.2310100000
44.2266666667,10.2886666667,0.2309586667
44.1533333333,10.2923333333,0.2309073333
44.0800000000,10.2960000000,0.2308560000
44.0066666667,10.2996666667,0.2308046667
43.9333333333,10.3033333333,0.2307533333
43.8600000000,10.3070000000,0.2307020000
43.7866666667,10.3106666667,0.2306506667
43.7133333333,10.3143333333,0.2305993333
43.6400000000,10.3180000000,0.2305480000
43.5666666667,10.3216666667,0.2304966667
43.4933333333,10.3253333333,0.2304453333
43.4200000000,10.3290000000,0.2303940000
43.3466666667,10.3326666667,0.2303426667
43.2733333333,10.3363333333,0.2302913333
43.2000000000,10.3400000000,0.2302400000
43.1266666667,10.3436666667,0.2301886667
43.0533333333,10.3473333333,0.2301373333
42.9800000000,10.3510000000,0.2300860000
42.9066666667,10.3546666667,0.2300346667
42.8333333333,10.3583333333,0.2299833333
42.7600000000,10.3620000000,0.2299320000
42.6866666667,10.3656666667,0.2298806667
42.6133333333,10.3693333333,0.2298293333
42.5400000000,10.3730000000,0.2297780000
42.4666666667,10.3766666667,0.2297266667
42.3933333333,10.3803333333,0.2296753333
42.3200000000,10.3840000000,0.2296240000
42.2466666667,10.3876666667,0.2295726667
42.1733333333,10.3913333333,0.2295213333
42.1000000000,10.3950000000,0.2294700000
42.0266666667,10.3986666667,0.2294186667
41.9533333333,10.4023333333,0.2293673333
41.8800000000,10.4060000000,0.2293160000
41.8066666667,10.4096666667,0.2292646667
41.7333333333,10.4133333333,0.2292133333
41.6600000000,10.4170000000,0.2291620000
41.5866666667,10.4206666667,0.2291106667
41.5133333333,10.4243333333,0.2290593333
41.4400000000,10.4280000000,0.2290080000
41.3666666667,10.4316666667,0.2289566667
41.2933333333,10.4353333333,0.2289053333
41.2200000000,10.4390000000,0.2288540000
41.1466666667,10.4426666667,0.2288026667
41.0733333333,10.4463333333,0.2287513333
41.0000000000,10.4500000000,0.2287000000
40.9266666667,10.4536666667,0.2286486667
40.8533333333,10.4573333333,0.2285973333
40.7800000000,10.4610000000,0.2285460000
40.7066666667,10.4646666667,0.2284946667
40.6333333333,10.4683333333,0.2284433333
40.5600000000,10.4720000000,0.2283920000
40.4866666667,10.4756666667,0.2283406667
40.4133333333,10.4793333333,0.2282893333
40.3400000000,10.4830000000,0.2282380000
40.2666666667,10.4866666667,0.2281866667
40.1933333333,10.4903333333,0.2281353333
40.1200000000,10.4940000000,0.2280840000
40.0466666667,10.4976666667,0.2280326667
39.9733333333,10.5013333333,0.2279813333
39.9000000000,10.5050000000,0.2279300000
39.8266666667,10.5086666667,0.2278786667
39.7533333333,10.5123333333,0.2278273333
39.6800000000,10.5160000000,0.2277760000
39.6066666667,10.5196666667,0.2277246667
39.5333333333,10.5233333333,0.2276733333
39.4600000000,10.5270000000,0.2276220000
39.3866666667,10.5306666667,0.2275706667
39.3133333333,10.5343333333,0.2275193333
39.2400000000,10.5380000000,0.2274680000
39.1666666667,10.5416666667,0.2274166667
39.0933333333,10.5453333333,0.2273653333
39.0200000000,10.5490000000,0.2273140000
38.9466666667,10.5526666667,0.2272626667
38.8733333333,10.5563333333,0.2272113333
38.8000000000,10.5600000000,0.2271600000
38.7266666667,10.5636666667,0.2271086667
38.6533333333,10.5673333333,0.2270573333
38.5800000000,10.5710000000,0.2270060000
38.5066666667,10.5746666667,0.2269546667
38.4333333333,10.5783333333,0.2269033333
38.3600000000,10.5820000000,0.2268520000
38.2866666667,10.5856666667,0.2268006667
38.2133333333,10.5893333333,0.2267493333
38.1400000000,10.5930000000,0.2266980000
38.0666666667,10.5966666667,0.2266466667
37.9933333333,10.6003333333,0.2265953333
37.9200000000,10.6040000000,0.2265440000
37.8466666667,10.6076666667,0.2264926667
37.7733333333,10.6113333333,0.2264413333
37.7000000000,10.6150000000,0.2263900000
37.6266666667,10.6186666667,0.2263386667
37.5533333333,10.6223333333,0.2262873333
37.4800000000,10.6260000000,0.2262360000
37.4066666667,10.6296666667,0.2261846667
37.3333333333,10.6333333333,0.2261333333
37.2600000000,10.6370000000,0.2260820000
37.1866666667,10.6406666667,0.2260306667
37.1133333333,10.6443333333,0.2259793333
37.0400000000,10.6480000000,0.2259280000
36.9666666667,10.6516666667,0.2258766667
36.8933333333,10.6553333333,0.2258253333
36.8200000000,10.6590000000,0.2257740000
36.7466666667,10.6626666667,0.2257226667
36.6733333333,10.6663333333,0.2256713333
36.6000000000,10.6700000000,0.2256200000
36.5266666667,10.6736666667,0.2255686667
36.4533333333,10.6773333333,0.2255173333
36.3800000000,10.6810000000,0.2254660000
36.3066666667,10.6846666667,0.2254146667
36.2333333333,10.6883333333,0.2253633333
36.1600000000,10.6920000000,0.2253120000
36.0866666667,10.6956666667,0.2252606667
36.0133333333,10.6993333333,0.2252093333
35.9400000000,10.7030000000,0.2251580000
35.8666666667,10.7066666667,0.2251066667
35.7933333333,10.7103333333,0.2250553333
35.7200000000,10.7140000000,0.2250040000
35.6466666667,10.7176666667,0.2249526667
35.5733333333,10.7213333333,0.2249013333
35.5000000000,10.7250000000,0.2248500000
35.4266666667,10.7286666667,0.2247986667
35.3533333333,10.7323333333,0.2247473333
35.2800000000,10.7360000000,0.2246960000
35.2066666667,10.7396666667,0.2246446667
35.1333333333,10.7433333333,0.2245933333
35.0600000000,10.7470000000,0.2245420000
34.9866666667,10.7506666667,0.2244906667
34.9133333333,10.7543333333,0.2244393333
34.8400000000,10.7580000000,0.2243880000
34.7666666667,10.7616666667,0.2243366667
34.6933333333,10.7653333333,0.2242853333
34.6200000000,10.7690000000,0.2242340000
34.5466666667,10.7726666667,0.2241826667
34.4733333333,10.7763333333,0.2241313333
34.4000000000,10.7800000000,0.2240800000
34.3266666667,10.7836666667,0.2240286667
34.2533333333,10.7873333333,0.2239773333
34.1800000000,10.7910000000,0.2239260000
34.1066666667,10.7946666667,0.2238746667
34.0333333333,10.7983333333,0.2238233333
33.9600000000,10.8020000000,0.2237720000
33.8866666667,10.8056666667,0.2237206667
33.8133333333,10.8093333333,0.2236693333
33.7400000000,10.8130000000,0.2236180000
33.6666666667,10.8166666667,0.2235666667
33.5933333333,10.8203333333,0.2235153333
33.5200000000,10.8240000000,0.2234640000
33.4466666667,10.8276666667,0.2234126667
33.3733333333,10.8313333333,0.2233613333
33.3000000000,10.8350000000,0.2233100000
33.2266666667,10.8386666667,0.2232586667
33.1533333333,10.8423333333,0.2232073333
33.0800000000,10.8460000000,0.2231560000
33.0066666667,10.8496666667,0.2231046667
32.9333333333,10.8533333333,0.2230533333
32.8600000000,10.8570000000,0.2230020000
32.7866666667,10.8606666667,0.2229506667
32.7133333333,10.8643333333,0.2228993333
32.6400000000,10.8680000000,0.2228480000
32.5666666667,10.8716666667,0.2227966667
32.4933333333,10.8753333333,0.2227453333
32.4200000000,10.8790000000,0.2226940000
32.3466666667,10.8826666667,0.2226426667
32.2733333333,10.8863333333,0.2225913333
32.2000000000,10.8900000000,0.2225400000
32.1266666667,10.8936666667,0.2224886667
32.0533333333,10.8973333333,0.2224373333
31.9800000000,10.9010000000,0.2223860000
31.9066666667,10.9046666667,0.2223346667
31.8333333333,10.9083333333,0.2222833333
31.7600000000,10.9120000000,0.2222320000
31.6866666667,10.9156666667,0.2221806667
31.6133333333,10.9193333333,0.2221293333
31.5400000000,10.9230000000,0.2220780000
31.4666666667,10.9266666667,0.2220266667
31.3933333333,10.9303333333,0.2219753333
31.3200000000,10.9340000000,0.2219240000
31.2466666667,10.9376666667,0.2218726667
31.1733333333,10.9413333333,0.2218213333
31.1000000000,10.9450000000,0.2217700000
31.0266666667,10.9486666667,0.2217186667
30.9533333333,10.9523333333,0.2216673333
30.8800000000,10.9560000000,0.2216160000
30.8066666667,10.9596666667,0.2215646667
30.7333333333,10.9633333333,0.2215133333
30.6600000000,10.9670000000,0.2214620000
30.5866666667,10.9706666667,0.2214106667
30.5133333333,10.9743333333,0.2213593333
30.4400000000,10.9780000000,0.2213080000
30.3666666667,10.9816666667,0.2212566667
30.2933333333,10.9853333333,0.2212053333
30.2200000000,10.9890000000,0.2211540000
30.1466666667,10.9926666667,0.2211026667
30.0733333333,10.9963333333,0.2210513333
30.0000000000,11.0000000000,0.2210000000
