#FILE:,synthetic.ngb-sdh
#EXO:,-1
#SAMPLE MASS /mg:,3
#SEGMENT:,S1/6
#RANGE:,30°C/10.0(K/min)/250°C
##Temp./°C,Time/min,DSC/(mW/mg)
30.0000000000,0.0000000000,0.2810000000
30.0733333333,0.0073333333,0.2810513333
30.1466666667,0.0146666667,0.2811026667
30.2200000000,0.0220000000,0.2811540000
30.2933333333,0.0293333333,0.2812053333
30.3666666667,0.0366666667,0.2812566667
30.4400000000,0.0440000000,0.2813080000
30.5133333333,0.0513333333,0.2813593333
30.5866666667,0.0586666667,0.2814106667
30.6600000000,0.0660000000,0.2814620000
30.7333333333,0.0733333333,0.2815133333
30.8066666667,0.0806666667,0.2815646667
30.8800000000,0.0880000000,0.2816160000
30.9533333333,0.0953333333,0.2816673333
31.0266666667,0.1026666667,0.2817186667
31.1000000000,0.1100000000,0.2817700000
31.1733333333,0.1173333333,0.2818213333
31.2466666667,0.1246666667,0.2818726667
31.3200000000,0.1320000000,0.2819240000
31.3933333333,0.1393333333,0.2819753333
31.4666666667,0.1466666667,0.2820266667
31.5400000000,0.1540000000,0.2820780000
31.6133333333,0.1613333333,0.2821293333
31.6866666667,0.1686666667,0.2821806667
31.7600000000,0.1760000000,0.2822320000
31.8333333333,0.1833333333,0.2822833333
31.9066666667,0.1906666667,0.2823346667
31.9800000000,0.1980000000,0.2823860000
32.0533333333,0.2053333333,0.2824373333
32.1266666667,0.2126666667,0.2824886667
32.2000000000,0.2200000000,0.2825400000
32.2733333333,0.2273333333,0.2825913333
32.3466666667,0.2346666667,0.2826426667
32.4200000000,0.2420000000,0.2826940000
32.4933333333,0.2493333333,0.2827453333
32.5666666667,0.2566666667,0.2827966667
32.6400000000,0.2640000000,0.2828480000
32.7133333333,0.2713333333,0.2828993333
32.7866666667,0.2786666667,0.2829506667
32.8600000000,0.2860000000,0.2830020000
32.9333333333,0.2933333333,0.2830533333
33.0066666667,0.3006666667,0.2831046667
33.0800000000,0.3080000000,0.2831560000
33.1533333333,0.3153333333,0.2832073333
33.2266666667,0.3226666667,0.2832586667
33.3000000000,0.3300000000,0.2833100000
33.3733333333,0.3373333333,0.2833613333
33.4466666667,0.3446666667,0.2834126667
33.5200000000,0.3520000000,0.2834640000
33.5933333333,0.3593333333,0.2835153333
33.6666666667,0.3666666667,0.2835666667
33.7400000000,0.3740000000,0.2836180000
33.8133333333,0.3813333333,0.2836693333
33.8866666667,0.3886666667,0.2837206667
33.9600000000,0.3960000000,0.2837720000
34.0333333333,0.4033333333,0.2838233333
34.1066666667,0.4106666667,0.2838746667
34.1800000000,0.4180000000,0.2839260000
34.2533333333,0.4253333333,0.2839773333
34.3266666667,0.4326666667,0.2840286667
34.4000000000,0.4400000000,0.2840800000
34.4733333333,0.4473333333,0.2841313333
34.5466666667,0.4546666667,0.2841826667
34.6200000000,0.4620000000,0.2842340000
34.6933333333,0.4693333333,0.2842853333
34.7666666667,0.4766666667,0.2843366667
34.8400000000,0.4840000000,0.2843880000
34.9133333333,0.4913333333,0.2844393333
34.9866666667,0.4986666667,0.2844906667
35.0600000000,0.5060000000,0.2845420000
35.1333333333,0.5133333333,0.2845933333
35.2066666667,0.5206666667,0.2846446667
35.2800000000,0.5280000000,0.2846960000
35.3533333333,0.5353333333,0.2847473333
35.4266666667,0.5426666667,0.2847986667
35.5000000000,0.5500000000,0.2848500000
35.5733333333,0.5573333333,0.2849013333
35.6466666667,0.5646666667,0.2849526667
35.7200000000,0.5720000000,0.2850040000
35.7933333333,0.5793333333,0.2850553333
35.8666666667,0.5866666667,0.2851066667
35.9400000000,0.5940000000,0.2851580000
36.0133333333,0.6013333333,0.2852093333
36.0866666667,0.6086666667,0.2852606667
36.1600000000,0.6160000000,0.2853120000
36.2333333333,0.6233333333,0.2853633333
36.3066666667,0.6306666667,0.2854146667
36.3800000000,0.6380000000,0.2854660000
36.4533333333,0.6453333333,0.2855173333
36.5266666667,0.6526666667,0.2855686667
36.6000000000,0.6600000000,0.2856200000
36.6733333333,0.6673333333,0.2856713333
36.7466666667,0.6746666667,0.2857226667
36.8200000000,0.6820000000,0.2857740000
36.8933333333,0.6893333333,0.2858253333
36.9666666667,0.6966666667,0.2858766667
37.0400000000,0.7040000000,0.2859280000
37.1133333333,0.7113333333,0.2859793333
37.1866666667,0.7186666667,0.2860306667
37.2600000000,0.7260000000,0.2860820000
37.3333333333,0.7333333333,0.2861333333
37.4066666667,0.7406666667,0.2861846667
37.4800000000,0.7480000000,0.2862360000
37.5533333333,0.7553333333,0.2862873333
37.6266666667,0.7626666667,0.2863386667
37.7000000000,0.7700000000,0.2863900000
37.7733333333,0.7773333333,0.2864413333
37.8466666667,0.7846666667,0.2864926667
37.9200000000,0.7920000000,0.2865440000
37.9933333333,0.7993333333,0.2865953333
38.0666666667,0.8066666667,0.2866466667
38.1400000000,0.8140000000,0.2866980000
38.2133333333,0.8213333333,0.2867493333
38.2866666667,0.8286666667,0.2868006667
38.3600000000,0.8360000000,0.2868520000
38.4333333333,0.8433333333,0.2869033333
38.5066666667,0.8506666667,0.2869546667
38.5800000000,0.8580000000,0.2870060000
38.6533333333,0.8653333333,0.2870573333
38.7266666667,0.8726666667,0.2871086667
38.8000000000,0.8800000000,0.2871600000
38.8733333333,0.8873333333,0.2872113333
38.9466666667,0.8946666667,0.2872626667
39.0200000000,0.9020000000,0.2873140000
39.0933333333,0.9093333333,0.2873653333
39.1666666667,0.9166666667,0.2874166667
39.2400000000,0.9240000000,0.2874680000
39.3133333333,0.9313333333,0.2875193333
39.3866666667,0.9386666667,0.2875706667
39.4600000000,0.9460000000,0.2876220000
39.5333333333,0.9533333333,0.2876733333
39.6066666667,0.9606666667,0.2877246667
39.6800000000,0.9680000000,0.2877760000
39.7533333333,0.9753333333,0.2878273333
39.8266666667,0.9826666667,0.2878786667
39.9000000000,0.9900000000,0.2879300000
39.9733333333,0.9973333333,0.2879813333
40.0466666667,1.0046666667,0.2880326667
40.1200000000,1.0120000000,0.2880840000
40.1933333333,1.0193333333,0.2881353333
40.2666666667,1.0266666667,0.2881866667
40.3400000000,1.0340000000,0.2882380000
40.4133333333,1.0413333333,0.2882893333
40.4866666667,1.0486666667,0.2883406667
40.5600000000,1.0560000000,0.2883920000
40.6333333333,1.0633333333,0.2884433333
40.7066666667,1.0706666667,0.2884946667
40.7800000000,1.0780000000,0.2885460000
40.8533333333,1.0853333333,0.2885973333
40.9266666667,1.0926666667,0.2886486667
41.0000000000,1.1000000000,0.2887000000
41.0733333333,1.1073333333,0.2887513333
41.1466666667,1.1146666667,0.2888026667
41.2200000000,1.1220000000,0.2888540000
41.2933333333,1.1293333333,0.2889053333
41.3666666667,1.1366666667,0.2889566667
41.4400000000,1.1440000000,0.2890080000
41.5133333333,1.1513333333,0.2890593333
41.5866666667,1.1586666667,0.2891106667
41.6600000000,1.1660000000,0.2891620000
41.7333333333,1.1733333333,0.2892133333
41.8066666667,1.1806666667,0.2892646667
41.8800000000,1.1880000000,0.2893160000
41.9533333333,1.1953333333,0.2893673333
42.0266666667,1.2026666667,0.2894186667
42.1000000000,1.2100000000,0.2894700000
42.1733333333,1.2173333333,0.2895213333
42.2466666667,1.2246666667,0.2895726667
42.3200000000,1.2320000000,0.2896240000
42.3933333333,1.2393333333,0.2896753333
42.4666666667,1.2466666667,0.2897266667
42.5400000000,1.2540000000,0.2897780000
42.6133333333,1.2613333333,0.2898293333
42.6866666667,1.2686666667,0.2898806667
42.7600000000,1.2760000000,0.2899320000
42.8333333333,1.2833333333,0.2899833333
42.9066666667,1.2906666667,0.2900346667
42.9800000000,1.2980000000,0.2900860000
43.0533333333,1.3053333333,0.2901373333
43.1266666667,1.3126666667,0.2901886667
43.2000000000,1.3200000000,0.2902400000
43.2733333333,1.3273333333,0.2902913333
43.3466666667,1.3346666667,0.2903426667
43.4200000000,1.3420000000,0.2903940000
43.4933333333,1.3493333333,0.2904453333
43.5666666667,1.3566666667,0.2904966667
43.6400000000,1.3640000000,0.2905480000
43.7133333333,1.3713333333,0.2905993333
43.7866666667,1.3786666667,0.2906506667
43.8600000000,1.3860000000,0.2907020000
43.9333333333,1.3933333333,0.2907533333
44.0066666667,1.4006666667,0.2908046667
44.0800000000,1.4080000000,0.2908560000
44.1533333333,1.4153333333,0.2909073333
44.2266666667,1.4226666667,0.2909586667
44.3000000000,1.4300000000,0.2910100000
44.3733333333,1.4373333333,0.2910613333
44.4466666667,1.4446666667,0.2911126667
44.5200000000,1.4520000000,0.2911640000
44.5933333333,1.4593333333,0.2912153333
44.6666666667,1.4666666667,0.2912666667
44.7400000000,1.4740000000,0.2913180000
44.8133333333,1.4813333333,0.2913693333
44.8866666667,1.4886666667,0.2914206667
44.9600000000,1.4960000000,0.2914720000
45.0333333333,1.5033333333,0.2915233333
45.1066666667,1.5106666667,0.2915746667
45.1800000000,1.5180000000,0.2916260000
45.2533333333,1.5253333333,0.2916773333
45.3266666667,1.5326666667,0.2917286667
45.4000000000,1.5400000000,0.2917800000
45.4733333333,1.5473333333,0.2918313333
45.5466666667,1.5546666667,0.2918826667
45.6200000000,1.5620000000,0.2919340000
45.6933333333,1.5693333333,0.2919853333
45.7666666667,1.5766666667,0.2920366667
45.8400000000,1.5840000000,0.2920880000
45.9133333333,1.5913333333,0.2921393333
45.9866666667,1.5986666667,0.2921906667
46.0600000000,1.6060000000,0.2922420000
46.1333333333,1.6133333333,0.2922933333
46.2066666667,1.6206666667,0.2923446667
46.2800000000,1.6280000000,0.2923960000
46.3533333333,1.6353333333,0.2924473333
46.4266666667,1.6426666667,0.2924986667
46.5000000000,1.6500000000,0.2925500000
46.5733333333,1.6573333333,0.2926013333
46.6466666667,1.6646666667,0.2926526667
46.7200000000,1.6720000000,0.2927040000
46.7933333333,1.6793333333,0.2927553333
46.8666666667,1.6866666667,0.2928066667
46.9400000000,1.6940000000,0.2928580000
47.0133333333,1.7013333333,0.2929093333
47.0866666667,1.7086666667,0.2929606667
47.1600000000,1.7160000000,0.2930120000
47.2333333333,1.7233333333,0.2930633333
47.3066666667,1.7306666667,0.2931146667
47.3800000000,1.7380000000,0.2931660000
47.4533333333,1.7453333333,0.2932173333
47.5266666667,1.7526666667,0.2932686667
47.6000000000,1.7600000000,0.2933200000
47.6733333333,1.7673333333,0.2933713333
47.7466666667,1.7746666667,0.2934226667
47.8200000000,1.7820000000,0.2934740000
47.8933333333,1.7893333333,0.2935253333
47.9666666667,1.7966666667,0.2935766667
48.0400000000,1.8040000000,0.2936280000
48.1133333333,1.8113333333,0.2936793333
48.1866666667,1.8186666667,0.2937306667
48.2600000000,1.8260000000,0.2937820000
48.3333333333,1.8333333333,0.2938333333
48.4066666667,1.8406666667,0.2938846667
48.4800000000,1.8480000000,0.2939360000
48.5533333333,1.8553333333,0.2939873333
48.6266666667,1.8626666667,0.2940386667
48.7000000000,1.8700000000,0.2940900000
48.7733333333,1.8773333333,0.2941413333
48.8466666667,1.8846666667,0.2941926667
48.9200000000,1.8920000000,0.2942440000
48.9933333333,1.8993333333,0.2942953333
49.0666666667,1.9066666667,0.2943466667
49.1400000000,1.9140000000,0.2943980000
49.2133333333,1.9213333333,0.2944493333
49.2866666667,1.9286666667,0.2945006667
49.3600000000,1.9360000000,0.2945520000
49.4333333333,1.9433333333,0.2946033333
49.5066666667,1.9506666667,0.2946546667
49.5800000000,1.9580000000,0.2947060000
49.6533333333,1.9653333333,0.2947573333
49.7266666667,1.9726666667,0.2948086667
49.8000000000,1.9800000000,0.2948600000
49.8733333333,1.9873333333,0.2949113333
49.9466666667,1.9946666667,0.2949626667
50.0200000000,2.0020000000,0.2950140000
50.0933333333,2.0093333333,0.2950653333
50.1666666667,2.0166666667,0.2951166667
50.2400000000,2.0240000000,0.2951680000
50.3133333333,2.0313333333,0.2952193333
50.3866666667,2.0386666667,0.2952706667
50.4600000000,2.0460000000,0.2953220000
50.5333333333,2.0533333333,0.2953733333
50.6066666667,2.0606666667,0.2954246667
50.6800000000,2.0680000000,0.2954760000
50.7533333333,2.0753333333,0.2955273333
50.8266666667,2.0826666667,0.2955786667
50.9000000000,2.0900000000,0.2956300000
50.9733333333,2.0973333333,0.2956813333
51.0466666667,2.1046666667,0.2957326667
51.1200000000,2.1120000000,0.2957840000
51.1933333333,2.1193333333,0.2958353333
51.2666666667,2.1266666667,0.2958866667
51.3400000000,2.1340000000,0.2959380000
51.4133333333,2.1413333333,0.2959893333
51.4866666667,2.1486666667,0.2960406667
51.5600000000,2.1560000000,0.2960920000
51.6333333333,2.1633333333,0.2961433333
51.7066666667,2.1706666667,0.2961946667
51.7800000000,2.1780000000,0.2962460000
51.8533333333,2.1853333333,0.2962973333
51.9266666667,2.1926666667,0.2963486667
52.0000000000,2.2000000000,0.2964000000
52.0733333333,2.2073333333,0.2964513333
52.1466666667,2.2146666667,0.2965026667
52.2200000000,2.2220000000,0.2965540000
52.2933333333,2.2293333333,0.2966053333
52.3666666667,2.2366666667,0.2966566667
52.4400000000,2.2440000000,0.2967080000
52.5133333333,2.2513333333,0.2967593333
52.5866666667,2.2586666667,0.2968106667
52.6600000000,2.2660000000,0.2968620000
52.7333333333,2.2733333333,0.2969133333
52.8066666667,2.2806666667,0.2969646667
52.8800000000,2.2880000000,0.2970160000
52.9533333333,2.2953333333,0.2970673333
53.0266666667,2.3026666667,0.2971186667
53.1000000000,2.3100000000,0.2971700000
53.1733333333,2.3173333333,0.2972213333
53.2466666667,2.3246666667,0.2972726667
53.3200000000,2.3320000000,0.2973240000
53.3933333333,2.3393333333,0.2973753333
53.4666666667,2.3466666667,0.2974266667
53.5400000000,2.3540000000,0.2974780000
53.6133333333,2.3613333333,0.2975293333
53.6866666667,2.3686666667,0.2975806667
53.7600000000,2.3760000000,0.2976320000
53.8333333333,2.3833333333,0.2976833333
53.9066666667,2.3906666667,0.2977346667
53.9800000000,2.3980000000,0.2977860000
54.0533333333,2.4053333333,0.2978373333
54.1266666667,2.4126666667,0.2978886667
54.2000000000,2.4200000000,0.2979400000
54.2733333333,2.4273333333,0.2979913333
54.3466666667,2.4346666667,0.2980426667
54.4200000000,2.4420000000,0.2980940000
54.4933333333,2.4493333333,0.2981453333
54.5666666667,2.4566666667,0.2981966667
54.6400000000,2.4640000000,0.2982480000
54.7133333333,2.4713333333,0.2982993333
54.7866666667,2.4786666667,0.2983506667
54.8600000000,2.4860000000,0.2984020000
54.9333333333,2.4933333333,0.2984533333
55.0066666667,2.5006666667,0.2985046667
55.0800000000,2.5080000000,0.2985560000
55.1533333333,2.5153333333,0.2986073333
55.2266666667,2.5226666667,0.2986586667
55.3000000000,2.5300000000,0.2987100000
55.3733333333,2.5373333333,0.2987613333
55.4466666667,2.5446666667,0.2988126667
55.5200000000,2.5520000000,0.2988640000
55.5933333333,2.5593333333,0.2989153333
55.6666666667,2.5666666667,0.2989666667
55.7400000000,2.5740000000,0.2990180000
55.8133333333,2.5813333333,0.2990693333
55.8866666667,2.5886666667,0.2991206667
55.9600000000,2.5960000000,0.2991720000
56.0333333333,2.6033333333,0.2992233333
56.1066666667,2.6106666667,0.2992746667
56.1800000000,2.6180000000,0.2993260000
56.2533333333,2.6253333333,0.2993773333
56.3266666667,2.6326666667,0.2994286667
56.4000000000,2.6400000000,0.2994800000
56.4733333333,2.6473333333,0.2995313333
56.5466666667,2.6546666667,0.2995826667
56.6200000000,2.6620000000,0.2996340000
56.6933333333,2.6693333333,0.2996853333
56.7666666667,2.6766666667,0.2997366667
56.8400000000,2.6840000000,0.2997880000
56.9133333333,2.6913333333,0.2998393333
56.9866666667,2.6986666667,0.2998906667
57.0600000000,2.7060000000,0.2999420000
57.1333333333,2.7133333333,0.2999933333
57.2066666667,2.7206666667,0.3000446667
57.2800000000,2.7280000000,0.3000960000
57.3533333333,2.7353333333,0.3001473333
57.4266666667,2.7426666667,0.3001986667
57.5000000000,2.7500000000,0.3002500000
57.5733333333,2.7573333333,0.3003013333
57.6466666667,2.7646666667,0.3003526667
57.7200000000,2.7720000000,0.3004040000
57.7933333333,2.7793333333,0.3004553333
57.8666666667,2.7866666667,0.3005066667
57.9400000000,2.7940000000,0.3005580000
58.0133333333,2.8013333333,0.3006093333
58.0866666667,2.8086666667,0.3006606667
58.1600000000,2.8160000000,0.3007120000
58.2333333333,2.8233333333,0.3007633333
58.3066666667,2.8306666667,0.3008146667
58.3800000000,2.8380000000,0.3008660000
58.4533333333,2.8453333333,0.3009173333
58.5266666667,2.8526666667,0.3009686667
58.6000000000,2.8600000000,0.3010200000
58.6733333333,2.8673333333,0.3010713333
58.7466666667,2.8746666667,0.3011226667
58.8200000000,2.8820000000,0.3011740000
58.8933333333,2.8893333333,0.3012253333
58.9666666667,2.8966666667,0.3012766667
59.0400000000,2.9040000000,0.3013280000
59.1133333333,2.9113333333,0.3013793333
59.1866666667,2.9186666667,0.3014306667
59.2600000000,2.9260000000,0.3014820000
59.3333333333,2.9333333333,0.3015333333
59.4066666667,2.9406666667,0.3015846667
59.4800000000,2.9480000000,0.3016360000
59.5533333333,2.9553333333,0.3016873333
59.6266666667,2.9626666667,0.3017386667
59.7000000000,2.9700000000,0.3017900000
59.7733333333,2.9773333333,0.3018413333
59.8466666667,2.9846666667,0.3018926667
59.9200000000,2.9920000000,0.3019440000
59.9933333333,2.9993333333,0.3019953333
60.0666666667,3.0066666667,0.3020466667
60.1400000000,3.0140000000,0.3020980000
60.2133333333,3.0213333333,0.3021493333
60.2866666667,3.0286666667,0.3022006667
60.3600000000,3.0360000000,0.3022520000
60.4333333333,3.0433333333,0.3023033333
60.5066666667,3.0506666667,0.3023546667
60.5800000000,3.0580000000,0.3024060000
60.6533333333,3.0653333333,0.3024573333
60.7266666667,3.0726666667,0.3025086667
60.8000000000,3.0800000000,0.3025600000
60.8733333333,3.0873333333,0.3026113333
60.9466666667,3.0946666667,0.3026626667
61.0200000000,3.1020000000,0.3027140000
61.0933333333,3.1093333333,0.3027653333
61.1666666667,3.1166666667,0.3028166667
61.2400000000,3.1240000000,0.3028680000
61.3133333333,3.1313333333,0.3029193333
61.3866666667,3.1386666667,0.3029706667
61.4600000000,3.1460000000,0.3030220000
61.5333333333,3.1533333333,0.3030733333
61.6066666667,3.1606666667,0.3031246667
61.6800000000,3.1680000000,0.3031760000
61.7533333333,3.1753333333,0.3032273333
61.8266666667,3.1826666667,0.3032786667
61.9000000000,3.1900000000,0.3033300000
61.9733333333,3.1973333333,0.3033813333
62.0466666667,3.2046666667,0.3034326667
62.1200000000,3.2120000000,0.3034840000
62.1933333333,3.2193333333,0.3035353333
62.2666666667,3.2266666667,0.3035866667
62.3400000000,3.2340000000,0.3036380000
62.4133333333,3.2413333333,0.3036893333
62.4866666667,3.2486666667,0.3037406667
62.5600000000,3.2560000000,0.3037920000
62.6333333333,3.2633333333,0.3038433333
62.7066666667,3.2706666667,0.3038946667
62.7800000000,3.2780000000,0.3039460000
62.8533333333,3.2853333333,0.3039973333
62.9266666667,3.2926666667,0.3040486667
63.0000000000,3.3000000000,0.3041000000
63.0733333333,3.3073333333,0.3041513333
63.1466666667,3.3146666667,0.3042026667
63.2200000000,3.3220000000,0.3042540000
63.2933333333,3.3293333333,0.3043053333
63.3666666667,3.3366666667,0.3043566667
63.4400000000,3.3440000000,0.3044080000
63.5133333333,3.3513333333,0.3044593333
63.5866666667,3.3586666667,0.3045106667
63.6600000000,3.3660000000,0.3045620000
63.7333333333,3.3733333333,0.3046133333
63.8066666667,3.3806666667,0.3046646667
63.8800000000,3.3880000000,0.3047160000
63.9533333333,3.3953333333,0.3047673333
64.0266666667,3.4026666667,0.3048186667
64.1000000000,3.4100000000,0.3048700000
64.1733333333,3.4173333333,0.3049213333
64.2466666667,3.4246666667,0.3049726667
64.3200000000,3.4320000000,0.3050240000
64.3933333333,3.4393333333,0.3050753333
64.4666666667,3.4466666667,0.3051266667
64.5400000000,3.4540000000,0.3051780000
64.6133333333,3.4613333333,0.3052293333
64.6866666667,3.4686666667,0.3052806667
64.7600000000,3.4760000000,0.3053320000
64.8333333333,3.4833333333,0.3053833333
64.9066666667,3.4906666667,0.3054346667
64.9800000000,3.4980000000,0.3054860000
65.0533333333,3.5053333333,0.3055373333
65.1266666667,3.5126666667,0.3055886667
65.2000000000,3.5200000000,0.3056400000
65.2733333333,3.5273333333,0.3056913333
65.3466666667,3.5346666667,0.3057426667
65.4200000000,3.5420000000,0.3057940000
65.4933333333,3.5493333333,0.3058453333
65.5666666667,3.5566666667,0.3058966667
65.6400000000,3.5640000000,0.3059480000
65.7133333333,3.5713333333,0.3059993333
65.7866666667,3.5786666667,0.3060506667
65.8600000000,3.5860000000,0.3061020000
65.9333333333,3.5933333333,0.3061533333
66.0066666667,3.6006666667,0.3062046667
66.0800000000,3.6080000000,0.3062560000
66.1533333333,3.6153333333,0.3063073333
66.2266666667,3.6226666667,0.3063586667
66.3000000000,3.6300000000,0.3064100000
66.3733333333,3.6373333333,0.3064613333
66.4466666667,3.6446666667,0.3065126667
66.5200000000,3.6520000000,0.3065640000
66.5933333333,3.6593333333,0.3066153333
66.6666666667,3.6666666667,0.3066666667
66.7400000000,3.6740000000,0.3067180000
66.8133333333,3.6813333333,0.3067693333
66.8866666667,3.6886666667,0.3068206667
66.9600000000,3.6960000000,0.3068720000
67.0333333333,3.7033333333,0.3069233333
67.1066666667,3.7106666667,0.3069746667
67.1800000000,3.7180000000,0.3070260000
67.2533333333,3.7253333333,0.3070773333
67.3266666667,3.7326666667,0.3071286667
67.4000000000,3.7400000000,0.3071800000
67.4733333333,3.7473333333,0.3072313333
67.5466666667,3.7546666667,0.3072826667
67.6200000000,3.7620000000,0.3073340000
67.6933333333,3.7693333333,0.3073853333
67.7666666667,3.7766666667,0.3074366667
67.8400000000,3.7840000000,0.3074880000
67.9133333333,3.7913333333,0.3075393333
67.9866666667,3.7986666667,0.3075906667
68.0600000000,3.8060000000,0.3076420000
68.1333333333,3.8133333333,0.3076933333
68.2066666667,3.8206666667,0.3077446667
68.2800000000,3.8280000000,0.3077960000
68.3533333333,3.8353333333,0.3078473333
68.4266666667,3.8426666667,0.3078986667
68.5000000000,3.8500000000,0.3079500000
68.5733333333,3.8573333333,0.3080013333
68.6466666667,3.8646666667,0.3080526667
68.7200000000,3.8720000000,0.3081040000
68.7933333333,3.8793333333,0.3081553333
68.8666666667,3.8866666667,0.3082066667
68.9400000000,3.8940000000,0.3082580000
69.0133333333,3.9013333333,0.3083093333
69.0866666667,3.9086666667,0.3083606667
69.1600000000,3.9160000000,0.3084120000
69.2333333333,3.9233333333,0.3084633333
69.3066666667,3.9306666667,0.3085146667
69.3800000000,3.9380000000,0.3085660000
69.4533333333,3.9453333333,0.3086173333
69.5266666667,3.9526666667,0.3086686667
69.6000000000,3.9600000000,0.3087200000
69.6733333333,3.9673333333,0.3087713333
69.7466666667,3.9746666667,0.3088226667
69.8200000000,3.9820000000,0.3088740000
69.8933333333,3.9893333333,0.3089253333
69.9666666667,3.9966666667,0.3089766667
70.0400000000,4.0040000000,0.3090280000
70.1133333333,4.0113333333,0.3090793333
70.1866666667,4.0186666667,0.3091306667
70.2600000000,4.0260000000,0.3091820000
70.3333333333,4.0333333333,0.3092333333
70.4066666667,4.0406666667,0.3092846667
70.4800000000,4.0480000000,0.3093360000
70.5533333333,4.0553333333,0.3093873333
70.6266666667,4.0626666667,0.3094386667
70.7000000000,4.0700000000,0.3094900000
70.7733333333,4.0773333333,0.3095413333
70.8466666667,4.0846666667,0.3095926667
70.9200000000,4.0920000000,0.3096440000
70.9933333333,4.0993333333,0.3096953333
71.0666666667,4.1066666667,0.3097466667
71.1400000000,4.1140000000,0.3097980000
71.2133333333,4.1213333333,0.3098493333
71.2866666667,4.1286666667,0.3099006667
71.3600000000,4.1360000000,0.3099520000
71.4333333333,4.1433333333,0.3100033333
71.5066666667,4.1506666667,0.3100546667
71.5800000000,4.1580000000,0.3101060000
71.6533333333,4.1653333333,0.3101573333
71.7266666667,4.1726666667,0.3102086667
71.8000000000,4.1800000000,0.3102600000
71.8733333333,4.1873333333,0.3103113333
71.9466666667,4.1946666667,0.3103626667
72.0200000000,4.2020000000,0.3104140000
72.0933333333,4.2093333333,0.3104653333
72.1666666667,4.2166666667,0.3105166667
72.2400000000,4.2240000000,0.3105680000
72.3133333333,4.2313333333,0.3106193333
72.3866666667,4.2386666667,0.3106706667
72.4600000000,4.2460000000,0.3107220000
72.5333333333,4.2533333333,0.3107733333
72.6066666667,4.2606666667,0.3108246667
72.6800000000,4.2680000000,0.3108760000
72.7533333333,4.2753333333,0.3109273333
72.8266666667,4.2826666667,0.3109786667
72.9000000000,4.2900000000,0.3110300000
72.9733333333,4.2973333333,0.3110813333
73.0466666667,4.3046666667,0.3111326667
73.1200000000,4.3120000000,0.3111840000
73.1933333333,4.3193333333,0.3112353333
73.2666666667,4.3266666667,0.3112866667
73.3400000000,4.3340000000,0.3113380000
73.4133333333,4.3413333333,0.3113893333
73.4866666667,4.3486666667,0.3114406667
73.5600000000,4.3560000000,0.3114920000
73.6333333333,4.3633333333,0.3115433333
73.7066666667,4.3706666667,0.3115946667
73.7800000000,4.3780000000,0.3116460000
73.8533333333,4.3853333333,0.3116973333
73.9266666667,4.3926666667,0.3117486667
74.0000000000,4.4000000000,0.3118000000
74.0733333333,4.4073333333,0.3118513333
74.1466666667,4.4146666667,0.3119026667
74.2200000000,4.4220000000,0.3119540000
74.2933333333,4.4293333333,0.3120053333
74.3666666667,4.4366666667,0.3120566667
74.4400000000,4.4440000000,0.3121080000
74.5133333333,4.4513333333,0.3121593333
74.5866666667,4.4586666667,0.3122106667
74.6600000000,4.4660000000,0.3122620000
74.7333333333,4.4733333333,0.3123133333
74.8066666667,4.4806666667,0.3123646667
74.8800000000,4.4880000000,0.3124160000
74.9533333333,4.4953333333,0.3124673333
75.0266666667,4.5026666667,0.3125186667
75.1000000000,4.5100000000,0.3125700000
75.1733333333,4.5173333333,0.3126213333
75.2466666667,4.5246666667,0.3126726667
75.3200000000,4.5320000000,0.3127240000
75.3933333333,4.5393333333,0.3127753333
75.4666666667,4.5466666667,0.3128266667
75.5400000000,4.5540000000,0.3128780000
75.6133333333,4.5613333333,0.3129293333
75.6866666667,4.5686666667,0.3129806667
75.7600000000,4.5760000000,0.3130320000
75.8333333333,4.5833333333,0.3130833333
75.9066666667,4.5906666667,0.3131346667
75.9800000000,4.5980000000,0.3131860000
76.0533333333,4.6053333333,0.3132373333
76.1266666667,4.6126666667,0.3132886667
76.2000000000,4.6200000000,0.3133400000
76.2733333333,4.6273333333,0.3133913333
76.3466666667,4.6346666667,0.3134426667
76.4200000000,4.6420000000,0.3134940000
76.4933333333,4.6493333333,0.3135453333
76.5666666667,4.6566666667,0.3135966667
76.6400000000,4.6640000000,0.3136480000
76.7133333333,4.6713333333,0.3136993333
76.7866666667,4.6786666667,0.3137506667
76.8600000000,4.6860000000,0.3138020000
76.9333333333,4.6933333333,0.3138533333
77.0066666667,4.7006666667,0.3139046667
77.0800000000,4.7080000000,0.3139560000
77.1533333333,4.7153333333,0.3140073333
77.2266666667,4.7226666667,0.3140586667
77.3000000000,4.7300000000,0.3141100000
77.3733333333,4.7373333333,0.3141613333
77.4466666667,4.7446666667,0.3142126667
77.5200000000,4.7520000000,0.3142640000
77.5933333333,4.7593333333,0.3143153333
77.6666666667,4.7666666667,0.3143666667
77.7400000000,4.7740000000,0.3144180000
77.8133333333,4.7813333333,0.3144693333
77.8866666667,4.7886666667,0.3145206667
77.9600000000,4.7960000000,0.3145720000
78.0333333333,4.8033333333,0.3146233333
78.1066666667,4.8106666667,0.3146746667
78.1800000000,4.8180000000,0.3147260000
78.2533333333,4.8253333333,0.3147773333
78.3266666667,4.8326666667,0.3148286667
78.4000000000,4.8400000000,0.3148800000
78.4733333333,4.8473333333,0.3149313333
78.5466666667,4.8546666667,0.3149826667
78.6200000000,4.8620000000,0.3150340000
78.6933333333,4.8693333333,0.3150853333
78.7666666667,4.8766666667,0.3151366667
78.8400000000,4.8840000000,0.3151880000
78.9133333333,4.8913333333,0.3152393333
78.9866666667,4.8986666667,0.3152906667
79.0600000000,4.9060000000,0.3153420000
79.1333333333,4.9133333333,0.3153933333
79.2066666667,4.9206666667,0.3154446667
79.2800000000,4.9280000000,0.3154960000
79.3533333333,4.9353333333,0.3155473333
79.4266666667,4.9426666667,0.3155986667
79.5000000000,4.9500000000,0.3156500000
79.5733333333,4.9573333333,0.3157013333
79.6466666667,4.9646666667,0.3157526667
79.7200000000,4.9720000000,0.3158040000
79.7933333333,4.9793333333,0.3158553333
79.8666666667,4.9866666667,0.3159066667
79.9400000000,4.9940000000,0.3159580000
80.0133333333,5.0013333333,0.3160093333
80.0866666667,5.0086666667,0.3160606667
80.1600000000,5.0160000000,0.3161120000
80.2333333333,5.0233333333,0.3161633333
80.3066666667,5.0306666667,0.3162146667
80.3800000000,5.0380000000,0.3162660000
80.4533333333,5.0453333333,0.3163173333
80.5266666667,5.0526666667,0.3163686667
80.6000000000,5.0600000000,0.3164200000
80.6733333333,5.0673333333,0.3164713333
80.7466666667,5.0746666667,0.3165226667
80.8200000000,5.0820000000,0.3165740000
80.8933333333,5.0893333333,0.3166253333
80.9666666667,5.0966666667,0.3166766667
81.0400000000,5.1040000000,0.3167280000
81.1133333333,5.1113333333,0.3167793333
81.1866666667,5.1186666667,0.3168306667
81.2600000000,5.1260000000,0.3168820000
81.3333333333,5.1333333333,0.3169333333
81.4066666667,5.1406666667,0.3169846667
81.4800000000,5.1480000000,0.3170360000
81.5533333333,5.1553333333,0.3170873333
81.6266666667,5.1626666667,0.3171386667
81.7000000000,5.1700000000,0.3171900000
81.7733333333,5.1773333333,0.3172413333
81.8466666667,5.1846666667,0.3172926667
81.9200000000,5.1920000000,0.3173440000
81.9933333333,5.1993333333,0.3173953333
82.0666666667,5.2066666667,0.3174466667
82.1400000000,5.2140000000,0.3174980000
82.2133333333,5.2213333333,0.3175493333
82.2866666667,5.2286666667,0.3176006667
82.3600000000,5.2360000000,0.3176520000
82.4333333333,5.2433333333,0.3177033333
82.5066666667,5.2506666667,0.3177546667
82.5800000000,5.2580000000,0.3178060000
82.6533333333,5.2653333333,0.3178573333
82.7266666667,5.2726666667,0.3179086667
82.8000000000,5.2800000000,0.3179600000
82.8733333333,5.2873333333,0.3180113333
82.9466666667,5.2946666667,0.3180626667
83.0200000000,5.3020000000,0.3181140000
83.0933333333,5.3093333333,0.3181653333
83.1666666667,5.3166666667,0.3182166667
83.2400000000,5.3240000000,0.3182680000
83.3133333333,5.3313333333,0.3183193333
83.3866666667,5.3386666667,0.3183706667
83.4600000000,5.3460000000,0.3184220000
83.5333333333,5.3533333333,0.3184733333
83.6066666667,5.3606666667,0.3185246667
83.6800000000,5.3680000000,0.3185760000
83.7533333333,5.3753333333,0.3186273333
83.8266666667,5.3826666667,0.3186786667
83.9000000000,5.3900000000,0.3187300000
83.9733333333,5.3973333333,0.3187813333
84.0466666667,5.4046666667,0.3188326667
84.1200000000,5.4120000000,0.3188840000
84.1933333333,5.4193333333,0.3189353333
84.2666666667,5.4266666667,0.3189866667
84.3400000000,5.4340000000,0.3190380000
84.4133333333,5.4413333333,0.3190893333
84.4866666667,5.4486666667,0.3191406667
84.5600000000,5.4560000000,0.3191920000
84.6333333333,5.4633333333,0.3192433333
84.7066666667,5.4706666667,0.3192946667
84.7800000000,5.4780000000,0.3193460000
84.8533333333,5.4853333333,0.3193973333
84.9266666667,5.4926666667,0.3194486667
85.0000000000,5.5000000000,0.3195000000
85.0733333333,5.5073333333,0.3195513333
85.1466666667,5.5146666667,0.3196026667
85.2200000000,5.5220000000,0.3196540000
85.2933333333,5.5293333333,0.3197053333
85.3666666667,5.5366666667,0.3197566667
85.4400000000,5.5440000000,0.3198080000
85.5133333333,5.5513333333,0.3198593333
85.5866666667,5.5586666667,0.3199106667
85.6600000000,5.5660000000,0.3199620000
85.7333333333,5.5733333333,0.3200133333
85.8066666667,5.5806666667,0.3200646667
85.8800000000,5.5880000000,0.3201160000
85.9533333333,5.5953333333,0.3201673333
86.0266666667,5.6026666667,0.3202186667
86.1000000000,5.6100000000,0.3202700000
86.1733333333,5.6173333333,0.3203213333
86.2466666667,5.6246666667,0.3203726667
86.3200000000,5.6320000000,0.3204240000
86.3933333333,5.6393333333,0.3204753333
86.4666666667,5.6466666667,0.3205266667
86.5400000000,5.6540000000,0.3205780000
86.6133333333,5.6613333333,0.3206293333
86.6866666667,5.6686666667,0.3206806667
86.7600000000,5.6760000000,0.3207320000
86.8333333333,5.6833333333,0.3207833333
86.9066666667,5.6906666667,0.3208346667
86.9800000000,5.6980000000,0.3208860000
87.0533333333,5.7053333333,0.3209373333
87.1266666667,5.7126666667,0.3209886667
87.2000000000,5.7200000000,0.3210400000
87.2733333333,5.7273333333,0.3210913333
87.3466666667,5.7346666667,0.3211426667
87.4200000000,5.7420000000,0.3211940000
87.4933333333,5.7493333333,0.3212453333
87.5666666667,5.7566666667,0.3212966667
87.6400000000,5.7640000000,0.3213480000
87.7133333333,5.7713333333,0.3213993333
87.7866666667,5.7786666667,0.3214506667
87.8600000000,5.7860000000,0.3215020000
87.9333333333,5.7933333333,0.3215533333
88.0066666667,5.8006666667,0.3216046667
88.0800000000,5.8080000000,0.3216560000
88.1533333333,5.8153333333,0.3217073333
88.2266666667,5.8226666667,0.3217586667
88.3000000000,5.8300000000,0.3218100000
88.3733333333,5.8373333333,0.3218613333
88.4466666667,5.8446666667,0.3219126667
88.5200000000,5.8520000000,0.3219640000
88.5933333333,5.8593333333,0.3220153333
88.6666666667,5.8666666667,0.3220666667
88.7400000000,5.8740000000,0.3221180000
88.8133333333,5.8813333333,0.3221693333
88.8866666667,5.8886666667,0.3222206667
88.9600000000,5.8960000000,0.3222720000
89.0333333333,5.9033333333,0.3223233333
89.1066666667,5.9106666667,0.3223746667
89.1800000000,5.9180000000,0.3224260000
89.2533333333,5.9253333333,0.3224773333
89.3266666667,5.9326666667,0.3225286667
89.4000000000,5.9400000000,0.3225800000
89.4733333333,5.9473333333,0.3226313333
89.5466666667,5.9546666667,0.3226826667
89.6200000000,5.9620000000,0.3227340000
89.6933333333,5.9693333333,0.3227853333
89.7666666667,5.9766666667,0.3228366667
89.8400000000,5.9840000000,0.3228880000
89.9133333333,5.9913333333,0.3229393333
89.9866666667,5.9986666667,0.3229906667
90.0600000000,6.0060000000,0.3230420000
90.1333333333,6.0133333333,0.3230933333
90.2066666667,6.0206666667,0.3231446667
90.2800000000,6.0280000000,0.3231960000
90.3533333333,6.0353333333,0.3232473333
90.4266666667,6.0426666667,0.3232986667
90.5000000000,6.0500000000,0.3233500000
90.5733333333,6.0573333333,0.3234013333
90.6466666667,6.0646666667,0.3234526667
90.7200000000,6.0720000000,0.3235040000
90.7933333333,6.0793333333,0.3235553333
90.8666666667,6.0866666667,0.3236066667
90.9400000000,6.0940000000,0.3236580000
91.0133333333,6.1013333333,0.3237093333
91.0866666667,6.1086666667,0.3237606667
91.1600000000,6.1160000000,0.3238120000
91.2333333333,6.1233333333,0.3238633333
91.3066666667,6.1306666667,0.3239146667
91.3800000000,6.1380000000,0.3239660000
91.4533333333,6.1453333333,0.3240173333
91.5266666667,6.1526666667,0.3240686667
91.6000000000,6.1600000000,0.3241200000
91.6733333333,6.1673333333,0.3241713333
91.7466666667,6.1746666667,0.3242226667
91.8200000000,6.1820000000,0.3242740000
91.8933333333,6.1893333333,0.3243253333
91.9666666667,6.1966666667,0.3243766667
92.0400000000,6.2040000000,0.3244280000
92.1133333333,6.2113333333,0.3244793333
92.1866666667,6.2186666667,0.3245306667
92.2600000000,6.2260000000,0.3245820000
92.3333333333,6.2333333333,0.3246333333
92.4066666667,6.2406666667,0.3246846667
92.4800000000,6.2480000000,0.3247360000
92.5533333333,6.2553333333,0.3247873333
92.6266666667,6.2626666667,0.3248386667
92.7000000000,6.2700000000,0.3248900000
92.7733333333,6.2773333333,0.3249413333
92.8466666667,6.2846666667,0.3249926667
92.9200000000,6.2920000000,0.3250440000
92.9933333333,6.2993333333,0.3250953333
93.0666666667,6.3066666667,0.3251466667
93.1400000000,6.3140000000,0.3251980000
93.2133333333,6.3213333333,0.3252493333
93.2866666667,6.3286666667,0.3253006667
93.3600000000,6.3360000000,0.3253520000
93.4333333333,6.3433333333,0.3254033333
93.5066666667,6.3506666667,0.3254546667
93.5800000000,6.3580000000,0.3255060000
93.6533333333,6.3653333333,0.3255573333
93.7266666667,6.3726666667,0.3256086667
93.8000000000,6.3800000000,0.3256600000
93.8733333333,6.3873333333,0.3257113333
93.9466666667,6.3946666667,0.3257626667
94.0200000000,6.4020000000,0.3258140000
94.0933333333,6.4093333333,0.3258653333
94.1666666667,6.4166666667,0.3259166667
94.2400000000,6.4240000000,0.3259680000
94.3133333333,6.4313333333,0.3260193333
94.3866666667,6.4386666667,0.3260706667
94.4600000000,6.4460000000,0.3261220000
94.5333333333,6.4533333333,0.3261733333
94.6066666667,6.4606666667,0.3262246667
94.6800000000,6.4680000000,0.3262760000
94.7533333333,6.4753333333,0.3263273333
94.8266666667,6.4826666667,0.3263786667
94.9000000000,6.4900000000,0.3264300000
94.9733333333,6.4973333333,0.3264813333
95.0466666667,6.5046666667,0.3265326667
95.1200000000,6.5120000000,0.3265840000
95.1933333333,6.5193333333,0.3266353333
95.2666666667,6.5266666667,0.3266866667
95.3400000000,6.5340000000,0.3267380000
95.4133333333,6.5413333333,0.3267893333
95.4866666667,6.5486666667,0.3268406667
95.5600000000,6.5560000000,0.3268920000
95.6333333333,6.5633333333,0.3269433333
95.7066666667,6.5706666667,0.3269946667
95.7800000000,6.5780000000,0.3270460000
95.8533333333,6.5853333333,0.3270973333
95.9266666667,6.5926666667,0.3271486667
96.0000000000,6.6000000000,0.3272000000
96.0733333333,6.6073333333,0.3272513333
96.1466666667,6.6146666667,0.3273026667
96.2200000000,6.6220000000,0.3273540000
96.2933333333,6.6293333333,0.3274053333
96.3666666667,6.6366666667,0.3274566667
96.4400000000,6.6440000000,0.3275080000
96.5133333333,6.6513333333,0.3275593333
96.5866666667,6.6586666667,0.3276106667
96.6600000000,6.6660000000,0.3276620000
96.7333333333,6.6733333333,0.3277133333
96.8066666667,6.6806666667,0.3277646667
96.8800000000,6.6880000000,0.3278160000
96.9533333333,6.6953333333,0.3278673333
97.0266666667,6.7026666667,0.3279186667
97.1000000000,6.7100000000,0.3279700000
97.1733333333,6.7173333333,0.3280213333
97.2466666667,6.7246666667,0.3280726667
97.3200000000,6.7320000000,0.3281240000
97.3933333333,6.7393333333,0.3281753333
97.4666666667,6.7466666667,0.3282266667
97.5400000000,6.7540000000,0.3282780000
97.6133333333,6.7613333333,0.3283293333
97.6866666667,6.7686666667,0.3283806667
97.7600000000,6.7760000000,0.3284320000
97.8333333333,6.7833333333,0.3284833333
97.9066666667,6.7906666667,0.3285346667
97.9800000000,6.7980000000,0.3285860000
98.0533333333,6.8053333333,0.3286373333
98.1266666667,6.8126666667,0.3286886667
98.2000000000,6.8200000000,0.3287400000
98.2733333333,6.8273333333,0.3287913333
98.3466666667,6.8346666667,0.3288426667
98.4200000000,6.8420000000,0.3288940000
98.4933333333,6.8493333333,0.3289453333
98.5666666667,6.8566666667,0.3289966667
98.6400000000,6.8640000000,0.3290480000
98.7133333333,6.8713333333,0.3290993333
98.7866666667,6.8786666667,0.3291506667
98.8600000000,6.8860000000,0.3292020000
98.9333333333,6.8933333333,0.3292533333
99.0066666667,6.9006666667,0.3293046667
99.0800000000,6.9080000000,0.3293560000
99.1533333333,6.9153333333,0.3294073333
99.2266666667,6.9226666667,0.3294586667
99.3000000000,6.9300000000,0.3295100000
99.3733333333,6.9373333333,0.3295613333
99.4466666667,6.9446666667,0.3296126667
99.5200000000,6.9520000000,0.3296640000
99.5933333333,6.9593333333,0.3297153333
99.6666666667,6.9666666667,0.3297666667
99.7400000000,6.9740000000,0.3298180000
99.8133333333,6.9813333333,0.3298693333
99.8866666667,6.9886666667,0.3299206667
99.9600000000,6.9960000000,0.3299720000
100.0333333333,7.0033333333,0.3300233333
100.1066666667,7.0106666667,0.3300746667
100.1800000000,7.0180000000,0.3301260000
100.2533333333,7.0253333333,0.3301773333
100.3266666667,7.0326666667,0.3302286667
100.4000000000,7.0400000000,0.3302800000
100.4733333333,7.0473333333,0.3303313333
100.5466666667,7.0546666667,0.3303826667
100.6200000000,7.0620000000,0.3304340000
100.6933333333,7.0693333333,0.3304853333
100.7666666667,7.0766666667,0.3305366667
100.8400000000,7.0840000000,0.3305880000
100.9133333333,7.0913333333,0.3306393333
100.9866666667,7.0986666667,0.3306906667
101.0600000000,7.1060000000,0.3307420000
101.1333333333,7.1133333333,0.3307933333
101.2066666667,7.1206666667,0.3308446667
101.2800000000,7.1280000000,0.3308960000
101.3533333333,7.1353333333,0.3309473333
101.4266666667,7.1426666667,0.3309986667
101.5000000000,7.1500000000,0.3310500000
101.5733333333,7.1573333333,0.3311013333
101.6466666667,7.1646666667,0.3311526667
101.7200000000,7.1720000000,0.3312040000
101.7933333333,7.1793333333,0.3312553333
101.8666666667,7.1866666667,0.3313066667
101.9400000000,7.1940000000,0.3313580000
102.0133333333,7.2013333333,0.3314093333
102.0866666667,7.2086666667,0.3314606667
102.1600000000,7.2160000000,0.3315120000
102.2333333333,7.2233333333,0.3315633333
102.3066666667,7.2306666667,0.3316146667
102.3800000000,7.2380000000,0.3316660000
102.4533333333,7.2453333333,0.3317173333
102.5266666667,7.2526666667,0.3317686667
102.6000000000,7.2600000000,0.3318200000
102.6733333333,7.2673333333,0.3318713333
102.7466666667,7.2746666667,0.3319226667
102.8200000000,7.2820000000,0.3319740000
102.8933333333,7.2893333333,0.3320253333
102.9666666667,7.2966666667,0.3320766667
103.0400000000,7.3040000000,0.3321280000
103.1133333333,7.3113333333,0.3321793333
103.1866666667,7.3186666667,0.3322306667
103.2600000000,7.3260000000,0.3322820000
103.3333333333,7.3333333333,0.3323333333
103.4066666667,7.3406666667,0.3323846667
103.4800000000,7.3480000000,0.3324360000
103.5533333333,7.3553333333,0.3324873333
103.6266666667,7.3626666667,0.3325386667
103.7000000000,7.3700000000,0.3325900000
103.7733333333,7.3773333333,0.3326413333
103.8466666667,7.3846666667,0.3326926667
103.9200000000,7.3920000000,0.3327440000
103.9933333333,7.3993333333,0.3327953333
104.0666666667,7.4066666667,0.3328466667
104.1400000000,7.4140000000,0.3328980000
104.2133333333,7.4213333333,0.3329493333
104.2866666667,7.4286666667,0.3330006667
104.3600000000,7.4360000000,0.3330520000
104.4333333333,7.4433333333,0.3331033333
104.5066666667,7.4506666667,0.3331546667
104.5800000000,7.4580000000,0.3332060000
104.6533333333,7.4653333333,0.3332573333
104.7266666667,7.4726666667,0.3333086667
104.8000000000,7.4800000000,0.3333600000
104.8733333333,7.4873333333,0.3334113333
104.9466666667,7.4946666667,0.3334626667
105.0200000000,7.5020000000,0.3335140000
105.0933333333,7.5093333333,0.3335653333
105.1666666667,7.5166666667,0.3336166667
105.2400000000,7.5240000000,0.3336680000
105.3133333333,7.5313333333,0.3337193333
105.3866666667,7.5386666667,0.3337706667
105.4600000000,7.5460000000,0.3338220000
105.5333333333,7.5533333333,0.3338733333
105.6066666667,7.5606666667,0.3339246667
105.6800000000,7.5680000000,0.3339760000
105.7533333333,7.5753333333,0.3340273333
105.8266666667,7.5826666667,0.3340786667
105.9000000000,7.5900000000,0.3341300000
105.9733333333,7.5973333333,0.3341813333
106.0466666667,7.6046666667,0.3342326667
106.1200000000,7.6120000000,0.3342840000
106.1933333333,7.6193333333,0.3343353333
106.2666666667,7.6266666667,0.3343866667
106.3400000000,7.6340000000,0.3344380000
106.4133333333,7.6413333333,0.3344893333
106.4866666667,7.6486666667,0.3345406667
106.5600000000,7.6560000000,0.3345920000
106.6333333333,7.6633333333,0.3346433333
106.7066666667,7.6706666667,0.3346946667
106.7800000000,7.6780000000,0.3347460000
106.8533333333,7.6853333333,0.3347973333
106.9266666667,7.6926666667,0.3348486667
107.0000000000,7.7000000000,0.3349000000
107.0733333333,7.7073333333,0.3349513333
107.1466666667,7.7146666667,0.3350026667
107.2200000000,7.7220000000,0.3350540000
107.2933333333,7.7293333333,0.3351053333
107.3666666667,7.7366666667,0.3351566667
107.4400000000,7.7440000000,0.3352080000
107.5133333333,7.7513333333,0.3352593333
107.5866666667,7.7586666667,0.3353106667
107.6600000000,7.7660000000,0.3353620000
107.7333333333,7.7733333333,0.3354133333
107.8066666667,7.7806666667,0.3354646667
107.8800000000,7.7880000000,0.3355160000
107.9533333333,7.7953333333,0.3355673333
108.0266666667,7.8026666667,0.3356186667
108.1000000000,7.8100000000,0.3356700000
108.1733333333,7.8173333333,0.3357213333
108.2466666667,7.8246666667,0.3357726667
108.3200000000,7.8320000000,0.3358240000
108.3933333333,7.8393333333,0.3358753333
108.4666666667,7.8466666667,0.3359266667
108.5400000000,7.8540000000,0.3359780000
108.6133333333,7.8613333333,0.3360293333
108.6866666667,7.8686666667,0.3360806667
108.7600000000,7.8760000000,0.3361320000
108.8333333333,7.8833333333,0.3361833333
108.9066666667,7.8906666667,0.3362346667
108.9800000000,7.8980000000,0.3362860000
109.0533333333,7.9053333333,0.3363373333
109.1266666667,7.9126666667,0.3363886667
109.2000000000,7.9200000000,0.3364400000
109.2733333333,7.9273333333,0.3364913333
109.3466666667,7.9346666667,0.3365426667
109.4200000000,7.9420000000,0.3365940000
109.4933333333,7.9493333333,0.3366453333
109.5666666667,7.9566666667,0.3366966667
109.6400000000,7.9640000000,0.3367480000
109.7133333333,7.9713333333,0.3367993333
109.7866666667,7.9786666667,0.3368506667
109.8600000000,7.9860000000,0.3369020000
109.9333333333,7.9933333333,0.3369533333
110.0066666667,8.0006666667,0.3370046667
110.0800000000,8.0080000000,0.3370560000
110.1533333333,8.0153333333,0.3371073333
110.2266666667,8.0226666667,0.3371586667
110.3000000000,8.0300000000,0.3372100000
110.3733333333,8.0373333333,0.3372613333
110.4466666667,8.0446666667,0.3373126667
110.5200000000,8.0520000000,0.3373640000
110.5933333333,8.0593333333,0.3374153333
110.6666666667,8.0666666667,0.3374666667
110.7400000000,8.0740000000,0.3375180000
110.8133333333,8.0813333333,0.3375693333
110.8866666667,8.0886666667,0.3376206667
110.9600000000,8.0960000000,0.3376720000
111.0333333333,8.1033333333,0.3377233333
111.1066666667,8.1106666667,0.3377746667
111.1800000000,8.1180000000,0.3378260000
111.2533333333,8.1253333333,0.3378773333
111.3266666667,8.1326666667,0.3379286667
111.4000000000,8.1400000000,0.3379800000
111.4733333333,8.1473333333,0.3380313333
111.5466666667,8.1546666667,0.3380826667
111.6200000000,8.1620000000,0.3381340000
111.6933333333,8.1693333333,0.3381853333
111.7666666667,8.1766666667,0.3382366667
111.8400000000,8.1840000000,0.3382880000
111.9133333333,8.1913333333,0.3383393333
111.9866666667,8.1986666667,0.3383906667
112.0600000000,8.2060000000,0.3384420000
112.1333333333,8.2133333333,0.3384933333
112.2066666667,8.2206666667,0.3385446667
112.2800000000,8.2280000000,0.3385960000
112.3533333333,8.2353333333,0.3386473333
112.4266666667,8.2426666667,0.3386986667
112.5000000000,8.2500000000,0.3387500000
112.5733333333,8.2573333333,0.3388013333
112.6466666667,8.2646666667,0.3388526667
112.7200000000,8.2720000000,0.3389040000
112.7933333333,8.2793333333,0.3389553333
112.8666666667,8.2866666667,0.3390066667
112.9400000000,8.2940000000,0.3390580000
113.0133333333,8.3013333333,0.3391093333
113.0866666667,8.3086666667,0.3391606667
113.1600000000,8.3160000000,0.3392120000
113.2333333333,8.3233333333,0.3392633333
113.3066666667,8.3306666667,0.3393146667
113.3800000000,8.3380000000,0.3393660000
113.4533333333,8.3453333333,0.3394173333
113.5266666667,8.3526666667,0.3394686667
113.6000000000,8.3600000000,0.3395200000
113.6733333333,8.3673333333,0.3395713333
113.7466666667,8.3746666667,0.3396226667
113.8200000000,8.3820000000,0.3396740000
113.8933333333,8.3893333333,0.3397253333
113.9666666667,8.3966666667,0.3397766667
114.0400000000,8.4040000000,0.3398280000
114.1133333333,8.4113333333,0.3398793333
114.1866666667,8.4186666667,0.3399306667
114.2600000000,8.4260000000,0.3399820000
114.3333333333,8.4333333333,0.3400333333
114.4066666667,8.4406666667,0.3400846667
114.4800000000,8.4480000000,0.3401360000
114.5533333333,8.4553333333,0.3401873333
114.6266666667,8.4626666667,0.3402386667
114.7000000000,8.4700000000,0.3402900000
114.7733333333,8.4773333333,0.3403413333
114.8466666667,8.4846666667,0.3403926667
114.9200000000,8.4920000000,0.3404440000
114.9933333333,8.4993333333,0.3404953333
115.0666666667,8.5066666667,0.3405466667
115.1400000000,8.5140000000,0.3405980000
115.2133333333,8.5213333333,0.3406493333
115.2866666667,8.5286666667,0.3407006667
115.3600000000,8.5360000000,0.3407520000
115.4333333333,8.5433333333,0.3408033333
115.5066666667,8.5506666667,0.3408546667
115.5800000000,8.5580000000,0.3409060000
115.6533333333,8.5653333333,0.3409573333
115.7266666667,8.5726666667,0.3410086667
115.8000000000,8.5800000000,0.3410600000
115.8733333333,8.5873333333,0.3411113333
115.9466666667,8.5946666667,0.3411626667
116.0200000000,8.6020000000,0.3412140000
116.0933333333,8.6093333333,0.3412653333
116.1666666667,8.6166666667,0.3413166667
116.2400000000,8.6240000000,0.3413680000
116.3133333333,8.6313333333,0.3414193333
116.3866666667,8.6386666667,0.3414706667
116.4600000000,8.6460000000,0.3415220000
116.5333333333,8.6533333333,0.3415733333
116.6066666667,8.6606666667,0.3416246667
116.6800000000,8.6680000000,0.3416760000
116.7533333333,8.6753333333,0.3417273333
116.8266666667,8.6826666667,0.3417786667
116.9000000000,8.6900000000,0.3418300000
116.9733333333,8.6973333333,0.3418813333
117.0466666667,8.7046666667,0.3419326667
117.1200000000,8.7120000000,0.3419840000
117.1933333333,8.7193333333,0.3420353333
117.2666666667,8.7266666667,0.3420866667
117.3400000000,8.7340000000,0.3421380000
117.4133333333,8.7413333333,0.3421893333
117.4866666667,8.7486666667,0.3422406667
117.5600000000,8.7560000000,0.3422920000
117.6333333333,8.7633333333,0.3423433333
117.7066666667,8.7706666667,0.3423946667
117.7800000000,8.7780000000,0.3424460000
117.8533333333,8.7853333333,0.3424973333
117.9266666667,8.7926666667,0.3425486667
118.0000000000,8.8000000000,0.3426000000
118.0733333333,8.8073333333,0.3426513333
118.1466666667,8.8146666667,0.3427026667
118.2200000000,8.8220000000,0.3427540000
118.2933333333,8.8293333333,0.3428053333
118.3666666667,8.8366666667,0.3428566667
118.4400000000,8.8440000000,0.3429080000
118.5133333333,8.8513333333,0.3429593333
118.5866666667,8.8586666667,0.3430106667
118.6600000000,8.8660000000,0.3430620000
118.7333333333,8.8733333333,0.3431133333
118.8066666667,8.8806666667,0.3431646667
118.8800000000,8.8880000000,0.3432160000
118.9533333333,8.8953333333,0.3432673333
119.0266666667,8.9026666667,0.3433186667
119.1000000000,8.9100000000,0.3433700000
119.1733333333,8.9173333333,0.3434213333
119.2466666667,8.9246666667,0.3434726667
119.3200000000,8.9320000000,0.3435240000
119.3933333333,8.9393333333,0.3435753333
119.4666666667,8.9466666667,0.3436266667
119.5400000000,8.9540000000,0.3436780000
119.6133333333,8.9613333333,0.3437293333
119.6866666667,8.9686666667,0.3437806667
119.7600000000,8.9760000000,0.3438320000
119.8333333333,8.9833333333,0.3438833333
119.9066666667,8.9906666667,0.3439346667
119.9800000000,8.9980000000,0.3439860000
120.0533333333,9.0053333333,0.3440373333
120.1266666667,9.0126666667,0.3440886667
120.2000000000,9.0200000000,0.3441400000
120.2733333333,9.0273333333,0.3441913333
120.3466666667,9.0346666667,0.3442426667
120.4200000000,9.0420000000,0.3442940000
120.4933333333,9.0493333333,0.3443453333
120.5666666667,9.0566666667,0.3443966667
120.6400000000,9.0640000000,0.3444480000
120.7133333333,9.0713333333,0.3444993333
120.7866666667,9.0786666667,0.3445506667
120.8600000000,9.0860000000,0.3446020000
120.9333333333,9.0933333333,0.3446533333
121.0066666667,9.1006666667,0.3447046667
121.0800000000,9.1080000000,0.3447560000
121.1533333333,9.1153333333,0.3448073333
121.2266666667,9.1226666667,0.3448586667
121.3000000000,9.1300000000,0.3449100000
121.3733333333,9.1373333333,0.3449613333
121.4466666667,9.1446666667,0.3450126667
121.5200000000,9.1520000000,0.3450640000
121.5933333333,9.1593333333,0.3451153333
121.6666666667,9.1666666667,0.3451666667
121.7400000000,9.1740000000,0.3452180000
121.8133333333,9.1813333333,0.3452693333
121.8866666667,9.1886666667,0.3453206667
121.9600000000,9.1960000000,0.3453720000
122.0333333333,9.2033333333,0.3454233333
122.1066666667,9.2106666667,0.3454746667
122.1800000000,9.2180000000,0.3455260000
122.2533333333,9.2253333333,0.3455773333
122.3266666667,9.2326666667,0.3456286667
122.4000000000,9.2400000000,0.3456800000
122.4733333333,9.2473333333,0.3457313333
122.5466666667,9.2546666667,0.3457826667
122.6200000000,9.2620000000,0.3458340000
122.6933333333,9.2693333333,0.3458853333
122.7666666667,9.2766666667,0.3459366667
122.8400000000,9.2840000000,0.3459880000
122.9133333333,9.2913333333,0.3460393333
122.9866666667,9.2986666667,0.3460906667
123.0600000000,9.3060000000,0.3461420000
123.1333333333,9.3133333333,0.3461933333
123.2066666667,9.3206666667,0.3462446667
123.2800000000,9.3280000000,0.3462960000
123.3533333333,9.3353333333,0.3463473333
123.4266666667,9.3426666667,0.3463986667
123.5000000000,9.3500000000,0.3464500000
123.5733333333,9.3573333333,0.3465013333
123.6466666667,9.3646666667,0.3465526667
123.7200000000,9.3720000000,0.3466040000
123.7933333333,9.3793333333,0.3466553333
123.8666666667,9.3866666667,0.3467066667
123.9400000000,9.3940000000,0.3467580000
124.0133333333,9.4013333333,0.3468093333
124.0866666667,9.4086666667,0.3468606667
124.1600000000,9.4160000000,0.3469120000
124.2333333333,9.4233333333,0.3469633333
124.3066666667,9.4306666667,0.3470146667
124.3800000000,9.4380000000,0.3470660000
124.4533333333,9.4453333333,0.3471173333
124.5266666667,9.4526666667,0.3471686667
124.6000000000,9.4600000000,0.3472200000
124.6733333333,9.4673333333,0.3472713333
124.7466666667,9.4746666667,0.3473226667
124.8200000000,9.4820000000,0.3473740000
124.8933333333,9.4893333333,0.3474253333
124.9666666667,9.4966666667,0.3474766667
125.0400000000,9.5040000000,0.3475280000
125.1133333333,9.5113333333,0.3475793333
125.1866666667,9.5186666667,0.3476306667
125.2600000000,9.5260000000,0.3476820000
125.3333333333,9.5333333333,0.3477333333
125.4066666667,9.5406666667,0.3477846667
125.4800000000,9.5480000000,0.3478360000
125.5533333333,9.5553333333,0.3478873333
125.6266666667,9.5626666667,0.3479386667
125.7000000000,9.5700000000,0.3479900000
125.7733333333,9.5773333333,0.3480413333
125.8466666667,9.5846666667,0.3480926667
125.9200000000,9.5920000000,0.3481440000
125.9933333333,9.5993333333,0.3481953333
126.0666666667,9.6066666667,0.3482466667
126.1400000000,9.6140000000,0.3482980000
126.2133333333,9.6213333333,0.3483493333
126.2866666667,9.6286666667,0.3484006667
126.3600000000,9.6360000000,0.3484520000
126.4333333333,9.6433333333,0.3485033333
126.5066666667,9.6506666667,0.3485546667
126.5800000000,9.6580000000,0.3486060000
126.6533333333,9.6653333333,0.3486573333
126.7266666667,9.6726666667,0.3487086667
126.8000000000,9.6800000000,0.3487600000
126.8733333333,9.6873333333,0.3488113333
126.9466666667,9.6946666667,0.3488626667
127.0200000000,9.7020000000,0.3489140000
127.0933333333,9.7093333333,0.3489653333
127.1666666667,9.7166666667,0.3490166667
127.2400000000,9.7240000000,0.3490680000
127.3133333333,9.7313333333,0.3491193333
127.3866666667,9.7386666667,0.3491706667
127.4600000000,9.7460000000,0.3492220000
127.5333333333,9.7533333333,0.3492733333
127.6066666667,9.7606666667,0.3493246667
127.6800000000,9.7680000000,0.3493760000
127.7533333333,9.7753333333,0.3494273333
127.8266666667,9.7826666667,0.3494786667
127.9000000000,9.7900000000,0.3495300000
127.9733333333,9.7973333333,0.3495813333
128.0466666667,9.8046666667,0.3496326667
128.1200000000,9.8120000000,0.3496840000
128.1933333333,9.8193333333,0.3497353333
128.2666666667,9.8266666667,0.3497866667
128.3400000000,9.8340000000,0.3498380000
128.4133333333,9.8413333333,0.3498893333
128.4866666667,9.8486666667,0.3499406667
128.5600000000,9.8560000000,0.3499920000
128.6333333333,9.8633333333,0.3500433333
128.7066666667,9.8706666667,0.3500946667
128.7800000000,9.8780000000,0.3501460000
128.8533333333,9.8853333333,0.3501973333
128.9266666667,9.8926666667,0.3502486667
129.0000000000,9.9000000000,0.3503000000
129.0733333333,9.9073333333,0.3503513333
129.1466666667,9.9146666667,0.3504026667
129.2200000000,9.9220000000,0.3504540000
129.2933333333,9.9293333333,0.3505053333
129.3666666667,9.9366666667,0.3505566667
129.4400000000,9.9440000000,0.3506080000
129.5133333333,9.9513333333,0.3506593333
129.5866666667,9.9586666667,0.3507106667
129.6600000000,9.9660000000,0.3507620000
129.7333333333,9.9733333333,0.3508133333
129.8066666667,9.9806666667,0.3508646667
129.8800000000,9.9880000000,0.3509160000
129.9533333333,9.9953333333,0.3509673333
130.0266666667,10.0026666667,0.3510186667
130.1000000000,10.0100000000,0.3510700000
130.1733333333,10.0173333333,0.3511213333
130.2466666667,10.0246666667,0.3511726667
130.3200000000,10.0320000000,0.3512240000
130.3933333333,10.0393333333,0.3512753333
130.4666666667,10.0466666667,0.3513266667
130.5400000000,10.0540000000,0.3513780000
130.6133333333,10.0613333333,0.3514293333
130.6866666667,10.0686666667,0.3514806667
130.7600000000,10.0760000000,0.3515320000
130.8333333333,10.0833333333,0.3515833334
130.9066666667,10.0906666667,0.3516346667
130.9800000000,10.0980000000,0.3516860000
131.0533333333,10.1053333333,0.3517373334
131.1266666667,10.1126666667,0.3517886667
131.2000000000,10.1200000000,0.3518400000
131.2733333333,10.1273333333,0.3518913334
131.3466666667,10.1346666667,0.3519426667
131.4200000000,10.1420000000,0.3519940000
131.4933333333,10.1493333333,0.3520453334
131.5666666667,10.1566666667,0.3520966667
131.6400000000,10.1640000000,0.3521480001
131.7133333333,10.1713333333,0.3521993334
131.7866666667,10.1786666667,0.3522506667
131.8600000000,10.1860000000,0.3523020001
131.9333333333,10.1933333333,0.3523533334
132.0066666667,10.2006666667,0.3524046668
132.0800000000,10.2080000000,0.3524560001
132.1533333333,10.2153333333,0.3525073335
132.2266666667,10.2226666667,0.3525586668
132.3000000000,10.2300000000,0.3526100002
132.3733333333,10.2373333333,0.3526613335
132.4466666667,10.2446666667,0.3527126669
132.5200000000,10.2520000000,0.3527640002
132.5933333333,10.2593333333,0.3528153336
132.6666666667,10.2666666667,0.3528666669
132.7400000000,10.2740000000,0.3529180003
132.8133333333,10.2813333333,0.3529693337
132.8866666667,10.2886666667,0.3530206670
132.9600000000,10.2960000000,0.3530720004
133.0333333333,10.3033333333,0.3531233338
133.1066666667,10.3106666667,0.3531746671
133.1800000000,10.3180000000,0.3532260005
133.2533333333,10.3253333333,0.3532773339
133.3266666667,10.3326666667,0.3533286673
133.4000000000,10.3400000000,0.3533800007
133.4733333333,10.3473333333,0.3534313341
133.5466666667,10.3546666667,0.3534826675
133.6200000000,10.3620000000,0.3535340009
133.6933333333,10.3693333333,0.3535853344
133.7666666667,10.3766666667,0.3536366678
133.8400000000,10.3840000000,0.3536880012
133.9133333333,10.3913333333,0.3537393347
133.9866666667,10.3986666667,0.3537906682
134.0600000000,10.4060000000,0.3538420017
134.1333333333,10.4133333333,0.3538933351
134.2066666667,10.4206666667,0.3539446687
134.2800000000,10.4280000000,0.3539960022
134.3533333333,10.4353333333,0.3540473357
134.4266666667,10.4426666667,0.3540986693
134.5000000000,10.4500000000,0.3541500029
134.5733333333,10.4573333333,0.3542013365
134.6466666667,10.4646666667,0.3542526701
134.7200000000,10.4720000000,0.3543040038
134.7933333333,10.4793333333,0.3543553375
134.8666666667,10.4866666667,0.3544066712
134.9400000000,10.4940000000,0.3544580050
135.0133333333,10.5013333333,0.3545093388
135.0866666667,10.5086666667,0.3545606727
135.1600000000,10.5160000000,0.3546120066
135.2333333333,10.5233333333,0.3546633405
135.3066666667,10.5306666667,0.3547146745
135.3800000000,10.5380000000,0.3547660086
135.4533333333,10.5453333333,0.3548173428
135.5266666667,10.5526666667,0.3548686770
135.6000000000,10.5600000000,0.3549200113
135.6733333333,10.5673333333,0.3549713457
135.7466666667,10.5746666667,0.3550226801
135.8200000000,10.5820000000,0.3550740147
135.8933333333,10.5893333333,0.3551253494
135.9666666667,10.5966666667,0.3551766842
136.0400000000,10.6040000000,0.3552280192
136.1133333333,10.6113333333,0.3552793543
136.1866666667,10.6186666667,0.3553306895
136.2600000000,10.6260000000,0.3553820249
136.3333333333,10.6333333333,0.3554333605
136.4066666667,10.6406666667,0.3554846963
136.4800000000,10.6480000000,0.3555360324
136.5533333333,10.6553333333,0.3555873686
136.6266666667,10.6626666667,0.3556387051
136.7000000000,10.6700000000,0.3556900419
136.7733333333,10.6773333333,0.3557413790
136.8466666667,10.6846666667,0.3557927164
136.9200000000,10.6920000000,0.3558440542
136.9933333333,10.6993333333,0.3558953924
137.0666666667,10.7066666667,0.3559467309
137.1400000000,10.7140000000,0.3559980699
137.2133333333,10.7213333333,0.3560494094
137.2866666667,10.7286666667,0.3561007495
137.3600000000,10.7360000000,0.3561520901
137.4333333333,10.7433333333,0.3562034313
137.5066666667,10.7506666667,0.3562547732
137.5800000000,10.7580000000,0.3563061158
137.6533333333,10.7653333333,0.3563574592
137.7266666667,10.7726666667,0.3564088034
137.8000000000,10.7800000000,0.3564601485
137.8733333333,10.7873333333,0.3565114947
137.9466666667,10.7946666667,0.3565628418
138.0200000000,10.8020000000,0.3566141902
138.0933333333,10.8093333333,0.3566655398
138.1666666667,10.8166666667,0.3567168907
138.2400000000,10.8240000000,0.3567682430
138.3133333333,10.8313333333,0.3568195970
138.3866666667,10.8386666667,0.3568709526
138.4600000000,10.8460000000,0.3569223100
138.5333333333,10.8533333333,0.3569736694
138.6066666667,10.8606666667,0.3570250309
138.6800000000,10.8680000000,0.3570763946
138.7533333333,10.8753333333,0.3571277608
138.8266666667,10.8826666667,0.3571791297
138.9000000000,10.8900000000,0.3572305014
138.9733333333,10.8973333333,0.3572818762
139.0466666667,10.9046666667,0.3573332542
139.1200000000,10.9120000000,0.3573846358
139.1933333333,10.9193333333,0.3574360212
139.2666666667,10.9266666667,0.3574874108
139.3400000000,10.9340000000,0.3575388047
139.4133333333,10.9413333333,0.3575902034
139.4866666667,10.9486666667,0.3576416072
139.5600000000,10.9560000000,0.3576930165
139.6333333333,10.9633333333,0.3577444317
139.7066666667,10.9706666667,0.3577958532
139.7800000000,10.9780000000,0.3578472815
139.8533333333,10.9853333333,0.3578987172
139.9266666667,10.9926666667,0.3579501607
140.0000000000,11.0000000000,0.3580016126
140.0733333333,11.0073333333,0.3580530735
140.1466666667,11.0146666667,0.3581045442
140.2200000000,11.0220000000,0.3581560252
140.2933333333,11.0293333333,0.3582075174
140.3666666667,11.0366666667,0.3582590215
140.4400000000,11.0440000000,0.3583105385
140.5133333333,11.0513333333,0.3583620691
140.5866666667,11.0586666667,0.3584136145
140.6600000000,11.0660000000,0.3584651757
140.7333333333,11.0733333333,0.3585167537
140.8066666667,11.0806666667,0.3585683498
140.8800000000,11.0880000000,0.3586199652
140.9533333333,11.0953333333,0.3586716012
141.0266666667,11.1026666667,0.3587232594
141.1000000000,11.1100000000,0.3587749413
141.1733333333,11.1173333333,0.3588266485
141.2466666667,11.1246666667,0.3588783827
141.3200000000,11.1320000000,0.3589301459
141.3933333333,11.1393333333,0.3589819399
141.4666666667,11.1466666667,0.3590337670
141.5400000000,11.1540000000,0.3590856293
141.6133333333,11.1613333333,0.3591375293
141.6866666667,11.1686666667,0.3591894695
141.7600000000,11.1760000000,0.3592414525
141.8333333333,11.1833333333,0.3592934813
141.9066666667,11.1906666667,0.3593455590
141.9800000000,11.1980000000,0.3593976887
142.0533333333,11.2053333333,0.3594498740
142.1266666667,11.2126666667,0.3595021184
142.2000000000,11.2200000000,0.3595544260
142.2733333333,11.2273333333,0.3596068008
142.3466666667,11.2346666667,0.3596592472
142.4200000000,11.2420000000,0.3597117699
142.4933333333,11.2493333333,0.3597643738
142.5666666667,11.2566666667,0.3598170641
142.6400000000,11.2640000000,0.3598698465
142.7133333333,11.2713333333,0.3599227268
142.7866666667,11.2786666667,0.3599757112
142.8600000000,11.2860000000,0.3600288064
142.9333333333,11.2933333333,0.3600820194
143.0066666667,11.3006666667,0.3601353575
143.0800000000,11.3080000000,0.3601888287
143.1533333333,11.3153333333,0.3602424413
143.2266666667,11.3226666667,0.3602962041
143.3000000000,11.3300000000,0.3603501263
143.3733333333,11.3373333333,0.3604042179
143.4466666667,11.3446666667,0.3604584892
143.5200000000,11.3520000000,0.3605129512
143.5933333333,11.3593333333,0.3605676156
143.6666666667,11.3666666667,0.3606224947
143.7400000000,11.3740000000,0.3606776015
143.8133333333,11.3813333333,0.3607329496
143.8866666667,11.3886666667,0.3607885535
143.9600000000,11.3960000000,0.3608444285
144.0333333333,11.4033333333,0.3609005908
144.1066666667,11.4106666667,0.3609570573
144.1800000000,11.4180000000,0.3610138459
144.2533333333,11.4253333333,0.3610709756
144.3266666667,11.4326666667,0.3611284663
144.4000000000,11.4400000000,0.3611863390
144.4733333333,11.4473333333,0.3612446158
144.5466666667,11.4546666667,0.3613033201
144.6200000000,11.4620000000,0.3613624763
144.6933333333,11.4693333333,0.3614221102
144.7666666667,11.4766666667,0.3614822492
144.8400000000,11.4840000000,0.3615429217
144.9133333333,11.4913333333,0.3616041579
144.9866666667,11.4986666667,0.3616659894
145.0600000000,11.5060000000,0.3617284494
145.1333333333,11.5133333333,0.3617915730
145.2066666667,11.5206666667,0.3618553967
145.2800000000,11.5280000000,0.3619199592
145.3533333333,11.5353333333,0.3619853011
145.4266666667,11.5426666667,0.3620514648
145.5000000000,11.5500000000,0.3621184950
145.5733333333,11.5573333333,0.3621864384
145.6466666667,11.5646666667,0.3622553444
145.7200000000,11.5720000000,0.3623252643
145.7933333333,11.5793333333,0.3623962522
145.8666666667,11.5866666667,0.3624683648
145.9400000000,11.5940000000,0.3625416613
146.0133333333,11.6013333333,0.3626162039
146.0866666667,11.6086666667,0.3626920578
146.1600000000,11.6160000000,0.3627692911
146.2333333333,11.6233333333,0.3628479751
146.3066666667,11.6306666667,0.3629281844
146.3800000000,11.6380000000,0.3630099972
146.4533333333,11.6453333333,0.3630934952
146.5266666667,11.6526666667,0.3631787636
146.6000000000,11.6600000000,0.3632658919
146.6733333333,11.6673333333,0.3633549732
146.7466666667,11.6746666667,0.3634461049
146.8200000000,11.6820000000,0.3635393889
146.8933333333,11.6893333333,0.3636349314
146.9666666667,11.6966666667,0.3637328432
147.0400000000,11.7040000000,0.3638332400
147.1133333333,11.7113333333,0.3639362426
147.1866666667,11.7186666667,0.3640419768
147.2600000000,11.7260000000,0.3641505738
147.3333333333,11.7333333333,0.3642621704
147.4066666667,11.7406666667,0.3643769091
147.4800000000,11.7480000000,0.3644949384
147.5533333333,11.7553333333,0.3646164129
147.6266666667,11.7626666667,0.3647414934
147.7000000000,11.7700000000,0.3648703475
147.7733333333,11.7773333333,0.3650031494
147.8466666667,11.7846666667,0.3651400804
147.9200000000,11.7920000000,0.3652813289
147.9933333333,11.7993333333,0.3654270909
148.0666666667,11.8066666667,0.3655775700
148.1400000000,11.8140000000,0.3657329776
148.2133333333,11.8213333333,0.3658935335
148.2866666667,11.8286666667,0.3660594657
148.3600000000,11.8360000000,0.3662310110
148.4333333333,11.8433333333,0.3664084149
148.5066666667,11.8506666667,0.3665919322
148.5800000000,11.8580000000,0.3667818273
148.6533333333,11.8653333333,0.3669783740
148.7266666667,11.8726666667,0.3671818562
148.8000000000,11.8800000000,0.3673925679
148.8733333333,11.8873333333,0.3676108138
148.9466666667,11.8946666667,0.3678369092
149.0200000000,11.9020000000,0.3680711806
149.0933333333,11.9093333333,0.3683139657
149.1666666667,11.9166666667,0.3685656139
149.2400000000,11.9240000000,0.3688264864
149.3133333333,11.9313333333,0.3690969567
149.3866666667,11.9386666667,0.3693774107
149.4600000000,11.9460000000,0.3696682472
149.5333333333,11.9533333333,0.3699698778
149.6066666667,11.9606666667,0.3702827275
149.6800000000,11.9680000000,0.3706072351
149.7533333333,11.9753333333,0.3709438532
149.8266666667,11.9826666667,0.3712930484
149.9000000000,11.9900000000,0.3716553020
149.9733333333,11.9973333333,0.3720311101
150.0466666667,12.0046666667,0.3724209835
150.1200000000,12.0120000000,0.3728254487
150.1933333333,12.0193333333,0.3732450474
150.2666666667,12.0266666667,0.3736803375
150.3400000000,12.0340000000,0.3741318928
150.4133333333,12.0413333333,0.3746003034
150.4866666667,12.0486666667,0.3750861762
150.5600000000,12.0560000000,0.3755901347
150.6333333333,12.0633333333,0.3761128199
150.7066666667,12.0706666667,0.3766548898
150.7800000000,12.0780000000,0.3772170199
150.8533333333,12.0853333333,0.3777999037
150.9266666667,12.0926666667,0.3784042525
151.0000000000,12.1000000000,0.3790307958
151.0733333333,12.1073333333,0.3796802816
151.1466666667,12.1146666667,0.3803534760
151.2200000000,12.1220000000,0.3810511641
151.2933333333,12.1293333333,0.3817741497
151.3666666667,12.1366666667,0.3825232555
151.4400000000,12.1440000000,0.3832993234
151.5133333333,12.1513333333,0.3841032141
151.5866666667,12.1586666667,0.3849358080
151.6600000000,12.1660000000,0.3857980043
151.7333333333,12.1733333333,0.3866907219
151.8066666667,12.1806666667,0.3876148988
151.8800000000,12.1880000000,0.3885714926
151.9533333333,12.1953333333,0.3895614800
152.0266666667,12.2026666667,0.3905858571
152.1000000000,12.2100000000,0.3916456394
152.1733333333,12.2173333333,0.3927418613
152.2466666667,12.2246666667,0.3938755764
152.3200000000,12.2320000000,0.3950478572
152.3933333333,12.2393333333,0.3962597950
152.4666666667,12.2466666667,0.3975124996
152.5400000000,12.2540000000,0.3988070991
152.6133333333,12.2613333333,0.4001447398
152.6866666667,12.2686666667,0.4015265859
152.7600000000,12.2760000000,0.4029538189
152.8333333333,12.2833333333,0.4044276378
152.9066666667,12.2906666667,0.4059492581
152.9800000000,12.2980000000,0.4075199119
153.0533333333,12.3053333333,0.4091408473
153.1266666667,12.3126666667,0.4108133278
153.2000000000,12.3200000000,0.4125386321
153.2733333333,12.3273333333,0.4143180531
153.3466666667,12.3346666667,0.4161528979
153.4200000000,12.3420000000,0.4180444865
153.4933333333,12.3493333333,0.4199941518
153.5666666667,12.3566666667,0.4220032386
153.6400000000,12.3640000000,0.4240731027
153.7133333333,12.3713333333,0.4262051106
153.7866666667,12.3786666667,0.4284006382
153.8600000000,12.3860000000,0.4306610702
153.9333333333,12.3933333333,0.4329877992
154.0066666667,12.4006666667,0.4353822247
154.0800000000,12.4080000000,0.4378457523
154.1533333333,12.4153333333,0.4403797923
154.2266666667,12.4226666667,0.4429857591
154.3000000000,12.4300000000,0.4456650696
154.3733333333,12.4373333333,0.4484191428
154.4466666667,12.4446666667,0.4512493976
154.5200000000,12.4520000000,0.4541572527
154.5933333333,12.4593333333,0.4571441242
154.6666666667,12.4666666667,0.4602114253
154.7400000000,12.4740000000,0.4633605642
154.8133333333,12.4813333333,0.4665929433
154.8866666667,12.4886666667,0.4699099571
154.9600000000,12.4960000000,0.4733129915
155.0333333333,12.5033333333,0.4768034216
155.1066666667,12.5106666667,0.4803826107
155.1800000000,12.5180000000,0.4840519081
155.2533333333,12.5253333333,0.4878126482
155.3266666667,12.5326666667,0.4916661483
155.4000000000,12.5400000000,0.4956137071
155.4733333333,12.5473333333,0.4996566030
155.5466666667,12.5546666667,0.5037960922
155.6200000000,12.5620000000,0.5080334070
155.6933333333,12.5693333333,0.5123697541
155.7666666667,12.5766666667,0.5168063124
155.8400000000,12.5840000000,0.5213442316
155.9133333333,12.5913333333,0.5259846298
155.9866666667,12.5986666667,0.5307285920
156.0600000000,12.6060000000,0.5355771678
156.1333333333,12.6133333333,0.5405313696
156.2066666667,12.6206666667,0.5455921707
156.2800000000,12.6280000000,0.5507605031
156.3533333333,12.6353333333,0.5560372557
156.4266666667,12.6426666667,0.5614232718
156.5000000000,12.6500000000,0.5669193479
156.5733333333,12.6573333333,0.5725262307
156.6466666667,12.6646666667,0.5782446158
156.7200000000,12.6720000000,0.5840751451
156.7933333333,12.6793333333,0.5900184053
156.8666666667,12.6866666667,0.5960749252
156.9400000000,12.6940000000,0.6022451744
157.0133333333,12.7013333333,0.6085295604
157.0866666667,12.7086666667,0.6149284275
157.1600000000,12.7160000000,0.6214420541
157.2333333333,12.7233333333,0.6280706508
157.3066666667,12.7306666667,0.6348143590
157.3800000000,12.7380000000,0.6416732482
157.4533333333,12.7453333333,0.6486473145
157.5266666667,12.7526666667,0.6557364787
157.6000000000,12.7600000000,0.6629405843
157.6733333333,12.7673333333,0.6702593959
157.7466666667,12.7746666667,0.6776925971
157.8200000000,12.7820000000,0.6852397892
157.8933333333,12.7893333333,0.6929004889
157.9666666667,12.7966666667,0.7006741276
158.0400000000,12.8040000000,0.7085600487
158.1133333333,12.8113333333,0.7165575069
158.1866666667,12.8186666667,0.7246656666
158.2600000000,12.8260000000,0.7328836001
158.3333333333,12.8333333333,0.7412102868
158.4066666667,12.8406666667,0.7496446115
158.4800000000,12.8480000000,0.7581853635
158.5533333333,12.8553333333,0.7668312354
158.6266666667,12.8626666667,0.7755808220
158.7000000000,12.8700000000,0.7844326193
158.7733333333,12.8773333333,0.7933850241
158.8466666667,12.8846666667,0.8024363325
158.9200000000,12.8920000000,0.8115847398
158.9933333333,12.8993333333,0.8208283397
159.0666666667,12.9066666667,0.8301651238
159.1400000000,12.9140000000,0.8395929813
159.2133333333,12.9213333333,0.8491096985
159.2866666667,12.9286666667,0.8587129591
159.3600000000,12.9360000000,0.8684003436
159.4333333333,12.9433333333,0.8781693294
159.5066666667,12.9506666667,0.8880172916
159.5800000000,12.9580000000,0.8979415024
159.6533333333,12.9653333333,0.9079391320
159.7266666667,12.9726666667,0.9180072490
159.8000000000,12.9800000000,0.9281428210
159.8733333333,12.9873333333,0.9383427153
159.9466666667,12.9946666667,0.9486037000
160.0200000000,13.0020000000,0.9589224445
160.0933333333,13.0093333333,0.9692955213
160.1666666667,13.0166666667,0.9797194066
160.2400000000,13.0240000000,0.9901904822
160.3133333333,13.0313333333,1.0007050365
160.3866666667,13.0386666667,1.0112592665
160.4600000000,13.0460000000,1.0218492794
160.5333333333,13.0533333333,1.0324710944
160.6066666667,13.0606666667,1.0431206450
160.6800000000,13.0680000000,1.0537937808
160.7533333333,13.0753333333,1.0644862698
160.8266666667,13.0826666667,1.0751938011
160.9000000000,13.0900000000,1.0859119869
160.9733333333,13.0973333333,1.0966363655
161.0466666667,13.1046666667,1.1073624040
161.1200000000,13.1120000000,1.1180855010
161.1933333333,13.1193333333,1.1288009896
161.2666666667,13.1266666667,1.1395041407
161.3400000000,13.1340000000,1.1501901661
161.4133333333,13.1413333333,1.1608542216
161.4866666667,13.1486666667,1.1714914108
161.5600000000,13.1560000000,1.1820967883
161.6333333333,13.1633333333,1.1926653635
161.7066666667,13.1706666667,1.2031921043
161.7800000000,13.1780000000,1.2136719409
161.8533333333,13.1853333333,1.2240997697
161.9266666667,13.1926666667,1.2344704572
162.0000000000,13.2000000000,1.2447788445
162.0733333333,13.2073333333,1.2550197507
162.1466666667,13.2146666667,1.2651879779
162.2200000000,13.2220000000,1.2752783149
162.2933333333,13.2293333333,1.2852855420
162.3666666667,13.2366666667,1.2952044352
162.4400000000,13.2440000000,1.3050297706
162.5133333333,13.2513333333,1.3147563290
162.5866666667,13.2586666667,1.3243789007
162.6600000000,13.2660000000,1.3338922897
162.7333333333,13.2733333333,1.3432913186
162.8066666667,13.2806666667,1.3525708332
162.8800000000,13.2880000000,1.3617257070
162.9533333333,13.2953333333,1.3707508463
163.0266666667,13.3026666667,1.3796411945
163.1000000000,13.3100000000,1.3883917370
163.1733333333,13.3173333333,1.3969975059
163.2466666667,13.3246666667,1.4054535848
163.3200000000,13.3320000000,1.4137551130
163.3933333333,13.3393333333,1.4218972910
163.4666666667,13.3466666667,1.4298753843
163.5400000000,13.3540000000,1.4376847284
163.6133333333,13.3613333333,1.4453207333
163.6866666667,13.3686666667,1.4527788882
163.7600000000,13.3760000000,1.4600547656
163.8333333333,13.3833333333,1.4671440258
163.9066666667,13.3906666667,1.4740424215
163.9800000000,13.3980000000,1.4807458017
164.0533333333,13.4053333333,1.4872501162
164.1266666667,13.4126666667,1.4935514195
164.2000000000,13.4200000000,1.4996458747
164.2733333333,13.4273333333,1.5055297580
164.3466666667,13.4346666667,1.5111994617
164.4200000000,13.4420000000,1.5166514986
164.4933333333,13.4493333333,1.5218825052
164.5666666667,13.4566666667,1.5268892454
164.6400000000,13.4640000000,1.5316686137
164.7133333333,13.4713333333,1.5362176388
164.7866666667,13.4786666667,1.5405334861
164.8600000000,13.4860000000,1.5446134612
164.9333333333,13.4933333333,1.5484550126
165.0066666667,13.5006666667,1.5520557342
165.0800000000,13.5080000000,1.5554133682
165.1533333333,13.5153333333,1.5585258072
165.2266666667,13.5226666667,1.5613910965
165.3000000000,13.5300000000,1.5640074362
165.3733333333,13.5373333333,1.5663731832
165.4466666667,13.5446666667,1.5684868529
165.5200000000,13.5520000000,1.5703471207
165.5933333333,13.5593333333,1.5719528234
165.6666666667,13.5666666667,1.5733029608
165.7400000000,13.5740000000,1.5743966962
165.8133333333,13.5813333333,1.5752333580
165.8866666667,13.5886666667,1.5758124396
165.9600000000,13.5960000000,1.5761336006
166.0333333333,13.6033333333,1.5761966670
166.1066666667,13.6106666667,1.5760016311
166.1800000000,13.6180000000,1.5755486519
166.2533333333,13.6253333333,1.5748380548
166.3266666667,13.6326666667,1.5738703310
166.4000000000,13.6400000000,1.5726461375
166.4733333333,13.6473333333,1.5711662957
166.5466666667,13.6546666667,1.5694317913
166.6200000000,13.6620000000,1.5674437725
166.6933333333,13.6693333333,1.5652035493
166.7666666667,13.6766666667,1.5627125919
166.8400000000,13.6840000000,1.5599725290
166.9133333333,13.6913333333,1.5569851464
166.9866666667,13.6986666667,1.5537523847
167.0600000000,13.7060000000,1.5502763375
167.1333333333,13.7133333333,1.5465592492
167.2066666667,13.7206666667,1.5426035124
167.2800000000,13.7280000000,1.5384116655
167.3533333333,13.7353333333,1.5339863900
167.4266666667,13.7426666667,1.5293305079
167.5000000000,13.7500000000,1.5244469782
167.5733333333,13.7573333333,1.5193388943
167.6466666667,13.7646666667,1.5140094807
167.7200000000,13.7720000000,1.5084620893
167.7933333333,13.7793333333,1.5027001963
167.8666666667,13.7866666667,1.4967273984
167.9400000000,13.7940000000,1.4905474093
168.0133333333,13.8013333333,1.4841640556
168.0866666667,13.8086666667,1.4775812731
168.1600000000,13.8160000000,1.4708031027
168.2333333333,13.8233333333,1.4638336864
168.3066666667,13.8306666667,1.4566772629
168.3800000000,13.8380000000,1.4493381637
168.4533333333,13.8453333333,1.4418208084
168.5266666667,13.8526666667,1.4341297006
168.6000000000,13.8600000000,1.4262694232
168.6733333333,13.8673333333,1.4182446340
168.7466666667,13.8746666667,1.4100600614
168.8200000000,13.8820000000,1.4017204994
168.8933333333,13.8893333333,1.3932308029
168.9666666667,13.8966666667,1.3845958838
169.0400000000,13.9040000000,1.3758207053
169.1133333333,13.9113333333,1.3669102781
169.1866666667,13.9186666667,1.3578696550
169.2600000000,13.9260000000,1.3487039267
169.3333333333,13.9333333333,1.3394182168
169.4066666667,13.9406666667,1.3300176772
169.4800000000,13.9480000000,1.3205074834
169.5533333333,13.9553333333,1.3108928299
169.6266666667,13.9626666667,1.3011789253
169.7000000000,13.9700000000,1.2913709883
169.7733333333,13.9773333333,1.2814742423
169.8466666667,13.9846666667,1.2714939116
169.9200000000,13.9920000000,1.2614352165
169.9933333333,13.9993333333,1.2513033691
170.0666666667,14.0066666667,1.2411035688
170.1400000000,14.0140000000,1.2308409980
170.2133333333,14.0213333333,1.2205208180
170.2866666667,14.0286666667,1.2101481647
170.3600000000,14.0360000000,1.1997281445
170.4333333333,14.0433333333,1.1892658306
170.5066666667,14.0506666667,1.1787662585
170.5800000000,14.0580000000,1.1682344229
170.6533333333,14.0653333333,1.1576752734
170.7266666667,14.0726666667,1.1470937110
170.8000000000,14.0800000000,1.1364945847
170.8733333333,14.0873333333,1.1258826880
170.9466666667,14.0946666667,1.1152627555
171.0200000000,14.1020000000,1.1046394600
171.0933333333,14.1093333333,1.0940174088
171.1666666667,14.1166666667,1.0834011412
171.2400000000,14.1240000000,1.0727951256
171.3133333333,14.1313333333,1.0622037564
171.3866666667,14.1386666667,1.0516313518
171.4600000000,14.1460000000,1.0410821510
171.5333333333,14.1533333333,1.0305603119
171.6066666667,14.1606666667,1.0200699088
171.6800000000,14.1680000000,1.0096149303
171.7533333333,14.1753333333,0.9991992773
171.8266666667,14.1826666667,0.9888267610
171.9000000000,14.1900000000,0.9785011014
171.9733333333,14.1973333333,0.9682259253
172.0466666667,14.2046666667,0.9580047650
172.1200000000,14.2120000000,0.9478410570
172.1933333333,14.2193333333,0.9377381407
172.2666666667,14.2266666667,0.9276992569
172.3400000000,14.2340000000,0.9177275475
172.4133333333,14.2413333333,0.9078260540
172.4866666667,14.2486666667,0.8979977170
172.5600000000,14.2560000000,0.8882453755
172.6333333333,14.2633333333,0.8785717666
172.7066666667,14.2706666667,0.8689795247
172.7800000000,14.2780000000,0.8594711817
172.8533333333,14.2853333333,0.8500491662
172.9266666667,14.2926666667,0.8407158042
173.0000000000,14.3000000000,0.8314733186
173.0733333333,14.3073333333,0.8223238296
173.1466666667,14.3146666667,0.8132693547
173.2200000000,14.3220000000,0.8043118097
173.2933333333,14.3293333333,0.7954530085
173.3666666667,14.3366666667,0.7866946639
173.4400000000,14.3440000000,0.7780383885
173.5133333333,14.3513333333,0.7694856952
173.5866666667,14.3586666667,0.7610379980
173.6600000000,14.3660000000,0.7526966133
173.7333333333,14.3733333333,0.7444627605
173.8066666667,14.3806666667,0.7363375633
173.8800000000,14.3880000000,0.7283220512
173.9533333333,14.3953333333,0.7204171599
174.0266666667,14.4026666667,0.7126237336
174.1000000000,14.4100000000,0.7049425257
174.1733333333,14.4173333333,0.6973742006
174.2466666667,14.4246666667,0.6899193351
174.3200000000,14.4320000000,0.6825784200
174.3933333333,14.4393333333,0.6753518617
174.4666666667,14.4466666667,0.6682399840
174.5400000000,14.4540000000,0.6612430296
174.6133333333,14.4613333333,0.6543611621
174.6866666667,14.4686666667,0.6475944677
174.7600000000,14.4760000000,0.6409429570
174.8333333333,14.4833333333,0.6344065670
174.9066666667,14.4906666667,0.6279851629
174.9800000000,14.4980000000,0.6216785404
175.0533333333,14.5053333333,0.6154864268
175.1266666667,14.5126666667,0.6094084842
175.2000000000,14.5200000000,0.6034443104
175.2733333333,14.5273333333,0.5975934415
175.3466666667,14.5346666667,0.5918553539
175.4200000000,14.5420000000,0.5862294663
175.4933333333,14.5493333333,0.5807151416
175.5666666667,14.5566666667,0.5753116889
175.6400000000,14.5640000000,0.5700183662
175.7133333333,14.5713333333,0.5648343814
175.7866666667,14.5786666667,0.5597588953
175.8600000000,14.5860000000,0.5547910232
175.9333333333,14.5933333333,0.5499298368
176.0066666667,14.6006666667,0.5451743666
176.0800000000,14.6080000000,0.5405236036
176.1533333333,14.6153333333,0.5359765014
176.2266666667,14.6226666667,0.5315319784
176.3000000000,14.6300000000,0.5271889191
176.3733333333,14.6373333333,0.5229461769
176.4466666667,14.6446666667,0.5188025752
176.5200000000,14.6520000000,0.5147569100
176.5933333333,14.6593333333,0.5108079512
176.6666666667,14.6666666667,0.5069544445
176.7400000000,14.6740000000,0.5031951137
176.8133333333,14.6813333333,0.4995286617
176.8866666667,14.6886666667,0.4959537728
176.9600000000,14.6960000000,0.4924691143
177.0333333333,14.7033333333,0.4890733380
177.1066666667,14.7106666667,0.4857650819
177.1800000000,14.7180000000,0.4825429718
177.2533333333,14.7253333333,0.4794056228
177.3266666667,14.7326666667,0.4763516411
177.4000000000,14.7400000000,0.4733796250
177.4733333333,14.7473333333,0.4704881667
177.5466666667,14.7546666667,0.4676758535
177.6200000000,14.7620000000,0.4649412693
177.6933333333,14.7693333333,0.4622829959
177.7666666667,14.7766666667,0.4596996140
177.8400000000,14.7840000000,0.4571897049
177.9133333333,14.7913333333,0.4547518513
177.9866666667,14.7986666667,0.4523846385
178.0600000000,14.8060000000,0.4500866558
178.1333333333,14.8133333333,0.4478564971
178.2066666667,14.8206666667,0.4456927625
178.2800000000,14.8280000000,0.4435940585
178.3533333333,14.8353333333,0.4415589998
178.4266666667,14.8426666667,0.4395862095
178.5000000000,14.8500000000,0.4376743203
178.5733333333,14.8573333333,0.4358219755
178.6466666667,14.8646666667,0.4340278291
178.7200000000,14.8720000000,0.4322905472
178.7933333333,14.8793333333,0.4306088086
178.8666666667,14.8866666667,0.4289813049
178.9400000000,14.8940000000,0.4274067419
179.0133333333,14.9013333333,0.4258838397
179.0866666667,14.9086666667,0.4244113333
179.1600000000,14.9160000000,0.4229879732
179.2333333333,14.9233333333,0.4216125259
179.3066666667,14.9306666667,0.4202837743
179.3800000000,14.9380000000,0.4190005179
179.4533333333,14.9453333333,0.4177615735
179.5266666667,14.9526666667,0.4165657755
179.6000000000,14.9600000000,0.4154119758
179.6733333333,14.9673333333,0.4142990448
179.7466666667,14.9746666667,0.4132258708
179.8200000000,14.9820000000,0.4121913610
179.8933333333,14.9893333333,0.4111944411
179.9666666667,14.9966666667,0.4102340559
180.0400000000,15.0040000000,0.4093091690
180.1133333333,15.0113333333,0.4084187634
180.1866666667,15.0186666667,0.4075618412
180.2600000000,15.0260000000,0.4067374238
180.3333333333,15.0333333333,0.4059445520
180.4066666667,15.0406666667,0.4051822859
180.4800000000,15.0480000000,0.4044497050
180.5533333333,15.0553333333,0.4037459082
180.6266666667,15.0626666667,0.4030700135
180.7000000000,15.0700000000,0.4024211583
180.7733333333,15.0773333333,0.4017984991
180.8466666667,15.0846666667,0.4012012114
180.9200000000,15.0920000000,0.4006284897
180.9933333333,15.0993333333,0.4000795473
181.0666666667,15.1066666667,0.3995536161
181.1400000000,15.1140000000,0.3990499467
181.2133333333,15.1213333333,0.3985678078
181.2866666667,15.1286666667,0.3981064866
181.3600000000,15.1360000000,0.3976652880
181.4333333333,15.1433333333,0.3972435347
181.5066666667,15.1506666667,0.3968405671
181.5800000000,15.1580000000,0.3964557428
181.6533333333,15.1653333333,0.3960884367
181.7266666667,15.1726666667,0.3957380405
181.8000000000,15.1800000000,0.3954039623
181.8733333333,15.1873333333,0.3950856270
181.9466666667,15.1946666667,0.3947824754
182.0200000000,15.2020000000,0.3944939641
182.0933333333,15.2093333333,0.3942195654
182.1666666667,15.2166666667,0.3939587669
182.2400000000,15.2240000000,0.3937110713
182.3133333333,15.2313333333,0.3934759961
182.3866666667,15.2386666667,0.3932530731
182.4600000000,15.2460000000,0.3930418486
182.5333333333,15.2533333333,0.3928418825
182.6066666667,15.2606666667,0.3926527486
182.6800000000,15.2680000000,0.3924740341
182.7533333333,15.2753333333,0.3923053389
182.8266666667,15.2826666667,0.3921462762
182.9000000000,15.2900000000,0.3919964712
182.9733333333,15.2973333333,0.3918555617
183.0466666667,15.3046666667,0.3917231971
183.1200000000,15.3120000000,0.3915990387
183.1933333333,15.3193333333,0.3914827591
183.2666666667,15.3266666667,0.3913740419
183.3400000000,15.3340000000,0.3912725814
183.4133333333,15.3413333333,0.3911780828
183.4866666667,15.3486666667,0.3910902612
183.5600000000,15.3560000000,0.3910088417
183.6333333333,15.3633333333,0.3909335594
183.7066666667,15.3706666667,0.3908641585
183.7800000000,15.3780000000,0.3908003926
183.8533333333,15.3853333333,0.3907420242
183.9266666667,15.3926666667,0.3906888244
184.0000000000,15.4000000000,0.3906405728
184.0733333333,15.4073333333,0.3905970572
184.1466666667,15.4146666667,0.3905580732
184.2200000000,15.4220000000,0.3905234243
184.2933333333,15.4293333333,0.3904929212
184.3666666667,15.4366666667,0.3904663822
184.4400000000,15.4440000000,0.3904436323
184.5133333333,15.4513333333,0.3904245035
184.5866666667,15.4586666667,0.3904088341
184.6600000000,15.4660000000,0.3903964692
184.7333333333,15.4733333333,0.3903872595
184.8066666667,15.4806666667,0.3903810622
184.8800000000,15.4880000000,0.3903777400
184.9533333333,15.4953333333,0.3903771610
185.0266666667,15.5026666667,0.3903791990
185.1000000000,15.5100000000,0.3903837328
185.1733333333,15.5173333333,0.3903906463
185.2466666667,15.5246666667,0.3903998281
185.3200000000,15.5320000000,0.3904111716
185.3933333333,15.5393333333,0.3904245747
185.4666666667,15.5466666667,0.3904399395
185.5400000000,15.5540000000,0.3904571724
185.6133333333,15.5613333333,0.3904761837
185.6866666667,15.5686666667,0.3904968878
185.7600000000,15.5760000000,0.3905192026
185.8333333333,15.5833333333,0.3905430498
185.9066666667,15.5906666667,0.3905683543
185.9800000000,15.5980000000,0.3905950446
186.0533333333,15.6053333333,0.3906230521
186.1266666667,15.6126666667,0.3906523116
186.2000000000,15.6200000000,0.3906827606
186.2733333333,15.6273333333,0.3907143394
186.3466666667,15.6346666667,0.3907469914
186.4200000000,15.6420000000,0.3907806621
186.4933333333,15.6493333333,0.3908152998
186.5666666667,15.6566666667,0.3908508553
186.6400000000,15.6640000000,0.3908872814
186.7133333333,15.6713333333,0.3909245333
186.7866666667,15.6786666667,0.3909625682
186.8600000000,15.6860000000,0.3910013456
186.9333333333,15.6933333333,0.3910408267
187.0066666667,15.7006666667,0.3910809744
187.0800000000,15.7080000000,0.3911217539
187.1533333333,15.7153333333,0.3911631316
187.2266666667,15.7226666667,0.3912050757
187.3000000000,15.7300000000,0.3912475561
187.3733333333,15.7373333333,0.3912905441
187.4466666667,15.7446666667,0.3913340122
187.5200000000,15.7520000000,0.3913779345
187.5933333333,15.7593333333,0.3914222865
187.6666666667,15.7666666667,0.3914670447
187.7400000000,15.7740000000,0.3915121868
187.8133333333,15.7813333333,0.3915576918
187.8866666667,15.7886666667,0.3916035396
187.9600000000,15.7960000000,0.3916497113
188.0333333333,15.8033333333,0.3916961887
188.1066666667,15.8106666667,0.3917429549
188.1800000000,15.8180000000,0.3917899937
188.2533333333,15.8253333333,0.3918372896
188.3266666667,15.8326666667,0.3918848282
188.4000000000,15.8400000000,0.3919325956
188.4733333333,15.8473333333,0.3919805788
188.5466666667,15.8546666667,0.3920287655
188.6200000000,15.8620000000,0.3920771440
188.6933333333,15.8693333333,0.3921257032
188.7666666667,15.8766666667,0.3921744327
188.8400000000,15.8840000000,0.3922233225
188.9133333333,15.8913333333,0.3922723633
188.9866666667,15.8986666667,0.3923215462
189.0600000000,15.9060000000,0.3923708630
189.1333333333,15.9133333333,0.3924203056
189.2066666667,15.9206666667,0.3924698667
189.2800000000,15.9280000000,0.3925195391
189.3533333333,15.9353333333,0.3925693163
189.4266666667,15.9426666667,0.3926191920
189.5000000000,15.9500000000,0.3926691601
189.5733333333,15.9573333333,0.3927192153
189.6466666667,15.9646666667,0.3927693521
189.7200000000,15.9720000000,0.3928195656
189.7933333333,15.9793333333,0.3928698512
189.8666666667,15.9866666667,0.3929202043
189.9400000000,15.9940000000,0.3929706210
190.0133333333,16.0013333333,0.3930210972
190.0866666667,16.0086666667,0.3930716292
190.1600000000,16.0160000000,0.3931222136
190.2333333333,16.0233333333,0.3931728471
190.3066666667,16.0306666667,0.3932235267
190.3800000000,16.0380000000,0.3932742494
190.4533333333,16.0453333333,0.3933250126
190.5266666667,16.0526666667,0.3933758136
190.6000000000,16.0600000000,0.3934266501
190.6733333333,16.0673333333,0.3934775198
190.7466666667,16.0746666667,0.3935284206
190.8200000000,16.0820000000,0.3935793505
190.8933333333,16.0893333333,0.3936303076
190.9666666667,16.0966666667,0.3936812901
191.0400000000,16.1040000000,0.3937322965
191.1133333333,16.1113333333,0.3937833251
191.1866666667,16.1186666667,0.3938343746
191.2600000000,16.1260000000,0.3938854435
191.3333333333,16.1333333333,0.3939365305
191.4066666667,16.1406666667,0.3939876346
191.4800000000,16.1480000000,0.3940387545
191.5533333333,16.1553333333,0.3940898892
191.6266666667,16.1626666667,0.3941410377
191.7000000000,16.1700000000,0.3941921991
191.7733333333,16.1773333333,0.3942433725
191.8466666667,16.1846666667,0.3942945571
191.9200000000,16.1920000000,0.3943457523
191.9933333333,16.1993333333,0.3943969571
192.0666666667,16.2066666667,0.3944481711
192.1400000000,16.2140000000,0.3944993935
192.2133333333,16.2213333333,0.3945506239
192.2866666667,16.2286666667,0.3946018616
192.3600000000,16.2360000000,0.3946531061
192.4333333333,16.2433333333,0.3947043570
192.5066666667,16.2506666667,0.3947556139
192.5800000000,16.2580000000,0.3948068763
192.6533333333,16.2653333333,0.3948581438
192.7266666667,16.2726666667,0.3949094161
192.8000000000,16.2800000000,0.3949606928
192.8733333333,16.2873333333,0.3950119737
192.9466666667,16.2946666667,0.3950632584
193.0200000000,16.3020000000,0.3951145467
193.0933333333,16.3093333333,0.3951658384
193.1666666667,16.3166666667,0.3952171331
193.2400000000,16.3240000000,0.3952684306
193.3133333333,16.3313333333,0.3953197308
193.3866666667,16.3386666667,0.3953710335
193.4600000000,16.3460000000,0.3954223385
193.5333333333,16.3533333333,0.3954736456
193.6066666667,16.3606666667,0.3955249547
193.6800000000,16.3680000000,0.3955762656
193.7533333333,16.3753333333,0.3956275782
193.8266666667,16.3826666667,0.3956788923
193.9000000000,16.3900000000,0.3957302080
193.9733333333,16.3973333333,0.3957815249
194.0466666667,16.4046666667,0.3958328432
194.1200000000,16.4120000000,0.3958841625
194.1933333333,16.4193333333,0.3959354830
194.2666666667,16.4266666667,0.3959868044
194.3400000000,16.4340000000,0.3960381268
194.4133333333,16.4413333333,0.3960894500
194.4866666667,16.4486666667,0.3961407740
194.5600000000,16.4560000000,0.3961920987
194.6333333333,16.4633333333,0.3962434241
194.7066666667,16.4706666667,0.3962947501
194.7800000000,16.4780000000,0.3963460767
194.8533333333,16.4853333333,0.3963974038
194.9266666667,16.4926666667,0.3964487314
195.0000000000,16.5000000000,0.3965000595
195.0733333333,16.5073333333,0.3965513880
195.1466666667,16.5146666667,0.3966027168
195.2200000000,16.5220000000,0.3966540460
195.2933333333,16.5293333333,0.3967053756
195.3666666667,16.5366666667,0.3967567054
195.4400000000,16.5440000000,0.3968080356
195.5133333333,16.5513333333,0.3968593660
195.5866666667,16.5586666667,0.3969106966
195.6600000000,16.5660000000,0.3969620274
195.7333333333,16.5733333333,0.3970133585
195.8066666667,16.5806666667,0.3970646897
195.8800000000,16.5880000000,0.3971160211
195.9533333333,16.5953333333,0.3971673527
196.0266666667,16.6026666667,0.3972186844
196.1000000000,16.6100000000,0.3972700162
196.1733333333,16.6173333333,0.3973213482
196.2466666667,16.6246666667,0.3973726802
196.3200000000,16.6320000000,0.3974240124
196.3933333333,16.6393333333,0.3974753447
196.4666666667,16.6466666667,0.3975266771
196.5400000000,16.6540000000,0.3975780095
196.6133333333,16.6613333333,0.3976293420
196.6866666667,16.6686666667,0.3976806746
196.7600000000,16.6760000000,0.3977320073
196.8333333333,16.6833333333,0.3977833400
196.9066666667,16.6906666667,0.3978346727
196.9800000000,16.6980000000,0.3978860055
197.0533333333,16.7053333333,0.3979373384
197.1266666667,16.7126666667,0.3979886713
197.2000000000,16.7200000000,0.3980400042
197.2733333333,16.7273333333,0.3980913372
197.3466666667,16.7346666667,0.3981426702
197.4200000000,16.7420000000,0.3981940032
197.4933333333,16.7493333333,0.3982453362
197.5666666667,16.7566666667,0.3982966693
197.6400000000,16.7640000000,0.3983480024
197.7133333333,16.7713333333,0.3983993355
197.7866666667,16.7786666667,0.3984506687
197.8600000000,16.7860000000,0.3985020018
197.9333333333,16.7933333333,0.3985533350
198.0066666667,16.8006666667,0.3986046682
198.0800000000,16.8080000000,0.3986560014
198.1533333333,16.8153333333,0.3987073346
198.2266666667,16.8226666667,0.3987586678
198.3000000000,16.8300000000,0.3988100010
198.3733333333,16.8373333333,0.3988613343
198.4466666667,16.8446666667,0.3989126675
198.5200000000,16.8520000000,0.3989640008
198.5933333333,16.8593333333,0.3990153340
198.6666666667,16.8666666667,0.3990666673
198.7400000000,16.8740000000,0.3991180006
198.8133333333,16.8813333333,0.3991693339
198.8866666667,16.8886666667,0.3992206672
198.9600000000,16.8960000000,0.3992720004
199.0333333333,16.9033333333,0.3993233337
199.1066666667,16.9106666667,0.3993746670
199.1800000000,16.9180000000,0.3994260003
199.2533333333,16.9253333333,0.3994773336
199.3266666667,16.9326666667,0.3995286669
199.4000000000,16.9400000000,0.3995800002
199.4733333333,16.9473333333,0.3996313336
199.5466666667,16.9546666667,0.3996826669
199.6200000000,16.9620000000,0.3997340002
199.6933333333,16.9693333333,0.3997853335
199.7666666667,16.9766666667,0.3998366668
199.8400000000,16.9840000000,0.3998880001
199.9133333333,16.9913333333,0.3999393335
199.9866666667,16.9986666667,0.3999906668
200.0600000000,17.0060000000,0.4000420001
200.1333333333,17.0133333333,0.4000933334
200.2066666667,17.0206666667,0.4001446667
200.2800000000,17.0280000000,0.4001960001
200.3533333333,17.0353333333,0.4002473334
200.4266666667,17.0426666667,0.4002986667
200.5000000000,17.0500000000,0.4003500001
200.5733333333,17.0573333333,0.4004013334
200.6466666667,17.0646666667,0.4004526667
200.7200000000,17.0720000000,0.4005040000
200.7933333333,17.0793333333,0.4005553334
200.8666666667,17.0866666667,0.4006066667
200.9400000000,17.0940000000,0.4006580000
201.0133333333,17.1013333333,0.4007093334
201.0866666667,17.1086666667,0.4007606667
201.1600000000,17.1160000000,0.4008120000
201.2333333333,17.1233333333,0.4008633334
201.3066666667,17.1306666667,0.4009146667
201.3800000000,17.1380000000,0.4009660000
201.4533333333,17.1453333333,0.4010173333
201.5266666667,17.1526666667,0.4010686667
201.6000000000,17.1600000000,0.4011200000
201.6733333333,17.1673333333,0.4011713333
201.7466666667,17.1746666667,0.4012226667
201.8200000000,17.1820000000,0.4012740000
201.8933333333,17.1893333333,0.4013253333
201.9666666667,17.1966666667,0.4013766667
202.0400000000,17.2040000000,0.4014280000
202.1133333333,17.2113333333,0.4014793333
202.1866666667,17.2186666667,0.4015306667
202.2600000000,17.2260000000,0.4015820000
202.3333333333,17.2333333333,0.4016333333
202.4066666667,17.2406666667,0.4016846667
202.4800000000,17.2480000000,0.4017360000
202.5533333333,17.2553333333,0.4017873333
202.6266666667,17.2626666667,0.4018386667
202.7000000000,17.2700000000,0.4018900000
202.7733333333,17.2773333333,0.4019413333
202.8466666667,17.2846666667,0.4019926667
202.9200000000,17.2920000000,0.4020440000
202.9933333333,17.2993333333,0.4020953333
203.0666666667,17.3066666667,0.4021466667
203.1400000000,17.3140000000,0.4021980000
203.2133333333,17.3213333333,0.4022493333
203.2866666667,17.3286666667,0.4023006667
203.3600000000,17.3360000000,0.4023520000
203.4333333333,17.3433333333,0.4024033333
203.5066666667,17.3506666667,0.4024546667
203.5800000000,17.3580000000,0.4025060000
203.6533333333,17.3653333333,0.4025573333
203.7266666667,17.3726666667,0.4026086667
203.8000000000,17.3800000000,0.4026600000
203.8733333333,17.3873333333,0.4027113333
203.9466666667,17.3946666667,0.4027626667
204.0200000000,17.4020000000,0.4028140000
204.0933333333,17.4093333333,0.4028653333
204.1666666667,17.4166666667,0.4029166667
204.2400000000,17.4240000000,0.4029680000
204.3133333333,17.4313333333,0.4030193333
204.3866666667,17.4386666667,0.4030706667
204.4600000000,17.4460000000,0.4031220000
204.5333333333,17.4533333333,0.4031733333
204.6066666667,17.4606666667,0.4032246667
204.6800000000,17.4680000000,0.4032760000
204.7533333333,17.4753333333,0.4033273333
204.8266666667,17.4826666667,0.4033786667
204.9000000000,17.4900000000,0.4034300000
204.9733333333,17.4973333333,0.4034813333
205.0466666667,17.5046666667,0.4035326667
205.1200000000,17.5120000000,0.4035840000
205.1933333333,17.5193333333,0.4036353333
205.2666666667,17.5266666667,0.4036866667
205.3400000000,17.5340000000,0.4037380000
205.4133333333,17.5413333333,0.4037893333
205.4866666667,17.5486666667,0.4038406667
205.5600000000,17.5560000000,0.4038920000
205.6333333333,17.5633333333,0.4039433333
205.7066666667,17.5706666667,0.4039946667
205.7800000000,17.5780000000,0.4040460000
205.8533333333,17.5853333333,0.4040973333
205.9266666667,17.5926666667,0.4041486667
206.0000000000,17.6000000000,0.4042000000
206.0733333333,17.6073333333,0.4042513333
206.1466666667,17.6146666667,0.4043026667
206.2200000000,17.6220000000,0.4043540000
206.2933333333,17.6293333333,0.4044053333
206.3666666667,17.6366666667,0.4044566667
206.4400000000,17.6440000000,0.4045080000
206.5133333333,17.6513333333,0.4045593333
206.5866666667,17.6586666667,0.4046106667
206.6600000000,17.6660000000,0.4046620000
206.7333333333,17.6733333333,0.4047133333
206.8066666667,17.6806666667,0.4047646667
206.8800000000,17.6880000000,0.4048160000
206.9533333333,17.6953333333,0.4048673333
207.0266666667,17.7026666667,0.4049186667
207.1000000000,17.7100000000,0.4049700000
207.1733333333,17.7173333333,0.4050213333
207.2466666667,17.7246666667,0.4050726667
207.3200000000,17.7320000000,0.4051240000
207.3933333333,17.7393333333,0.4051753333
207.4666666667,17.7466666667,0.4052266667
207.5400000000,17.7540000000,0.4052780000
207.6133333333,17.7613333333,0.4053293333
207.6866666667,17.7686666667,0.4053806667
207.7600000000,17.7760000000,0.4054320000
207.8333333333,17.7833333333,0.4054833333
207.9066666667,17.7906666667,0.4055346667
207.9800000000,17.7980000000,0.4055860000
208.0533333333,17.8053333333,0.4056373333
208.1266666667,17.8126666667,0.4056886667
208.2000000000,17.8200000000,0.4057400000
208.2733333333,17.8273333333,0.4057913333
208.3466666667,17.8346666667,0.4058426667
208.4200000000,17.8420000000,0.4058940000
208.4933333333,17.8493333333,0.4059453333
208.5666666667,17.8566666667,0.4059966667
208.6400000000,17.8640000000,0.4060480000
208.7133333333,17.8713333333,0.4060993333
208.7866666667,17.8786666667,0.4061506667
208.8600000000,17.8860000000,0.4062020000
208.9333333333,17.8933333333,0.4062533333
209.0066666667,17.9006666667,0.4063046667
209.0800000000,17.9080000000,0.4063560000
209.1533333333,17.9153333333,0.4064073333
209.2266666667,17.9226666667,0.4064586667
209.3000000000,17.9300000000,0.4065100000
209.3733333333,17.9373333333,0.4065613333
209.4466666667,17.9446666667,0.4066126667
209.5200000000,17.9520000000,0.4066640000
209.5933333333,17.9593333333,0.4067153333
209.6666666667,17.9666666667,0.4067666667
209.7400000000,17.9740000000,0.4068180000
209.8133333333,17.9813333333,0.4068693333
209.8866666667,17.9886666667,0.4069206667
209.9600000000,17.9960000000,0.4069720000
210.0333333333,18.0033333333,0.4070233333
210.1066666667,18.0106666667,0.4070746667
210.1800000000,18.0180000000,0.4071260000
210.2533333333,18.0253333333,0.4071773333
210.3266666667,18.0326666667,0.4072286667
210.4000000000,18.0400000000,0.4072800000
210.4733333333,18.0473333333,0.4073313333
210.5466666667,18.0546666667,0.4073826667
210.6200000000,18.0620000000,0.4074340000
210.6933333333,18.0693333333,0.4074853333
210.7666666667,18.0766666667,0.4075366667
210.8400000000,18.0840000000,0.4075880000
210.9133333333,18.0913333333,0.4076393333
210.9866666667,18.0986666667,0.4076906667
211.0600000000,18.1060000000,0.4077420000
211.1333333333,18.1133333333,0.4077933333
211.2066666667,18.1206666667,0.4078446667
211.2800000000,18.1280000000,0.4078960000
211.3533333333,18.1353333333,0.4079473333
211.4266666667,18.1426666667,0.4079986667
211.5000000000,18.1500000000,0.4080500000
211.5733333333,18.1573333333,0.4081013333
211.6466666667,18.1646666667,0.4081526667
211.7200000000,18.1720000000,0.4082040000
211.7933333333,18.1793333333,0.4082553333
211.8666666667,18.1866666667,0.4083066667
211.9400000000,18.1940000000,0.4083580000
212.0133333333,18.2013333333,0.4084093333
212.0866666667,18.2086666667,0.4084606667
212.1600000000,18.2160000000,0.4085120000
212.2333333333,18.2233333333,0.4085633333
212.3066666667,18.2306666667,0.4086146667
212.3800000000,18.2380000000,0.4086660000
212.4533333333,18.2453333333,0.4087173333
212.5266666667,18.2526666667,0.4087686667
212.6000000000,18.2600000000,0.4088200000
212.6733333333,18.2673333333,0.4088713333
212.7466666667,18.2746666667,0.4089226667
212.8200000000,18.2820000000,0.4089740000
212.8933333333,18.2893333333,0.4090253333
212.9666666667,18.2966666667,0.4090766667
213.0400000000,18.3040000000,0.4091280000
213.1133333333,18.3113333333,0.4091793333
213.1866666667,18.3186666667,0.4092306667
213.2600000000,18.3260000000,0.4092820000
213.3333333333,18.3333333333,0.4093333333
213.4066666667,18.3406666667,0.4093846667
213.4800000000,18.3480000000,0.4094360000
213.5533333333,18.3553333333,0.4094873333
213.6266666667,18.3626666667,0.4095386667
213.7000000000,18.3700000000,0.4095900000
213.7733333333,18.3773333333,0.4096413333
213.8466666667,18.3846666667,0.4096926667
213.9200000000,18.3920000000,0.4097440000
213.9933333333,18.3993333333,0.4097953333
214.0666666667,18.4066666667,0.4098466667
214.1400000000,18.4140000000,0.4098980000
214.2133333333,18.4213333333,0.4099493333
214.2866666667,18.4286666667,0.4100006667
214.3600000000,18.4360000000,0.4100520000
214.4333333333,18.4433333333,0.4101033333
214.5066666667,18.4506666667,0.4101546667
214.5800000000,18.4580000000,0.4102060000
214.6533333333,18.4653333333,0.4102573333
214.7266666667,18.4726666667,0.4103086667
214.8000000000,18.4800000000,0.4103600000
214.8733333333,18.4873333333,0.4104113333
214.9466666667,18.4946666667,0.4104626667
215.0200000000,18.5020000000,0.4105140000
215.0933333333,18.5093333333,0.4105653333
215.1666666667,18.5166666667,0.4106166667
215.2400000000,18.5240000000,0.4106680000
215.3133333333,18.5313333333,0.4107193333
215.3866666667,18.5386666667,0.4107706667
215.4600000000,18.5460000000,0.4108220000
215.5333333333,18.5533333333,0.4108733333
215.6066666667,18.5606666667,0.4109246667
215.6800000000,18.5680000000,0.4109760000
215.7533333333,18.5753333333,0.4110273333
215.8266666667,18.5826666667,0.4110786667
215.9000000000,18.5900000000,0.4111300000
215.9733333333,18.5973333333,0.4111813333
216.0466666667,18.6046666667,0.4112326667
216.1200000000,18.6120000000,0.4112840000
216.1933333333,18.6193333333,0.4113353333
216.2666666667,18.6266666667,0.4113866667
216.3400000000,18.6340000000,0.4114380000
216.4133333333,18.6413333333,0.4114893333
216.4866666667,18.6486666667,0.4115406667
216.5600000000,18.6560000000,0.4115920000
216.6333333333,18.6633333333,0.4116433333
216.7066666667,18.6706666667,0.4116946667
216.7800000000,18.6780000000,0.4117460000
216.8533333333,18.6853333333,0.4117973333
216.9266666667,18.6926666667,0.4118486667
217.0000000000,18.7000000000,0.4119000000
217.0733333333,18.7073333333,0.4119513333
217.1466666667,18.7146666667,0.4120026667
217.2200000000,18.7220000000,0.4120540000
217.2933333333,18.7293333333,0.4121053333
217.3666666667,18.7366666667,0.4121566667
217.4400000000,18.7440000000,0.4122080000
217.5133333333,18.7513333333,0.4122593333
217.5866666667,18.7586666667,0.4123106667
217.6600000000,18.7660000000,0.4123620000
217.7333333333,18.7733333333,0.4124133333
217.8066666667,18.7806666667,0.4124646667
217.8800000000,18.7880000000,0.4125160000
217.9533333333,18.7953333333,0.4125673333
218.0266666667,18.8026666667,0.4126186667
218.1000000000,18.8100000000,0.4126700000
218.1733333333,18.8173333333,0.4127213333
218.2466666667,18.8246666667,0.4127726667
218.3200000000,18.8320000000,0.4128240000
218.3933333333,18.8393333333,0.4128753333
218.4666666667,18.8466666667,0.4129266667
218.5400000000,18.8540000000,0.4129780000
218.6133333333,18.8613333333,0.4130293333
218.6866666667,18.8686666667,0.4130806667
218.7600000000,18.8760000000,0.4131320000
218.8333333333,18.8833333333,0.4131833333
218.9066666667,18.8906666667,0.4132346667
218.9800000000,18.8980000000,0.4132860000
219.0533333333,18.9053333333,0.4133373333
219.1266666667,18.9126666667,0.4133886667
219.2000000000,18.9200000000,0.4134400000
219.2733333333,18.9273333333,0.4134913333
219.3466666667,18.9346666667,0.4135426667
219.4200000000,18.9420000000,0.4135940000
219.4933333333,18.9493333333,0.4136453333
219.5666666667,18.9566666667,0.4136966667
219.6400000000,18.9640000000,0.4137480000
219.7133333333,18.9713333333,0.4137993333
219.7866666667,18.9786666667,0.4138506667
219.8600000000,18.9860000000,0.4139020000
219.9333333333,18.9933333333,0.4139533333
220.0066666667,19.0006666667,0.4140046667
220.0800000000,19.0080000000,0.4140560000
220.1533333333,19.0153333333,0.4141073333
220.2266666667,19.0226666667,0.4141586667
220.3000000000,19.0300000000,0.4142100000
220.3733333333,19.0373333333,0.4142613333
220.4466666667,19.0446666667,0.4143126667
220.5200000000,19.0520000000,0.4143640000
220.5933333333,19.0593333333,0.4144153333
220.6666666667,19.0666666667,0.4144666667
220.7400000000,19.0740000000,0.4145180000
220.8133333333,19.0813333333,0.4145693333
220.8866666667,19.0886666667,0.4146206667
220.9600000000,19.0960000000,0.4146720000
221.0333333333,19.1033333333,0.4147233333
221.1066666667,19.1106666667,0.4147746667
221.1800000000,19.1180000000,0.4148260000
221.2533333333,19.1253333333,0.4148773333
221.3266666667,19.1326666667,0.4149286667
221.4000000000,19.1400000000,0.4149800000
221.4733333333,19.1473333333,0.4150313333
221.5466666667,19.1546666667,0.4150826667
221.6200000000,19.1620000000,0.4151340000
221.6933333333,19.1693333333,0.4151853333
221.7666666667,19.1766666667,0.4152366667
221.8400000000,19.1840000000,0.4152880000
221.9133333333,19.1913333333,0.4153393333
221.9866666667,19.1986666667,0.4153906667
222.0600000000,19.2060000000,0.4154420000
222.1333333333,19.2133333333,0.4154933333
222.2066666667,19.2206666667,0.4155446667
222.2800000000,19.2280000000,0.4155960000
222.3533333333,19.2353333333,0.4156473333
222.4266666667,19.2426666667,0.4156986667
222.5000000000,19.2500000000,0.4157500000
222.5733333333,19.2573333333,0.4158013333
222.6466666667,19.2646666667,0.4158526667
222.7200000000,19.2720000000,0.4159040000
222.7933333333,19.2793333333,0.4159553333
222.8666666667,19.2866666667,0.4160066667
222.9400000000,19.2940000000,0.4160580000
223.0133333333,19.3013333333,0.4161093333
223.0866666667,19.3086666667,0.4161606667
223.1600000000,19.3160000000,0.4162120000
223.2333333333,19.3233333333,0.4162633333
223.3066666667,19.3306666667,0.4163146667
223.3800000000,19.3380000000,0.4163660000
223.4533333333,19.3453333333,0.4164173333
223.5266666667,19.3526666667,0.4164686667
223.6000000000,19.3600000000,0.4165200000
223.6733333333,19.3673333333,0.4165713333
223.7466666667,19.3746666667,0.4166226667
223.8200000000,19.3820000000,0.4166740000
223.8933333333,19.3893333333,0.4167253333
223.9666666667,19.3966666667,0.4167766667
224.0400000000,19.4040000000,0.4168280000
224.1133333333,19.4113333333,0.4168793333
224.1866666667,19.4186666667,0.4169306667
224.2600000000,19.4260000000,0.4169820000
224.3333333333,19.4333333333,0.4170333333
224.4066666667,19.4406666667,0.4170846667
224.4800000000,19.4480000000,0.4171360000
224.5533333333,19.4553333333,0.4171873333
224.6266666667,19.4626666667,0.4172386667
224.7000000000,19.4700000000,0.4172900000
224.7733333333,19.4773333333,0.4173413333
224.8466666667,19.4846666667,0.4173926667
224.9200000000,19.4920000000,0.4174440000
224.9933333333,19.4993333333,0.4174953333
225.0666666667,19.5066666667,0.4175466667
225.1400000000,19.5140000000,0.4175980000
225.2133333333,19.5213333333,0.4176493333
225.2866666667,19.5286666667,0.4177006667
225.3600000000,19.5360000000,0.4177520000
225.4333333333,19.5433333333,0.4178033333
225.5066666667,19.5506666667,0.4178546667
225.5800000000,19.5580000000,0.4179060000
225.6533333333,19.5653333333,0.4179573333
225.7266666667,19.5726666667,0.4180086667
225.8000000000,19.5800000000,0.4180600000
225.8733333333,19.5873333333,0.4181113333
225.9466666667,19.5946666667,0.4181626667
226.0200000000,19.6020000000,0.4182140000
226.0933333333,19.6093333333,0.4182653333
226.1666666667,19.6166666667,0.4183166667
226.2400000000,19.6240000000,0.4183680000
226.3133333333,19.6313333333,0.4184193333
226.3866666667,19.6386666667,0.4184706667
226.4600000000,19.6460000000,0.4185220000
226.5333333333,19.6533333333,0.4185733333
226.6066666667,19.6606666667,0.4186246667
226.6800000000,19.6680000000,0.4186760000
226.7533333333,19.6753333333,0.4187273333
226.8266666667,19.6826666667,0.4187786667
226.9000000000,19.6900000000,0.4188300000
226.9733333333,19.6973333333,0.4188813333
227.0466666667,19.7046666667,0.4189326667
227.1200000000,19.7120000000,0.4189840000
227.1933333333,19.7193333333,0.4190353333
227.2666666667,19.7266666667,0.4190866667
227.3400000000,19.7340000000,0.4191380000
227.4133333333,19.7413333333,0.4191893333
227.4866666667,19.7486666667,0.4192406667
227.5600000000,19.7560000000,0.4192920000
227.6333333333,19.7633333333,0.4193433333
227.7066666667,19.7706666667,0.4193946667
227.7800000000,19.7780000000,0.4194460000
227.8533333333,19.7853333333,0.4194973333
227.9266666667,19.7926666667,0.4195486667
228.0000000000,19.8000000000,0.4196000000
228.0733333333,19.8073333333,0.4196513333
228.1466666667,19.8146666667,0.4197026667
228.2200000000,19.8220000000,0.4197540000
228.2933333333,19.8293333333,0.4198053333
228.3666666667,19.8366666667,0.4198566667
228.4400000000,19.8440000000,0.4199080000
228.5133333333,19.8513333333,0.4199593333
228.5866666667,19.8586666667,0.4200106667
228.6600000000,19.8660000000,0.4200620000
228.7333333333,19.8733333333,0.4201133333
228.8066666667,19.8806666667,0.4201646667
228.8800000000,19.8880000000,0.4202160000
228.9533333333,19.8953333333,0.4202673333
229.0266666667,19.9026666667,0.4203186667
229.1000000000,19.9100000000,0.4203700000
229.1733333333,19.9173333333,0.4204213333
229.2466666667,19.9246666667,0.4204726667
229.3200000000,19.9320000000,0.4205240000
229.3933333333,19.9393333333,0.4205753333
229.4666666667,19.9466666667,0.4206266667
229.5400000000,19.9540000000,0.4206780000
229.6133333333,19.9613333333,0.4207293333
229.6866666667,19.9686666667,0.4207806667
229.7600000000,19.9760000000,0.4208320000
229.8333333333,19.9833333333,0.4208833333
229.9066666667,19.9906666667,0.4209346667
229.9800000000,19.9980000000,0.4209860000
230.0533333333,20.0053333333,0.4210373333
230.1266666667,20.0126666667,0.4210886667
230.2000000000,20.0200000000,0.4211400000
230.2733333333,20.0273333333,0.4211913333
230.3466666667,20.0346666667,0.4212426667
230.4200000000,20.0420000000,0.4212940000
230.4933333333,20.0493333333,0.4213453333
230.5666666667,20.0566666667,0.4213966667
230.6400000000,20.0640000000,0.4214480000
230.7133333333,20.0713333333,0.4214993333
230.7866666667,20.0786666667,0.4215506667
230.8600000000,20.0860000000,0.4216020000
230.9333333333,20.0933333333,0.4216533333
231.0066666667,20.1006666667,0.4217046667
231.0800000000,20.1080000000,0.4217560000
231.1533333333,20.1153333333,0.4218073333
231.2266666667,20.1226666667,0.4218586667
231.3000000000,20.1300000000,0.4219100000
231.3733333333,20.1373333333,0.4219613333
231.4466666667,20.1446666667,0.4220126667
231.5200000000,20.1520000000,0.4220640000
231.5933333333,20.1593333333,0.4221153333
231.6666666667,20.1666666667,0.4221666667
231.7400000000,20.1740000000,0.4222180000
231.8133333333,20.1813333333,0.4222693333
231.8866666667,20.1886666667,0.4223206667
231.9600000000,20.1960000000,0.4223720000
232.0333333333,20.2033333333,0.4224233333
232.1066666667,20.2106666667,0.4224746667
232.1800000000,20.2180000000,0.4225260000
232.2533333333,20.2253333333,0.4225773333
232.3266666667,20.2326666667,0.4226286667
232.4000000000,20.2400000000,0.4226800000
232.4733333333,20.2473333333,0.4227313333
232.5466666667,20.2546666667,0.4227826667
232.6200000000,20.2620000000,0.4228340000
232.6933333333,20.2693333333,0.4228853333
232.7666666667,20.2766666667,0.4229366667
232.8400000000,20.2840000000,0.4229880000
232.9133333333,20.2913333333,0.4230393333
232.9866666667,20.2986666667,0.4230906667
233.0600000000,20.3060000000,0.4231420000
233.1333333333,20.3133333333,0.4231933333
233.2066666667,20.3206666667,0.4232446667
233.2800000000,20.3280000000,0.4232960000
233.3533333333,20.3353333333,0.4233473333
233.4266666667,20.3426666667,0.4233986667
233.5000000000,20.3500000000,0.4234500000
233.5733333333,20.3573333333,0.4235013333
233.6466666667,20.3646666667,0.4235526667
233.7200000000,20.3720000000,0.4236040000
233.7933333333,20.3793333333,0.4236553333
233.8666666667,20.3866666667,0.4237066667
233.9400000000,20.3940000000,0.4237580000
234.0133333333,20.4013333333,0.4238093333
234.0866666667,20.4086666667,0.4238606667
234.1600000000,20.4160000000,0.4239120000
234.2333333333,20.4233333333,0.4239633333
234.3066666667,20.4306666667,0.4240146667
234.3800000000,20.4380000000,0.4240660000
234.4533333333,20.4453333333,0.4241173333
234.5266666667,20.4526666667,0.4241686667
234.6000000000,20.4600000000,0.4242200000
234.6733333333,20.4673333333,0.4242713333
234.7466666667,20.4746666667,0.4243226667
234.8200000000,20.4820000000,0.4243740000
234.8933333333,20.4893333333,0.4244253333
234.9666666667,20.4966666667,0.4244766667
235.0400000000,20.5040000000,0.4245280000
235.1133333333,20.5113333333,0.4245793333
235.1866666667,20.5186666667,0.4246306667
235.2600000000,20.5260000000,0.4246820000
235.3333333333,20.5333333333,0.4247333333
235.4066666667,20.5406666667,0.4247846667
235.4800000000,20.5480000000,0.4248360000
235.5533333333,20.5553333333,0.4248873333
235.6266666667,20.5626666667,0.4249386667
235.7000000000,20.5700000000,0.4249900000
235.7733333333,20.5773333333,0.4250413333
235.8466666667,20.5846666667,0.4250926667
235.9200000000,20.5920000000,0.4251440000
235.9933333333,20.5993333333,0.4251953333
236.0666666667,20.6066666667,0.4252466667
236.1400000000,20.6140000000,0.4252980000
236.2133333333,20.6213333333,0.4253493333
236.2866666667,20.6286666667,0.4254006667
236.3600000000,20.6360000000,0.4254520000
236.4333333333,20.6433333333,0.4255033333
236.5066666667,20.6506666667,0.4255546667
236.5800000000,20.6580000000,0.4256060000
236.6533333333,20.6653333333,0.4256573333
236.7266666667,20.6726666667,0.4257086667
236.8000000000,20.6800000000,0.4257600000
236.8733333333,20.6873333333,0.4258113333
236.9466666667,20.6946666667,0.4258626667
237.0200000000,20.7020000000,0.4259140000
237.0933333333,20.7093333333,0.4259653333
237.1666666667,20.7166666667,0.4260166667
237.2400000000,20.7240000000,0.4260680000
237.3133333333,20.7313333333,0.4261193333
237.3866666667,20.7386666667,0.4261706667
237.4600000000,20.7460000000,0.4262220000
237.5333333333,20.7533333333,0.4262733333
237.6066666667,20.7606666667,0.4263246667
237.6800000000,20.7680000000,0.4263760000
237.7533333333,20.7753333333,0.4264273333
237.8266666667,20.7826666667,0.4264786667
237.9000000000,20.7900000000,0.4265300000
237.9733333333,20.7973333333,0.4265813333
238.0466666667,20.8046666667,0.4266326667
238.1200000000,20.8120000000,0.4266840000
238.1933333333,20.8193333333,0.4267353333
238.2666666667,20.8266666667,0.4267866667
238.3400000000,20.8340000000,0.4268380000
238.4133333333,20.8413333333,0.4268893333
238.4866666667,20.8486666667,0.4269406667
238.5600000000,20.8560000000,0.4269920000
238.6333333333,20.8633333333,0.4270433333
238.7066666667,20.8706666667,0.4270946667
238.7800000000,20.8780000000,0.4271460000
238.8533333333,20.8853333333,0.4271973333
238.9266666667,20.8926666667,0.4272486667
239.0000000000,20.9000000000,0.4273000000
239.0733333333,20.9073333333,0.4273513333
239.1466666667,20.9146666667,0.4274026667
239.2200000000,20.9220000000,0.4274540000
239.2933333333,20.9293333333,0.4275053333
239.3666666667,20.9366666667,0.4275566667
239.4400000000,20.9440000000,0.4276080000
239.5133333333,20.9513333333,0.4276593333
239.5866666667,20.9586666667,0.4277106667
239.6600000000,20.9660000000,0.4277620000
239.7333333333,20.9733333333,0.4278133333
239.8066666667,20.9806666667,0.4278646667
239.8800000000,20.9880000000,0.4279160000
239.9533333333,20.9953333333,0.4279673333
240.0266666667,21.0026666667,0.4280186667
240.1000000000,21.0100000000,0.4280700000
240.1733333333,21.0173333333,0.4281213333
240.2466666667,21.0246666667,0.4281726667
240.3200000000,21.0320000000,0.4282240000
240.3933333333,21.0393333333,0.4282753333
240.4666666667,21.0466666667,0.4283266667
240.5400000000,21.0540000000,0.4283780000
240.6133333333,21.0613333333,0.4284293333
240.6866666667,21.0686666667,0.4284806667
240.7600000000,21.0760000000,0.4285320000
240.8333333333,21.0833333333,0.4285833333
240.9066666667,21.0906666667,0.4286346667
240.9800000000,21.0980000000,0.4286860000
241.0533333333,21.1053333333,0.4287373333
241.1266666667,21.1126666667,0.4287886667
241.2000000000,21.1200000000,0.4288400000
241.2733333333,21.1273333333,0.4288913333
241.3466666667,21.1346666667,0.4289426667
241.4200000000,21.1420000000,0.4289940000
241.4933333333,21.1493333333,0.4290453333
241.5666666667,21.1566666667,0.4290966667
241.6400000000,21.1640000000,0.4291480000
241.7133333333,21.1713333333,0.4291993333
241.7866666667,21.1786666667,0.4292506667
241.8600000000,21.1860000000,0.4293020000
241.9333333333,21.1933333333,0.4293533333
242.0066666667,21.2006666667,0.4294046667
242.0800000000,21.2080000000,0.4294560000
242.1533333333,21.2153333333,0.4295073333
242.2266666667,21.2226666667,0.4295586667
242.3000000000,21.2300000000,0.4296100000
242.3733333333,21.2373333333,0.4296613333
242.4466666667,21.2446666667,0.4297126667
242.5200000000,21.2520000000,0.4297640000
242.5933333333,21.2593333333,0.4298153333
242.6666666667,21.2666666667,0.4298666667
242.7400000000,21.2740000000,0.4299180000
242.8133333333,21.2813333333,0.4299693333
242.8866666667,21.2886666667,0.4300206667
242.9600000000,21.2960000000,0.4300720000
243.0333333333,21.3033333333,0.4301233333
243.1066666667,21.3106666667,0.4301746667
243.1800000000,21.3180000000,0.4302260000
243.2533333333,21.3253333333,0.4302773333
243.3266666667,21.3326666667,0.4303286667
243.4000000000,21.3400000000,0.4303800000
243.4733333333,21.3473333333,0.4304313333
243.5466666667,21.3546666667,0.4304826667
243.6200000000,21.3620000000,0.4305340000
243.6933333333,21.3693333333,0.4305853333
243.7666666667,21.3766666667,0.4306366667
243.8400000000,21.3840000000,0.4306880000
243.9133333333,21.3913333333,0.4307393333
243.9866666667,21.3986666667,0.4307906667
244.0600000000,21.4060000000,0.4308420000
244.1333333333,21.4133333333,0.4308933333
244.2066666667,21.4206666667,0.4309446667
244.2800000000,21.4280000000,0.4309960000
244.3533333333,21.4353333333,0.4310473333
244.4266666667,21.4426666667,0.4310986667
244.5000000000,21.4500000000,0.4311500000
244.5733333333,21.4573333333,0.4312013333
244.6466666667,21.4646666667,0.4312526667
244.7200000000,21.4720000000,0.4313040000
244.7933333333,21.4793333333,0.4313553333
244.8666666667,21.4866666667,0.4314066667
244.9400000000,21.4940000000,0.4314580000
245.0133333333,21.5013333333,0.4315093333
245.0866666667,21.5086666667,0.4315606667
245.1600000000,21.5160000000,0.4316120000
245.2333333333,21.5233333333,0.4316633333
245.3066666667,21.5306666667,0.4317146667
245.3800000000,21.5380000000,0.4317660000
245.4533333333,21.5453333333,0.4318173333
245.5266666667,21.5526666667,0.4318686667
245.6000000000,21.5600000000,0.4319200000
245.6733333333,21.5673333333,0.4319713333
245.7466666667,21.5746666667,0.4320226667
245.8200000000,21.5820000000,0.4320740000
245.8933333333,21.5893333333,0.4321253333
245.9666666667,21.5966666667,0.4321766667
246.0400000000,21.6040000000,0.4322280000
246.1133333333,21.6113333333,0.4322793333
246.1866666667,21.6186666667,0.4323306667
246.2600000000,21.6260000000,0.4323820000
246.3333333333,21.6333333333,0.4324333333
246.4066666667,21.6406666667,0.4324846667
246.4800000000,21.6480000000,0.4325360000
246.5533333333,21.6553333333,0.4325873333
246.6266666667,21.6626666667,0.4326386667
246.7000000000,21.6700000000,0.4326900000
246.7733333333,21.6773333333,0.4327413333
246.8466666667,21.6846666667,0.4327926667
246.9200000000,21.6920000000,0.4328440000
246.9933333333,21.6993333333,0.4328953333
247.0666666667,21.7066666667,0.4329466667
247.1400000000,21.7140000000,0.4329980000
247.2133333333,21.7213333333,0.4330493333
247.2866666667,21.7286666667,0.4331006667
247.3600000000,21.7360000000,0.4331520000
247.4333333333,21.7433333333,0.4332033333
247.5066666667,21.7506666667,0.4332546667
247.5800000000,21.7580000000,0.4333060000
247.6533333333,21.7653333333,0.4333573333
247.7266666667,21.7726666667,0.4334086667
247.8000000000,21.7800000000,0.4334600000
247.8733333333,21.7873333333,0.4335113333
247.9466666667,21.7946666667,0.4335626667
248.0200000000,21.8020000000,0.4336140000
248.0933333333,21.8093333333,0.4336653333
248.1666666667,21.8166666667,0.4337166667
248.2400000000,21.8240000000,0.4337680000
248.3133333333,21.8313333333,0.4338193333
248.3866666667,21.8386666667,0.4338706667
248.4600000000,21.8460000000,0.4339220000
248.5333333333,21.8533333333,0.4339733333
248.6066666667,21.8606666667,0.4340246667
248.6800000000,21.8680000000,0.4340760000
248.7533333333,21.8753333333,0.4341273333
248.8266666667,21.8826666667,0.4341786667
248.9000000000,21.8900000000,0.4342300000
248.9733333333,21.8973333333,0.4342813333
249.0466666667,21.9046666667,0.4343326667
249.1200000000,21.9120000000,0.4343840000
249.1933333333,21.9193333333,0.4344353333
249.2666666667,21.9266666667,0.4344866667
249.3400000000,21.9340000000,0.4345380000
249.4133333333,21.9413333333,0.4345893333
249.4866666667,21.9486666667,0.4346406667
249.5600000000,21.9560000000,0.4346920000
249.6333333333,21.9633333333,0.4347433333
249.7066666667,21.9706666667,0.4347946667
249.7800000000,21.9780000000,0.4348460000
249.8533333333,21.9853333333,0.4348973333
249.9266666667,21.9926666667,0.4349486667
250.0000000000,22.0000000000,0.4350000000
