#FILE:,synthetic.ngb-sdh
#EXO:,-1
#SAMPLE MASS /mg:,3
#SEGMENT:,S5/6
#RANGE:,-50°C/10.0(K/min)/250°C
##Temp./°C,Time/min,DSC/(mW/mg)
-50.0000000000,0.0000000000,0.1650000000
-49.9000000000,0.0100000000,0.1650700000
-49.8000000000,0.0200000000,0.1651400000
-49.7000000000,0.0300000000,0.1652100000
-49.6000000000,0.0400000000,0.1652800000
-49.5000000000,0.0500000000,0.1653500000
-49.4000000000,0.0600000000,0.1654200000
-49.3000000000,0.0700000000,0.1654900000
-49.2000000000,0.0800000000,0.1655600000
-49.1000000000,0.0900000000,0.1656300000
-49.0000000000,0.1000000000,0.1657000000
-48.9000000000,0.1100000000,0.1657700000
-48.8000000000,0.1200000000,0.1658400000
-48.7000000000,0.1300000000,0.1659100000
-48.6000000000,0.1400000000,0.1659800000
-48.5000000000,0.1500000000,0.1660500000
-48.4000000000,0.1600000000,0.1661200000
-48.3000000000,0.1700000000,0.1661900000
-48.2000000000,0.1800000000,0.1662600000
-48.1000000000,0.1900000000,0.1663300000
-48.0000000000,0.2000000000,0.1664000000
-47.9000000000,0.2100000000,0.1664700000
-47.8000000000,0.2200000000,0.1665400000
-47.7000000000,0.2300000000,0.1666100000
-47.6000000000,0.2400000000,0.1666800000
-47.5000000000,0.2500000000,0.1667500000
-47.4000000000,0.2600000000,0.1668200000
-47.3000000000,0.2700000000,0.1668900000
-47.2000000000,0.2800000000,0.1669600000
-47.1000000000,0.2900000000,0.1670300000
-47.0000000000,0.3000000000,0.1671000000
-46.9000000000,0.3100000000,0.1671700000
-46.8000000000,0.3200000000,0.1672400000
-46.7000000000,0.3300000000,0.1673100000
-46.6000000000,0.3400000000,0.1673800000
-46.5000000000,0.3500000000,0.1674500000
-46.4000000000,0.3600000000,0.1675200000
-46.3000000000,0.3700000000,0.1675900000
-46.2000000000,0.3800000000,0.1676600000
-46.1000000000,0.3900000000,0.1677300000
-46.0000000000,0.4000000000,0.1678000000
-45.9000000000,0.4100000000,0.1678700000
-45.8000000000,0.4200000000,0.1679400000
-45.7000000000,0.4300000000,0.1680100000
-45.6000000000,0.4400000000,0.1680800000
-45.5000000000,0.4500000000,0.1681500000
-45.4000000000,0.4600000000,0.1682200000
-45.3000000000,0.4700000000,0.1682900000
-45.2000000000,0.4800000000,0.1683600000
-45.1000000000,0.4900000000,0.1684300000
-45.0000000000,0.5000000000,0.1685000000
-44.9000000000,0.5100000000,0.1685700000
-44.8000000000,0.5200000000,0.1686400000
-44.7000000000,0.5300000000,0.1687100000
-44.6000000000,0.5400000000,0.1687800000
-44.5000000000,0.5500000000,0.1688500000
-44.4000000000,0.5600000000,0.1689200000
-44.3000000000,0.5700000000,0.1689900000
-44.2000000000,0.5800000000,0.1690600000
-44.1000000000,0.5900000000,0.1691300000
-44.0000000000,0.6000000000,0.1692000000
-43.9000000000,0.6100000000,0.1692700000
-43.8000000000,0.6200000000,0.1693400000
-43.7000000000,0.6300000000,0.1694100000
-43.6000000000,0.6400000000,0.1694800000
-43.5000000000,0.6500000000,0.1695500001
-43.4000000000,0.6600000000,0.1696200001
-43.3000000000,0.6700000000,0.1696900001
-43.2000000000,0.6800000000,0.1697600001
-43.1000000000,0.6900000000,0.1698300001
-43.0000000000,0.7000000000,0.1699000001
-42.9000000000,0.7100000000,0.1699700001
-42.8000000000,0.7200000000,0.1700400001
-42.7000000000,0.7300000000,0.1701100001
-42.6000000000,0.7400000000,0.1701800001
-42.5000000000,0.7500000000,0.1702500001
-42.4000000000,0.7600000000,0.1703200001
-42.3000000000,0.7700000000,0.1703900001
-42.2000000000,0.7800000000,0.1704600001
-42.1000000000,0.7900000000,0.1705300001
-42.0000000000,0.8000000000,0.1706000001
-41.9000000000,0.8100000000,0.1706700001
-41.8000000000,0.8200000000,0.1707400001
-41.7000000000,0.8300000000,0.1708100001
-41.6000000000,0.8400000000,0.1708800002
-41.5000000000,0.8500000000,0.1709500002
-41.4000000000,0.8600000000,0.1710200002
-41.3000000000,0.8700000000,0.1710900002
-41.2000000000,0.8800000000,0.1711600002
-41.1000000000,0.8900000000,0.1712300002
-41.0000000000,0.9000000000,0.1713000002
-40.9000000000,0.9100000000,0.1713700002
-40.8000000000,0.9200000000,0.1714400003
-40.7000000000,0.9300000000,0.1715100003
-40.6000000000,0.9400000000,0.1715800003
-40.5000000000,0.9500000000,0.1716500003
-40.4000000000,0.9600000000,0.1717200003
-40.3000000000,0.9700000000,0.1717900003
-40.2000000000,0.9800000000,0.1718600004
-40.1000000000,0.9900000000,0.1719300004
-40.0000000000,1.0000000000,0.1720000004
-39.9000000000,1.0100000000,0.1720700004
-39.8000000000,1.0200000000,0.1721400005
-39.7000000000,1.0300000000,0.1722100005
-39.6000000000,1.0400000000,0.1722800005
-39.5000000000,1.0500000000,0.1723500005
-39.4000000000,1.0600000000,0.1724200006
-39.3000000000,1.0700000000,0.1724900006
-39.2000000000,1.0800000000,0.1725600006
-39.1000000000,1.0900000000,0.1726300007
-39.0000000000,1.1000000000,0.1727000007
-38.9000000000,1.1100000000,0.1727700008
-38.8000000000,1.1200000000,0.1728400008
-38.7000000000,1.1300000000,0.1729100009
-38.6000000000,1.1400000000,0.1729800009
-38.5000000000,1.1500000000,0.1730500010
-38.4000000000,1.1600000000,0.1731200010
-38.3000000000,1.1700000000,0.1731900011
-38.2000000000,1.1800000000,0.1732600012
-38.1000000000,1.1900000000,0.1733300012
-38.0000000000,1.2000000000,0.1734000013
-37.9000000000,1.2100000000,0.1734700014
-37.8000000000,1.2200000000,0.1735400015
-37.7000000000,1.2300000000,0.1736100016
-37.6000000000,1.2400000000,0.1736800016
-37.5000000000,1.2500000000,0.1737500017
-37.4000000000,1.2600000000,0.1738200019
-37.3000000000,1.2700000000,0.1738900020
-37.2000000000,1.2800000000,0.1739600021
-37.1000000000,1.2900000000,0.1740300022
-37.0000000000,1.3000000000,0.1741000023
-36.9000000000,1.3100000000,0.1741700025
-36.8000000000,1.3200000000,0.1742400026
-36.7000000000,1.3300000000,0.1743100028
-36.6000000000,1.3400000000,0.1743800030
-36.5000000000,1.3500000000,0.1744500031
-36.4000000000,1.3600000000,0.1745200033
-36.3000000000,1.3700000000,0.1745900035
-36.2000000000,1.3800000000,0.1746600037
-36.1000000000,1.3900000000,0.1747300040
-36.0000000000,1.4000000000,0.1748000042
-35.9000000000,1.4100000000,0.1748700045
-35.8000000000,1.4200000000,0.1749400047
-35.7000000000,1.4300000000,0.1750100050
-35.6000000000,1.4400000000,0.1750800053
-35.5000000000,1.4500000000,0.1751500057
-35.4000000000,1.4600000000,0.1752200060
-35.3000000000,1.4700000000,0.1752900064
-35.2000000000,1.4800000000,0.1753600068
-35.1000000000,1.4900000000,0.1754300072
-35.0000000000,1.5000000000,0.1755000076
-34.9000000000,1.5100000000,0.1755700081
-34.8000000000,1.5200000000,0.1756400085
-34.7000000000,1.5300000000,0.1757100091
-34.6000000000,1.5400000000,0.1757800096
-34.5000000000,1.5500000000,0.1758500102
-34.4000000000,1.5600000000,0.1759200108
-34.3000000000,1.5700000000,0.1759900115
-34.2000000000,1.5800000000,0.1760600122
-34.1000000000,1.5900000000,0.1761300129
-34.0000000000,1.6000000000,0.1762000137
-33.9000000000,1.6100000000,0.1762700145
-33.8000000000,1.6200000000,0.1763400154
-33.7000000000,1.6300000000,0.1764100163
-33.6000000000,1.6400000000,0.1764800173
-33.5000000000,1.6500000000,0.1765500184
-33.4000000000,1.6600000000,0.1766200195
-33.3000000000,1.6700000000,0.1766900206
-33.2000000000,1.6800000000,0.1767600219
-33.1000000000,1.6900000000,0.1768300232
-33.0000000000,1.7000000000,0.1769000246
-32.9000000000,1.7100000000,0.1769700261
-32.8000000000,1.7200000000,0.1770400277
-32.7000000000,1.7300000000,0.1771100294
-32.6000000000,1.7400000000,0.1771800312
-32.5000000000,1.7500000000,0.1772500331
-32.4000000000,1.7600000000,0.1773200351
-32.3000000000,1.7700000000,0.1773900372
-32.2000000000,1.7800000000,0.1774600394
-32.1000000000,1.7900000000,0.1775300418
-32.0000000000,1.8000000000,0.1776000444
-31.9000000000,1.8100000000,0.1776700470
-31.8000000000,1.8200000000,0.1777400499
-31.7000000000,1.8300000000,0.1778100529
-31.6000000000,1.8400000000,0.1778800561
-31.5000000000,1.8500000000,0.1779500595
-31.4000000000,1.8600000000,0.1780200631
-31.3000000000,1.8700000000,0.1780900670
-31.2000000000,1.8800000000,0.1781600710
-31.1000000000,1.8900000000,0.1782300753
-31.0000000000,1.9000000000,0.1783000799
-30.9000000000,1.9100000000,0.1783700847
-30.8000000000,1.9200000000,0.1784400898
-30.7000000000,1.9300000000,0.1785100953
-30.6000000000,1.9400000000,0.1785801011
-30.5000000000,1.9500000000,0.1786501072
-30.4000000000,1.9600000000,0.1787201137
-30.3000000000,1.9700000000,0.1787901206
-30.2000000000,1.9800000000,0.1788601279
-30.1000000000,1.9900000000,0.1789301356
-30.0000000000,2.0000000000,0.1790001438
-29.9000000000,2.0100000000,0.1790701526
-29.8000000000,2.0200000000,0.1791401618
-29.7000000000,2.0300000000,0.1792101716
-29.6000000000,2.0400000000,0.1792801820
-29.5000000000,2.0500000000,0.1793501930
-29.4000000000,2.0600000000,0.1794202047
-29.3000000000,2.0700000000,0.1794902171
-29.2000000000,2.0800000000,0.1795602303
-29.1000000000,2.0900000000,0.1796302442
-29.0000000000,2.1000000000,0.1797002590
-28.9000000000,2.1100000000,0.1797702747
-28.8000000000,2.1200000000,0.1798402914
-28.7000000000,2.1300000000,0.1799103090
-28.6000000000,2.1400000000,0.1799803277
-28.5000000000,2.1500000000,0.1800503476
-28.4000000000,2.1600000000,0.1801203687
-28.3000000000,2.1700000000,0.1801903910
-28.2000000000,2.1800000000,0.1802604147
-28.1000000000,2.1900000000,0.1803304398
-28.0000000000,2.2000000000,0.1804004664
-27.9000000000,2.2100000000,0.1804704947
-27.8000000000,2.2200000000,0.1805405247
-27.7000000000,2.2300000000,0.1806105565
-27.6000000000,2.2400000000,0.1806805902
-27.5000000000,2.2500000000,0.1807506259
-27.4000000000,2.2600000000,0.1808206639
-27.3000000000,2.2700000000,0.1808907041
-27.2000000000,2.2800000000,0.1809607467
-27.1000000000,2.2900000000,0.1810307920
-27.0000000000,2.3000000000,0.1811008400
-26.9000000000,2.3100000000,0.1811708909
-26.8000000000,2.3200000000,0.1812409448
-26.7000000000,2.3300000000,0.1813110021
-26.6000000000,2.3400000000,0.1813810628
-26.5000000000,2.3500000000,0.1814511272
-26.4000000000,2.3600000000,0.1815211955
-26.3000000000,2.3700000000,0.1815912679
-26.2000000000,2.3800000000,0.1816613447
-26.1000000000,2.3900000000,0.1817314262
-26.0000000000,2.4000000000,0.1818015126
-25.9000000000,2.4100000000,0.1818716043
-25.8000000000,2.4200000000,0.1819417015
-25.7000000000,2.4300000000,0.1820118045
-25.6000000000,2.4400000000,0.1820819139
-25.5000000000,2.4500000000,0.1821520298
-25.4000000000,2.4600000000,0.1822221528
-25.3000000000,2.4700000000,0.1822922832
-25.2000000000,2.4800000000,0.1823624216
-25.1000000000,2.4900000000,0.1824325683
-25.0000000000,2.5000000000,0.1825027239
-24.9000000000,2.5100000000,0.1825728889
-24.8000000000,2.5200000000,0.1826430639
-24.7000000000,2.5300000000,0.1827132495
-24.6000000000,2.5400000000,0.1827834464
-24.5000000000,2.5500000000,0.1828536552
-24.4000000000,2.5600000000,0.1829238767
-24.3000000000,2.5700000000,0.1829941115
-24.2000000000,2.5800000000,0.1830643606
-24.1000000000,2.5900000000,0.1831346248
-24.0000000000,2.6000000000,0.1832049050
-23.9000000000,2.6100000000,0.1832752021
-23.8000000000,2.6200000000,0.1833455173
-23.7000000000,2.6300000000,0.1834158516
-23.6000000000,2.6400000000,0.1834862061
-23.5000000000,2.6500000000,0.1835565820
-23.4000000000,2.6600000000,0.1836269808
-23.3000000000,2.6700000000,0.1836974037
-23.2000000000,2.6800000000,0.1837678522
-23.1000000000,2.6900000000,0.1838383279
-23.0000000000,2.7000000000,0.1839088324
-22.9000000000,2.7100000000,0.1839793674
-22.8000000000,2.7200000000,0.1840499349
-22.7000000000,2.7300000000,0.1841205367
-22.6000000000,2.7400000000,0.1841911750
-22.5000000000,2.7500000000,0.1842618519
-22.4000000000,2.7600000000,0.1843325699
-22.3000000000,2.7700000000,0.1844033313
-22.2000000000,2.7800000000,0.1844741388
-22.1000000000,2.7900000000,0.1845449952
-22.0000000000,2.8000000000,0.1846159035
-21.9000000000,2.8100000000,0.1846868668
-21.8000000000,2.8200000000,0.1847578884
-21.7000000000,2.8300000000,0.1848289719
-21.6000000000,2.8400000000,0.1849001210
-21.5000000000,2.8500000000,0.1849713397
-21.4000000000,2.8600000000,0.1850426321
-21.3000000000,2.8700000000,0.1851140028
-21.2000000000,2.8800000000,0.1851854565
-21.1000000000,2.8900000000,0.1852569981
-21.0000000000,2.9000000000,0.1853286331
-20.9000000000,2.9100000000,0.1854003671
-20.8000000000,2.9200000000,0.1854722059
-20.7000000000,2.9300000000,0.1855441561
-20.6000000000,2.9400000000,0.1856162243
-20.5000000000,2.9500000000,0.1856884177
-20.4000000000,2.9600000000,0.1857607438
-20.3000000000,2.9700000000,0.1858332106
-20.2000000000,2.9800000000,0.1859058266
-20.1000000000,2.9900000000,0.1859786009
-20.0000000000,3.0000000000,0.1860515430
-19.9000000000,3.0100000000,0.1861246631
-19.8000000000,3.0200000000,0.1861979718
-19.7000000000,3.0300000000,0.1862714806
-19.6000000000,3.0400000000,0.1863452015
-19.5000000000,3.0500000000,0.1864191474
-19.4000000000,3.0600000000,0.1864933318
-19.3000000000,3.0700000000,0.1865677691
-19.2000000000,3.0800000000,0.1866424745
-19.1000000000,3.0900000000,0.1867174642
-19.0000000000,3.1000000000,0.1867927553
-18.9000000000,3.1100000000,0.1868683659
-18.8000000000,3.1200000000,0.1869443154
-18.7000000000,3.1300000000,0.1870206240
-18.6000000000,3.1400000000,0.1870973134
-18.5000000000,3.1500000000,0.1871744064
-18.4000000000,3.1600000000,0.1872519274
-18.3000000000,3.1700000000,0.1873299020
-18.2000000000,3.1800000000,0.1874083574
-18.1000000000,3.1900000000,0.1874873225
-18.0000000000,3.2000000000,0.1875668279
-17.9000000000,3.2100000000,0.1876469058
-17.8000000000,3.2200000000,0.1877275907
-17.7000000000,3.2300000000,0.1878089188
-17.6000000000,3.2400000000,0.1878909285
-17.5000000000,3.2500000000,0.1879736606
-17.4000000000,3.2600000000,0.1880571582
-17.3000000000,3.2700000000,0.1881414670
-17.2000000000,3.2800000000,0.1882266352
-17.1000000000,3.2900000000,0.1883127140
-17.0000000000,3.3000000000,0.1883997575
-16.9000000000,3.3100000000,0.1884878230
-16.8000000000,3.3200000000,0.1885769711
-16.7000000000,3.3300000000,0.1886672660
-16.6000000000,3.3400000000,0.1887587754
-16.5000000000,3.3500000000,0.1888515711
-16.4000000000,3.3600000000,0.1889457288
-16.3000000000,3.3700000000,0.1890413289
-16.2000000000,3.3800000000,0.1891384560
-16.1000000000,3.3900000000,0.1892371996
-16.0000000000,3.4000000000,0.1893376545
-15.9000000000,3.4100000000,0.1894399205
-15.8000000000,3.4200000000,0.1895441033
-15.7000000000,3.4300000000,0.1896503141
-15.6000000000,3.4400000000,0.1897586707
-15.5000000000,3.4500000000,0.1898692970
-15.4000000000,3.4600000000,0.1899823241
-15.3000000000,3.4700000000,0.1900978900
-15.2000000000,3.4800000000,0.1902161400
-15.1000000000,3.4900000000,0.1903372276
-15.0000000000,3.5000000000,0.1904613140
-14.9000000000,3.5100000000,0.1905885694
-14.8000000000,3.5200000000,0.1907191726
-14.7000000000,3.5300000000,0.1908533117
-14.6000000000,3.5400000000,0.1909911844
-14.5000000000,3.5500000000,0.1911329985
-14.4000000000,3.5600000000,0.1912789722
-14.3000000000,3.5700000000,0.1914293345
-14.2000000000,3.5800000000,0.1915843255
-14.1000000000,3.5900000000,0.1917441968
-14.0000000000,3.6000000000,0.1919092118
-13.9000000000,3.6100000000,0.1920796462
-13.8000000000,3.6200000000,0.1922557883
-13.7000000000,3.6300000000,0.1924379390
-13.6000000000,3.6400000000,0.1926264124
-13.5000000000,3.6500000000,0.1928215360
-13.4000000000,3.6600000000,0.1930236504
-13.3000000000,3.6700000000,0.1932331103
-13.2000000000,3.6800000000,0.1934502837
-13.1000000000,3.6900000000,0.1936755524
-13.0000000000,3.7000000000,0.1939093118
-12.9000000000,3.7100000000,0.1941519708
-12.8000000000,3.7200000000,0.1944039513
-12.7000000000,3.7300000000,0.1946656882
-12.6000000000,3.7400000000,0.1949376286
-12.5000000000,3.7500000000,0.1952202311
-12.4000000000,3.7600000000,0.1955139655
-12.3000000000,3.7700000000,0.1958193113
-12.2000000000,3.7800000000,0.1961367569
-12.1000000000,3.7900000000,0.1964667980
-12.0000000000,3.8000000000,0.1968099365
-11.9000000000,3.8100000000,0.1971666785
-11.8000000000,3.8200000000,0.1975375321
-11.7000000000,3.8300000000,0.1979230056
-11.6000000000,3.8400000000,0.1983236049
-11.5000000000,3.8500000000,0.1987398307
-11.4000000000,3.8600000000,0.1991721753
-11.3000000000,3.8700000000,0.1996211199
-11.2000000000,3.8800000000,0.2000871306
-11.1000000000,3.8900000000,0.2005706546
-11.0000000000,3.9000000000,0.2010721164
-10.9000000000,3.9100000000,0.2015919134
-10.8000000000,3.9200000000,0.2021304113
-10.7000000000,3.9300000000,0.2026879394
-10.6000000000,3.9400000000,0.2032647861
-10.5000000000,3.9500000000,0.2038611933
-10.4000000000,3.9600000000,0.2044773519
-10.3000000000,3.9700000000,0.2051133965
-10.2000000000,3.9800000000,0.2057694003
-10.1000000000,3.9900000000,0.2064453705
-10.0000000000,4.0000000000,0.2071412432
-9.9000000000,4.0100000000,0.2078568794
-9.8000000000,4.0200000000,0.2085920606
-9.7000000000,4.0300000000,0.2093464853
-9.6000000000,4.0400000000,0.2101197657
-9.5000000000,4.0500000000,0.2109114257
-9.4000000000,4.0600000000,0.2117208987
-9.3000000000,4.0700000000,0.2125475265
-9.2000000000,4.0800000000,0.2133905596
-9.1000000000,4.0900000000,0.2142491578
-9.0000000000,4.1000000000,0.2151223917
-8.9000000000,4.1100000000,0.2160092457
-8.8000000000,4.1200000000,0.2169086215
-8.7000000000,4.1300000000,0.2178193432
-8.6000000000,4.1400000000,0.2187401625
-8.5000000000,4.1500000000,0.2196697659
-8.4000000000,4.1600000000,0.2206067819
-8.3000000000,4.1700000000,0.2215497894
-8.2000000000,4.1800000000,0.2224973267
-8.1000000000,4.1900000000,0.2234479014
-8.0000000000,4.2000000000,0.2244000000
-7.9000000000,4.2100000000,0.2253520986
-7.8000000000,4.2200000000,0.2263026733
-7.7000000000,4.2300000000,0.2272502106
-7.6000000000,4.2400000000,0.2281932181
-7.5000000000,4.2500000000,0.2291302341
-7.4000000000,4.2600000000,0.2300598375
-7.3000000000,4.2700000000,0.2309806568
-7.2000000000,4.2800000000,0.2318913785
-7.1000000000,4.2900000000,0.2327907543
-7.0000000000,4.3000000000,0.2336776083
-6.9000000000,4.3100000000,0.2345508422
-6.8000000000,4.3200000000,0.2354094404
-6.7000000000,4.3300000000,0.2362524735
-6.6000000000,4.3400000000,0.2370791013
-6.5000000000,4.3500000000,0.2378885743
-6.4000000000,4.3600000000,0.2386802343
-6.3000000000,4.3700000000,0.2394535147
-6.2000000000,4.3800000000,0.2402079394
-6.1000000000,4.3900000000,0.2409431206
-6.0000000000,4.4000000000,0.2416587568
-5.9000000000,4.4100000000,0.2423546295
-5.8000000000,4.4200000000,0.2430305997
-5.7000000000,4.4300000000,0.2436866035
-5.6000000000,4.4400000000,0.2443226481
-5.5000000000,4.4500000000,0.2449388067
-5.4000000000,4.4600000000,0.2455352139
-5.3000000000,4.4700000000,0.2461120606
-5.2000000000,4.4800000000,0.2466695887
-5.1000000000,4.4900000000,0.2472080866
-5.0000000000,4.5000000000,0.2477278836
-4.9000000000,4.5100000000,0.2482293454
-4.8000000000,4.5200000000,0.2487128694
-4.7000000000,4.5300000000,0.2491788801
-4.6000000000,4.5400000000,0.2496278247
-4.5000000000,4.5500000000,0.2500601693
-4.4000000000,4.5600000000,0.2504763951
-4.3000000000,4.5700000000,0.2508769944
-4.2000000000,4.5800000000,0.2512624679
-4.1000000000,4.5900000000,0.2516333215
-4.0000000000,4.6000000000,0.2519900635
-3.9000000000,4.6100000000,0.2523332020
-3.8000000000,4.6200000000,0.2526632431
-3.7000000000,4.6300000000,0.2529806887
-3.6000000000,4.6400000000,0.2532860345
-3.5000000000,4.6500000000,0.2535797689
-3.4000000000,4.6600000000,0.2538623714
-3.3000000000,4.6700000000,0.2541343118
-3.2000000000,4.6800000000,0.2543960487
-3.1000000000,4.6900000000,0.2546480292
-3.0000000000,4.7000000000,0.2548906882
-2.9000000000,4.7100000000,0.2551244476
-2.8000000000,4.7200000000,0.2553497163
-2.7000000000,4.7300000000,0.2555668897
-2.6000000000,4.7400000000,0.2557763496
-2.5000000000,4.7500000000,0.2559784640
-2.4000000000,4.7600000000,0.2561735876
-2.3000000000,4.7700000000,0.2563620610
-2.2000000000,4.7800000000,0.2565442117
-2.1000000000,4.7900000000,0.2567203538
-2.0000000000,4.8000000000,0.2568907882
-1.9000000000,4.8100000000,0.2570558032
-1.8000000000,4.8200000000,0.2572156745
-1.7000000000,4.8300000000,0.2573706655
-1.6000000000,4.8400000000,0.2575210278
-1.5000000000,4.8500000000,0.2576670015
-1.4000000000,4.8600000000,0.2578088156
-1.3000000000,4.8700000000,0.2579466883
-1.2000000000,4.8800000000,0.2580808274
-1.1000000000,4.8900000000,0.2582114306
-1.0000000000,4.9000000000,0.2583386860
-0.9000000000,4.9100000000,0.2584627724
-0.8000000000,4.9200000000,0.2585838600
-0.7000000000,4.9300000000,0.2587021100
-0.6000000000,4.9400000000,0.2588176759
-0.5000000000,4.9500000000,0.2589307030
-0.4000000000,4.9600000000,0.2590413293
-0.3000000000,4.9700000000,0.2591496859
-0.2000000000,4.9800000000,0.2592558967
-0.1000000000,4.9900000000,0.2593600795
0.0000000000,5.0000000000,0.2594623455
0.1000000000,5.0100000000,0.2595628004
0.2000000000,5.0200000000,0.2596615440
0.3000000000,5.0300000000,0.2597586711
0.4000000000,5.0400000000,0.2598542712
0.5000000000,5.0500000000,0.2599484289
0.6000000000,5.0600000000,0.2600412246
0.7000000000,5.0700000000,0.2601327340
0.8000000000,5.0800000000,0.2602230289
0.9000000000,5.0900000000,0.2603121770
1.0000000000,5.1000000000,0.2604002425
1.1000000000,5.1100000000,0.2604872860
1.2000000000,5.1200000000,0.2605733648
1.3000000000,5.1300000000,0.2606585330
1.4000000000,5.1400000000,0.2607428418
1.5000000000,5.1500000000,0.2608263394
1.6000000000,5.1600000000,0.2609090715
1.7000000000,5.1700000000,0.2609910812
1.8000000000,5.1800000000,0.2610724093
1.9000000000,5.1900000000,0.2611530942
2.0000000000,5.2000000000,0.2612331721
2.1000000000,5.2100000000,0.2613126775
2.2000000000,5.2200000000,0.2613916426
2.3000000000,5.2300000000,0.2614700980
2.4000000000,5.2400000000,0.2615480726
2.5000000000,5.2500000000,0.2616255936
2.6000000000,5.2600000000,0.2617026866
2.7000000000,5.2700000000,0.2617793760
2.8000000000,5.2800000000,0.2618556846
2.9000000000,5.2900000000,0.2619316341
3.0000000000,5.3000000000,0.2620072447
3.1000000000,5.3100000000,0.2620825358
3.2000000000,5.3200000000,0.2621575255
3.3000000000,5.3300000000,0.2622322309
3.4000000000,5.3400000000,0.2623066682
3.5000000000,5.3500000000,0.2623808526
3.6000000000,5.3600000000,0.2624547985
3.7000000000,5.3700000000,0.2625285194
3.8000000000,5.3800000000,0.2626020282
3.9000000000,5.3900000000,0.2626753369
4.0000000000,5.4000000000,0.2627484570
4.1000000000,5.4100000000,0.2628213991
4.2000000000,5.4200000000,0.2628941734
4.3000000000,5.4300000000,0.2629667894
4.4000000000,5.4400000000,0.2630392562
4.5000000000,5.4500000000,0.2631115823
4.6000000000,5.4600000000,0.2631837757
4.7000000000,5.4700000000,0.2632558439
4.8000000000,5.4800000000,0.2633277941
4.9000000000,5.4900000000,0.2633996329
5.0000000000,5.5000000000,0.2634713669
5.1000000000,5.5100000000,0.2635430019
5.2000000000,5.5200000000,0.2636145435
5.3000000000,5.5300000000,0.2636859972
5.4000000000,5.5400000000,0.2637573679
5.5000000000,5.5500000000,0.2638286603
5.6000000000,5.5600000000,0.2638998790
5.7000000000,5.5700000000,0.2639710281
5.8000000000,5.5800000000,0.2640421116
5.9000000000,5.5900000000,0.2641131332
6.0000000000,5.6000000000,0.2641840965
6.1000000000,5.6100000000,0.2642550048
6.2000000000,5.6200000000,0.2643258612
6.3000000000,5.6300000000,0.2643966687
6.4000000000,5.6400000000,0.2644674301
6.5000000000,5.6500000000,0.2645381481
6.6000000000,5.6600000000,0.2646088250
6.7000000000,5.6700000000,0.2646794633
6.8000000000,5.6800000000,0.2647500651
6.9000000000,5.6900000000,0.2648206326
7.0000000000,5.7000000000,0.2648911676
7.1000000000,5.7100000000,0.2649616721
7.2000000000,5.7200000000,0.2650321478
7.3000000000,5.7300000000,0.2651025963
7.4000000000,5.7400000000,0.2651730192
7.5000000000,5.7500000000,0.2652434180
7.6000000000,5.7600000000,0.2653137939
7.7000000000,5.7700000000,0.2653841484
7.8000000000,5.7800000000,0.2654544827
7.9000000000,5.7900000000,0.2655247979
8.0000000000,5.8000000000,0.2655950950
8.1000000000,5.8100000000,0.2656653752
8.2000000000,5.8200000000,0.2657356394
8.3000000000,5.8300000000,0.2658058885
8.4000000000,5.8400000000,0.2658761233
8.5000000000,5.8500000000,0.2659463448
8.6000000000,5.8600000000,0.2660165536
8.7000000000,5.8700000000,0.2660867505
8.8000000000,5.8800000000,0.2661569361
8.9000000000,5.8900000000,0.2662271111
9.0000000000,5.9000000000,0.2662972761
9.1000000000,5.9100000000,0.2663674317
9.2000000000,5.9200000000,0.2664375784
9.3000000000,5.9300000000,0.2665077168
9.4000000000,5.9400000000,0.2665778472
9.5000000000,5.9500000000,0.2666479702
9.6000000000,5.9600000000,0.2667180861
9.7000000000,5.9700000000,0.2667881955
9.8000000000,5.9800000000,0.2668582985
9.9000000000,5.9900000000,0.2669283957
10.0000000000,6.0000000000,0.2669984874
10.1000000000,6.0100000000,0.2670685738
10.2000000000,6.0200000000,0.2671386553
10.3000000000,6.0300000000,0.2672087321
10.4000000000,6.0400000000,0.2672788045
10.5000000000,6.0500000000,0.2673488728
10.6000000000,6.0600000000,0.2674189372
10.7000000000,6.0700000000,0.2674889979
10.8000000000,6.0800000000,0.2675590552
10.9000000000,6.0900000000,0.2676291091
11.0000000000,6.1000000000,0.2676991600
11.1000000000,6.1100000000,0.2677692080
11.2000000000,6.1200000000,0.2678392533
11.3000000000,6.1300000000,0.2679092959
11.4000000000,6.1400000000,0.2679793361
11.5000000000,6.1500000000,0.2680493741
11.6000000000,6.1600000000,0.2681194098
11.7000000000,6.1700000000,0.2681894435
11.8000000000,6.1800000000,0.2682594753
11.9000000000,6.1900000000,0.2683295053
12.0000000000,6.2000000000,0.2683995336
12.1000000000,6.2100000000,0.2684695602
12.2000000000,6.2200000000,0.2685395853
12.3000000000,6.2300000000,0.2686096090
12.4000000000,6.2400000000,0.2686796313
12.5000000000,6.2500000000,0.2687496524
12.6000000000,6.2600000000,0.2688196723
12.7000000000,6.2700000000,0.2688896910
12.8000000000,6.2800000000,0.2689597086
12.9000000000,6.2900000000,0.2690297253
13.0000000000,6.3000000000,0.2690997410
13.1000000000,6.3100000000,0.2691697558
13.2000000000,6.3200000000,0.2692397697
13.3000000000,6.3300000000,0.2693097829
13.4000000000,6.3400000000,0.2693797953
13.5000000000,6.3500000000,0.2694498070
13.6000000000,6.3600000000,0.2695198180
13.7000000000,6.3700000000,0.2695898284
13.8000000000,6.3800000000,0.2696598382
13.9000000000,6.3900000000,0.2697298474
14.0000000000,6.4000000000,0.2697998562
14.1000000000,6.4100000000,0.2698698644
14.2000000000,6.4200000000,0.2699398721
14.3000000000,6.4300000000,0.2700098794
14.4000000000,6.4400000000,0.2700798863
14.5000000000,6.4500000000,0.2701498928
14.6000000000,6.4600000000,0.2702198989
14.7000000000,6.4700000000,0.2702899047
14.8000000000,6.4800000000,0.2703599102
14.9000000000,6.4900000000,0.2704299153
15.0000000000,6.5000000000,0.2704999201
15.1000000000,6.5100000000,0.2705699247
15.2000000000,6.5200000000,0.2706399290
15.3000000000,6.5300000000,0.2707099330
15.4000000000,6.5400000000,0.2707799369
15.5000000000,6.5500000000,0.2708499405
15.6000000000,6.5600000000,0.2709199439
15.7000000000,6.5700000000,0.2709899471
15.8000000000,6.5800000000,0.2710599501
15.9000000000,6.5900000000,0.2711299530
16.0000000000,6.6000000000,0.2711999556
16.1000000000,6.6100000000,0.2712699582
16.2000000000,6.6200000000,0.2713399606
16.3000000000,6.6300000000,0.2714099628
16.4000000000,6.6400000000,0.2714799649
16.5000000000,6.6500000000,0.2715499669
16.6000000000,6.6600000000,0.2716199688
16.7000000000,6.6700000000,0.2716899706
16.8000000000,6.6800000000,0.2717599723
16.9000000000,6.6900000000,0.2718299739
17.0000000000,6.7000000000,0.2718999754
17.1000000000,6.7100000000,0.2719699768
17.2000000000,6.7200000000,0.2720399781
17.3000000000,6.7300000000,0.2721099794
17.4000000000,6.7400000000,0.2721799805
17.5000000000,6.7500000000,0.2722499816
17.6000000000,6.7600000000,0.2723199827
17.7000000000,6.7700000000,0.2723899837
17.8000000000,6.7800000000,0.2724599846
17.9000000000,6.7900000000,0.2725299855
18.0000000000,6.8000000000,0.2725999863
18.1000000000,6.8100000000,0.2726699871
18.2000000000,6.8200000000,0.2727399878
18.3000000000,6.8300000000,0.2728099885
18.4000000000,6.8400000000,0.2728799892
18.5000000000,6.8500000000,0.2729499898
18.6000000000,6.8600000000,0.2730199904
18.7000000000,6.8700000000,0.2730899909
18.8000000000,6.8800000000,0.2731599915
18.9000000000,6.8900000000,0.2732299919
19.0000000000,6.9000000000,0.2732999924
19.1000000000,6.9100000000,0.2733699928
19.2000000000,6.9200000000,0.2734399932
19.3000000000,6.9300000000,0.2735099936
19.4000000000,6.9400000000,0.2735799940
19.5000000000,6.9500000000,0.2736499943
19.6000000000,6.9600000000,0.2737199947
19.7000000000,6.9700000000,0.2737899950
19.8000000000,6.9800000000,0.2738599953
19.9000000000,6.9900000000,0.2739299955
20.0000000000,7.0000000000,0.2739999958
20.1000000000,7.0100000000,0.2740699960
20.2000000000,7.0200000000,0.2741399963
20.3000000000,7.0300000000,0.2742099965
20.4000000000,7.0400000000,0.2742799967
20.5000000000,7.0500000000,0.2743499969
20.6000000000,7.0600000000,0.2744199970
20.7000000000,7.0700000000,0.2744899972
20.8000000000,7.0800000000,0.2745599974
20.9000000000,7.0900000000,0.2746299975
21.0000000000,7.1000000000,0.2746999977
21.1000000000,7.1100000000,0.2747699978
21.2000000000,7.1200000000,0.2748399979
21.3000000000,7.1300000000,0.2749099980
21.4000000000,7.1400000000,0.2749799981
21.5000000000,7.1500000000,0.2750499983
21.6000000000,7.1600000000,0.2751199984
21.7000000000,7.1700000000,0.2751899984
21.8000000000,7.1800000000,0.2752599985
21.9000000000,7.1900000000,0.2753299986
22.0000000000,7.2000000000,0.2753999987
22.1000000000,7.2100000000,0.2754699988
22.2000000000,7.2200000000,0.2755399988
22.3000000000,7.2300000000,0.2756099989
22.4000000000,7.2400000000,0.2756799990
22.5000000000,7.2500000000,0.2757499990
22.6000000000,7.2600000000,0.2758199991
22.7000000000,7.2700000000,0.2758899991
22.8000000000,7.2800000000,0.2759599992
22.9000000000,7.2900000000,0.2760299992
23.0000000000,7.3000000000,0.2760999993
23.1000000000,7.3100000000,0.2761699993
23.2000000000,7.3200000000,0.2762399994
23.3000000000,7.3300000000,0.2763099994
23.4000000000,7.3400000000,0.2763799994
23.5000000000,7.3500000000,0.2764499995
23.6000000000,7.3600000000,0.2765199995
23.7000000000,7.3700000000,0.2765899995
23.8000000000,7.3800000000,0.2766599995
23.9000000000,7.3900000000,0.2767299996
24.0000000000,7.4000000000,0.2767999996
24.1000000000,7.4100000000,0.2768699996
24.2000000000,7.4200000000,0.2769399996
24.3000000000,7.4300000000,0.2770099997
24.4000000000,7.4400000000,0.2770799997
24.5000000000,7.4500000000,0.2771499997
24.6000000000,7.4600000000,0.2772199997
24.7000000000,7.4700000000,0.2772899997
24.8000000000,7.4800000000,0.2773599997
24.9000000000,7.4900000000,0.2774299998
25.0000000000,7.5000000000,0.2774999998
25.1000000000,7.5100000000,0.2775699998
25.2000000000,7.5200000000,0.2776399998
25.3000000000,7.5300000000,0.2777099998
25.4000000000,7.5400000000,0.2777799998
25.5000000000,7.5500000000,0.2778499998
25.6000000000,7.5600000000,0.2779199998
25.7000000000,7.5700000000,0.2779899999
25.8000000000,7.5800000000,0.2780599999
25.9000000000,7.5900000000,0.2781299999
26.0000000000,7.6000000000,0.2781999999
26.1000000000,7.6100000000,0.2782699999
26.2000000000,7.6200000000,0.2783399999
26.3000000000,7.6300000000,0.2784099999
26.4000000000,7.6400000000,0.2784799999
26.5000000000,7.6500000000,0.2785499999
26.6000000000,7.6600000000,0.2786199999
26.7000000000,7.6700000000,0.2786899999
26.8000000000,7.6800000000,0.2787599999
26.9000000000,7.6900000000,0.2788299999
27.0000000000,7.7000000000,0.2788999999
27.1000000000,7.7100000000,0.2789699999
27.2000000000,7.7200000000,0.2790399999
27.3000000000,7.7300000000,0.2791099999
27.4000000000,7.7400000000,0.2791799999
27.5000000000,7.7500000000,0.2792499999
27.6000000000,7.7600000000,0.2793200000
27.7000000000,7.7700000000,0.2793900000
27.8000000000,7.7800000000,0.2794600000
27.9000000000,7.7900000000,0.2795300000
28.0000000000,7.8000000000,0.2796000000
28.1000000000,7.8100000000,0.2796700000
28.2000000000,7.8200000000,0.2797400000
28.3000000000,7.8300000000,0.2798100000
28.4000000000,7.8400000000,0.2798800000
28.5000000000,7.8500000000,0.2799500000
28.6000000000,7.8600000000,0.2800200000
28.7000000000,7.8700000000,0.2800900000
28.8000000000,7.8800000000,0.2801600000
28.9000000000,7.8900000000,0.2802300000
29.0000000000,7.9000000000,0.2803000000
29.1000000000,7.9100000000,0.2803700000
29.2000000000,7.9200000000,0.2804400000
29.3000000000,7.9300000000,0.2805100000
29.4000000000,7.9400000000,0.2805800000
29.5000000000,7.9500000000,0.2806500000
29.6000000000,7.9600000000,0.2807200000
29.7000000000,7.9700000000,0.2807900000
29.8000000000,7.9800000000,0.2808600000
29.9000000000,7.9900000000,0.2809300000
30.0000000000,8.0000000000,0.2810000000
30.1000000000,8.0100000000,0.2810700000
30.2000000000,8.0200000000,0.2811400000
30.3000000000,8.0300000000,0.2812100000
30.4000000000,8.0400000000,0.2812800000
30.5000000000,8.0500000000,0.2813500000
30.6000000000,8.0600000000,0.2814200000
30.7000000000,8.0700000000,0.2814900000
30.8000000000,8.0800000000,0.2815600000
30.9000000000,8.0900000000,0.2816300000
31.0000000000,8.1000000000,0.2817000000
31.1000000000,8.1100000000,0.2817700000
31.2000000000,8.1200000000,0.2818400000
31.3000000000,8.1300000000,0.2819100000
31.4000000000,8.1400000000,0.2819800000
31.5000000000,8.1500000000,0.2820500000
31.6000000000,8.1600000000,0.2821200000
31.7000000000,8.1700000000,0.2821900000
31.8000000000,8.1800000000,0.2822600000
31.9000000000,8.1900000000,0.2823300000
32.0000000000,8.2000000000,0.2824000000
32.1000000000,8.2100000000,0.2824700000
32.2000000000,8.2200000000,0.2825400000
32.3000000000,8.2300000000,0.2826100000
32.4000000000,8.2400000000,0.2826800000
32.5000000000,8.2500000000,0.2827500000
32.6000000000,8.2600000000,0.2828200000
32.7000000000,8.2700000000,0.2828900000
32.8000000000,8.2800000000,0.2829600000
32.9000000000,8.2900000000,0.2830300000
33.0000000000,8.3000000000,0.2831000000
33.1000000000,8.3100000000,0.2831700000
33.2000000000,8.3200000000,0.2832400000
33.3000000000,8.3300000000,0.2833100000
33.4000000000,8.3400000000,0.2833800000
33.5000000000,8.3500000000,0.2834500000
33.6000000000,8.3600000000,0.2835200000
33.7000000000,8.3700000000,0.2835900000
33.8000000000,8.3800000000,0.2836600000
33.9000000000,8.3900000000,0.2837300000
34.0000000000,8.4000000000,0.2838000000
34.1000000000,8.4100000000,0.2838700000
34.2000000000,8.4200000000,0.2839400000
34.3000000000,8.4300000000,0.2840100000
34.4000000000,8.4400000000,0.2840800000
34.5000000000,8.4500000000,0.2841500000
34.6000000000,8.4600000000,0.2842200000
34.7000000000,8.4700000000,0.2842900000
34.8000000000,8.4800000000,0.2843600000
34.9000000000,8.4900000000,0.2844300000
35.0000000000,8.5000000000,0.2845000000
35.1000000000,8.5100000000,0.2845700000
35.2000000000,8.5200000000,0.2846400000
35.3000000000,8.5300000000,0.2847100000
35.4000000000,8.5400000000,0.2847800000
35.5000000000,8.5500000000,0.2848500000
35.6000000000,8.5600000000,0.2849200000
35.7000000000,8.5700000000,0.2849900000
35.8000000000,8.5800000000,0.2850600000
35.9000000000,8.5900000000,0.2851300000
36.0000000000,8.6000000000,0.2852000000
36.1000000000,8.6100000000,0.2852700000
36.2000000000,8.6200000000,0.2853400000
36.3000000000,8.6300000000,0.2854100000
36.4000000000,8.6400000000,0.2854800000
36.5000000000,8.6500000000,0.2855500000
36.6000000000,8.6600000000,0.2856200000
36.7000000000,8.6700000000,0.2856900000
36.8000000000,8.6800000000,0.2857600000
36.9000000000,8.6900000000,0.2858300000
37.0000000000,8.7000000000,0.2859000000
37.1000000000,8.7100000000,0.2859700000
37.2000000000,8.7200000000,0.2860400000
37.3000000000,8.7300000000,0.2861100000
37.4000000000,8.7400000000,0.2861800000
37.5000000000,8.7500000000,0.2862500000
37.6000000000,8.7600000000,0.2863200000
37.7000000000,8.7700000000,0.2863900000
37.8000000000,8.7800000000,0.2864600000
37.9000000000,8.7900000000,0.2865300000
38.0000000000,8.8000000000,0.2866000000
38.1000000000,8.8100000000,0.2866700000
38.2000000000,8.8200000000,0.2867400000
38.3000000000,8.8300000000,0.2868100000
38.4000000000,8.8400000000,0.2868800000
38.5000000000,8.8500000000,0.2869500000
38.6000000000,8.8600000000,0.2870200000
38.7000000000,8.8700000000,0.2870900000
38.8000000000,8.8800000000,0.2871600000
38.9000000000,8.8900000000,0.2872300000
39.0000000000,8.9000000000,0.2873000000
39.1000000000,8.9100000000,0.2873700000
39.2000000000,8.9200000000,0.2874400000
39.3000000000,8.9300000000,0.2875100000
39.4000000000,8.9400000000,0.2875800000
39.5000000000,8.9500000000,0.2876500000
39.6000000000,8.9600000000,0.2877200000
39.7000000000,8.9700000000,0.2877900000
39.8000000000,8.9800000000,0.2878600000
39.9000000000,8.9900000000,0.2879300000
40.0000000000,9.0000000000,0.2880000000
40.1000000000,9.0100000000,0.2880700000
40.2000000000,9.0200000000,0.2881400000
40.3000000000,9.0300000000,0.2882100000
40.4000000000,9.0400000000,0.2882800000
40.5000000000,9.0500000000,0.2883500000
40.6000000000,9.0600000000,0.2884200000
40.7000000000,9.0700000000,0.2884900000
40.8000000000,9.0800000000,0.2885600000
40.9000000000,9.0900000000,0.2886300000
41.0000000000,9.1000000000,0.2887000000
41.1000000000,9.1100000000,0.2887700000
41.2000000000,9.1200000000,0.2888400000
41.3000000000,9.1300000000,0.2889100000
41.4000000000,9.1400000000,0.2889800000
41.5000000000,9.1500000000,0.2890500000
41.6000000000,9.1600000000,0.2891200000
41.7000000000,9.1700000000,0.2891900000
41.8000000000,9.1800000000,0.2892600000
41.9000000000,9.1900000000,0.2893300000
42.0000000000,9.2000000000,0.2894000000
42.1000000000,9.2100000000,0.2894700000
42.2000000000,9.2200000000,0.2895400000
42.3000000000,9.2300000000,0.2896100000
42.4000000000,9.2400000000,0.2896800000
42.5000000000,9.2500000000,0.2897500000
42.6000000000,9.2600000000,0.2898200000
42.7000000000,9.2700000000,0.2898900000
42.8000000000,9.2800000000,0.2899600000
42.9000000000,9.2900000000,0.2900300000
43.0000000000,9.3000000000,0.2901000000
43.1000000000,9.3100000000,0.2901700000
43.2000000000,9.3200000000,0.2902400000
43.3000000000,9.3300000000,0.2903100000
43.4000000000,9.3400000000,0.2903800000
43.5000000000,9.3500000000,0.2904500000
43.6000000000,9.3600000000,0.2905200000
43.7000000000,9.3700000000,0.2905900000
43.8000000000,9.3800000000,0.2906600000
43.9000000000,9.3900000000,0.2907300000
44.0000000000,9.4000000000,0.2908000000
44.1000000000,9.4100000000,0.2908700000
44.2000000000,9.4200000000,0.2909400000
44.3000000000,9.4300000000,0.2910100000
44.4000000000,9.4400000000,0.2910800000
44.5000000000,9.4500000000,0.2911500000
44.6000000000,9.4600000000,0.2912200000
44.7000000000,9.4700000000,0.2912900000
44.8000000000,9.4800000000,0.2913600000
44.9000000000,9.4900000000,0.2914300000
45.0000000000,9.5000000000,0.2915000000
45.1000000000,9.5100000000,0.2915700000
45.2000000000,9.5200000000,0.2916400000
45.3000000000,9.5300000000,0.2917100000
45.4000000000,9.5400000000,0.2917800000
45.5000000000,9.5500000000,0.2918500000
45.6000000000,9.5600000000,0.2919200000
45.7000000000,9.5700000000,0.2919900000
45.8000000000,9.5800000000,0.2920600000
45.9000000000,9.5900000000,0.2921300000
46.0000000000,9.6000000000,0.2922000000
46.1000000000,9.6100000000,0.2922700000
46.2000000000,9.6200000000,0.2923400000
46.3000000000,9.6300000000,0.2924100000
46.4000000000,9.6400000000,0.2924800000
46.5000000000,9.6500000000,0.2925500000
46.6000000000,9.6600000000,0.2926200000
46.7000000000,9.6700000000,0.2926900000
46.8000000000,9.6800000000,0.2927600000
46.9000000000,9.6900000000,0.2928300000
47.0000000000,9.7000000000,0.2929000000
47.1000000000,9.7100000000,0.2929700000
47.2000000000,9.7200000000,0.2930400000
47.3000000000,9.7300000000,0.2931100000
47.4000000000,9.7400000000,0.2931800000
47.5000000000,9.7500000000,0.2932500000
47.6000000000,9.7600000000,0.2933200000
47.7000000000,9.7700000000,0.2933900000
47.8000000000,9.7800000000,0.2934600000
47.9000000000,9.7900000000,0.2935300000
48.0000000000,9.8000000000,0.2936000000
48.1000000000,9.8100000000,0.2936700000
48.2000000000,9.8200000000,0.2937400000
48.3000000000,9.8300000000,0.2938100000
48.4000000000,9.8400000000,0.2938800000
48.5000000000,9.8500000000,0.2939500000
48.6000000000,9.8600000000,0.2940200000
48.7000000000,9.8700000000,0.2940900000
48.8000000000,9.8800000000,0.2941600000
48.9000000000,9.8900000000,0.2942300000
49.0000000000,9.9000000000,0.2943000000
49.1000000000,9.9100000000,0.2943700000
49.2000000000,9.9200000000,0.2944400000
49.3000000000,9.9300000000,0.2945100000
49.4000000000,9.9400000000,0.2945800000
49.5000000000,9.9500000000,0.2946500000
49.6000000000,9.9600000000,0.2947200000
49.7000000000,9.9700000000,0.2947900000
49.8000000000,9.9800000000,0.2948600000
49.9000000000,9.9900000000,0.2949300000
50.0000000000,10.0000000000,0.2950000000
50.1000000000,10.0100000000,0.2950700000
50.2000000000,10.0200000000,0.2951400000
50.3000000000,10.0300000000,0.2952100000
50.4000000000,10.0400000000,0.2952800000
50.5000000000,10.0500000000,0.2953500000
50.6000000000,10.0600000000,0.2954200000
50.7000000000,10.0700000000,0.2954900000
50.8000000000,10.0800000000,0.2955600000
50.9000000000,10.0900000000,0.2956300000
51.0000000000,10.1000000000,0.2957000000
51.1000000000,10.1100000000,0.2957700000
51.2000000000,10.1200000000,0.2958400000
51.3000000000,10.1300000000,0.2959100000
51.4000000000,10.1400000000,0.2959800000
51.5000000000,10.1500000000,0.2960500000
51.6000000000,10.1600000000,0.2961200000
51.7000000000,10.1700000000,0.2961900000
51.8000000000,10.1800000000,0.2962600000
51.9000000000,10.1900000000,0.2963300000
52.0000000000,10.2000000000,0.2964000000
52.1000000000,10.2100000000,0.2964700000
52.2000000000,10.2200000000,0.2965400000
52.3000000000,10.2300000000,0.2966100000
52.4000000000,10.2400000000,0.2966800000
52.5000000000,10.2500000000,0.2967500000
52.6000000000,10.2600000000,0.2968200000
52.7000000000,10.2700000000,0.2968900000
52.8000000000,10.2800000000,0.2969600000
52.9000000000,10.2900000000,0.2970300000
53.0000000000,10.3000000000,0.2971000000
53.1000000000,10.3100000000,0.2971700000
53.2000000000,10.3200000000,0.2972400000
53.3000000000,10.3300000000,0.2973100000
53.4000000000,10.3400000000,0.2973800000
53.5000000000,10.3500000000,0.2974500000
53.6000000000,10.3600000000,0.2975200000
53.7000000000,10.3700000000,0.2975900000
53.8000000000,10.3800000000,0.2976600000
53.9000000000,10.3900000000,0.2977300000
54.0000000000,10.4000000000,0.2978000000
54.1000000000,10.4100000000,0.2978700000
54.2000000000,10.4200000000,0.2979400000
54.3000000000,10.4300000000,0.2980100000
54.4000000000,10.4400000000,0.2980800000
54.5000000000,10.4500000000,0.2981500000
54.6000000000,10.4600000000,0.2982200000
54.7000000000,10.4700000000,0.2982900000
54.8000000000,10.4800000000,0.2983600000
54.9000000000,10.4900000000,0.2984300000
55.0000000000,10.5000000000,0.2985000000
55.1000000000,10.5100000000,0.2985700000
55.2000000000,10.5200000000,0.2986400000
55.3000000000,10.5300000000,0.2987100000
55.4000000000,10.5400000000,0.2987800000
55.5000000000,10.5500000000,0.2988500000
55.6000000000,10.5600000000,0.2989200000
55.7000000000,10.5700000000,0.2989900000
55.8000000000,10.5800000000,0.2990600000
55.9000000000,10.5900000000,0.2991300000
56.0000000000,10.6000000000,0.2992000000
56.1000000000,10.6100000000,0.2992700000
56.2000000000,10.6200000000,0.2993400000
56.3000000000,10.6300000000,0.2994100000
56.4000000000,10.6400000000,0.2994800000
56.5000000000,10.6500000000,0.2995500000
56.6000000000,10.6600000000,0.2996200000
56.7000000000,10.6700000000,0.2996900000
56.8000000000,10.6800000000,0.2997600000
56.9000000000,10.6900000000,0.2998300000
57.0000000000,10.7000000000,0.2999000000
57.1000000000,10.7100000000,0.2999700000
57.2000000000,10.7200000000,0.3000400000
57.3000000000,10.7300000000,0.3001100000
57.4000000000,10.7400000000,0.3001800000
57.5000000000,10.7500000000,0.3002500000
57.6000000000,10.7600000000,0.3003200000
57.7000000000,10.7700000000,0.3003900000
57.8000000000,10.7800000000,0.3004600000
57.9000000000,10.7900000000,0.3005300000
58.0000000000,10.8000000000,0.3006000000
58.1000000000,10.8100000000,0.3006700000
58.2000000000,10.8200000000,0.3007400000
58.3000000000,10.8300000000,0.3008100000
58.4000000000,10.8400000000,0.3008800000
58.5000000000,10.8500000000,0.3009500000
58.6000000000,10.8600000000,0.3010200000
58.7000000000,10.8700000000,0.3010900000
58.8000000000,10.8800000000,0.3011600000
58.9000000000,10.8900000000,0.3012300000
59.0000000000,10.9000000000,0.3013000000
59.1000000000,10.9100000000,0.3013700000
59.2000000000,10.9200000000,0.3014400000
59.3000000000,10.9300000000,0.3015100000
59.4000000000,10.9400000000,0.3015800000
59.5000000000,10.9500000000,0.3016500000
59.6000000000,10.9600000000,0.3017200000
59.7000000000,10.9700000000,0.3017900000
59.8000000000,10.9800000000,0.3018600000
59.9000000000,10.9900000000,0.3019300000
60.0000000000,11.0000000000,0.3020000000
60.1000000000,11.0100000000,0.3020700000
60.2000000000,11.0200000000,0.3021400000
60.3000000000,11.0300000000,0.3022100000
60.4000000000,11.0400000000,0.3022800000
60.5000000000,11.0500000000,0.3023500000
60.6000000000,11.0600000000,0.3024200000
60.7000000000,11.0700000000,0.3024900000
60.8000000000,11.0800000000,0.3025600000
60.9000000000,11.0900000000,0.3026300000
61.0000000000,11.1000000000,0.3027000000
61.1000000000,11.1100000000,0.3027700000
61.2000000000,11.1200000000,0.3028400000
61.3000000000,11.1300000000,0.3029100000
61.4000000000,11.1400000000,0.3029800000
61.5000000000,11.1500000000,0.3030500000
61.6000000000,11.1600000000,0.3031200000
61.7000000000,11.1700000000,0.3031900000
61.8000000000,11.1800000000,0.3032600000
61.9000000000,11.1900000000,0.3033300000
62.0000000000,11.2000000000,0.3034000000
62.1000000000,11.2100000000,0.3034700000
62.2000000000,11.2200000000,0.3035400000
62.3000000000,11.2300000000,0.3036100000
62.4000000000,11.2400000000,0.3036800000
62.5000000000,11.2500000000,0.3037500000
62.6000000000,11.2600000000,0.3038200000
62.7000000000,11.2700000000,0.3038900000
62.8000000000,11.2800000000,0.3039600000
62.9000000000,11.2900000000,0.3040300000
63.0000000000,11.3000000000,0.3041000000
63.1000000000,11.3100000000,0.3041700000
63.2000000000,11.3200000000,0.3042400000
63.3000000000,11.3300000000,0.3043100000
63.4000000000,11.3400000000,0.3043800000
63.5000000000,11.3500000000,0.3044500000
63.6000000000,11.3600000000,0.3045200000
63.7000000000,11.3700000000,0.3045900000
63.8000000000,11.3800000000,0.3046600000
63.9000000000,11.3900000000,0.3047300000
64.0000000000,11.4000000000,0.3048000000
64.1000000000,11.4100000000,0.3048700000
64.2000000000,11.4200000000,0.3049400000
64.3000000000,11.4300000000,0.3050100000
64.4000000000,11.4400000000,0.3050800000
64.5000000000,11.4500000000,0.3051500000
64.6000000000,11.4600000000,0.3052200000
64.7000000000,11.4700000000,0.3052900000
64.8000000000,11.4800000000,0.3053600000
64.9000000000,11.4900000000,0.3054300000
65.0000000000,11.5000000000,0.3055000000
65.1000000000,11.5100000000,0.3055700000
65.2000000000,11.5200000000,0.3056400000
65.3000000000,11.5300000000,0.3057100000
65.4000000000,11.5400000000,0.3057800000
65.5000000000,11.5500000000,0.3058500000
65.6000000000,11.5600000000,0.3059200000
65.7000000000,11.5700000000,0.3059900000
65.8000000000,11.5800000000,0.3060600000
65.9000000000,11.5900000000,0.3061300000
66.0000000000,11.6000000000,0.3062000000
66.1000000000,11.6100000000,0.3062700000
66.2000000000,11.6200000000,0.3063400000
66.3000000000,11.6300000000,0.3064100000
66.4000000000,11.6400000000,0.3064800000
66.5000000000,11.6500000000,0.3065500000
66.6000000000,11.6600000000,0.3066200000
66.7000000000,11.6700000000,0.3066900000
66.8000000000,11.6800000000,0.3067600000
66.9000000000,11.6900000000,0.3068300000
67.0000000000,11.7000000000,0.3069000000
67.1000000000,11.7100000000,0.3069700000
67.2000000000,11.7200000000,0.3070400000
67.3000000000,11.7300000000,0.3071100000
67.4000000000,11.7400000000,0.3071800000
67.5000000000,11.7500000000,0.3072500000
67.6000000000,11.7600000000,0.3073200000
67.7000000000,11.7700000000,0.3073900000
67.8000000000,11.7800000000,0.3074600000
67.9000000000,11.7900000000,0.3075300000
68.0000000000,11.8000000000,0.3076000000
68.1000000000,11.8100000000,0.3076700000
68.2000000000,11.8200000000,0.3077400000
68.3000000000,11.8300000000,0.3078100000
68.4000000000,11.8400000000,0.3078800000
68.5000000000,11.8500000000,0.3079500000
68.6000000000,11.8600000000,0.3080200000
68.7000000000,11.8700000000,0.3080900000
68.8000000000,11.8800000000,0.3081600000
68.9000000000,11.8900000000,0.3082300000
69.0000000000,11.9000000000,0.3083000000
69.1000000000,11.9100000000,0.3083700000
69.2000000000,11.9200000000,0.3084400000
69.3000000000,11.9300000000,0.3085100000
69.4000000000,11.9400000000,0.3085800000
69.5000000000,11.9500000000,0.3086500000
69.6000000000,11.9600000000,0.3087200000
69.7000000000,11.9700000000,0.3087900000
69.8000000000,11.9800000000,0.3088600000
69.9000000000,11.9900000000,0.3089300000
70.0000000000,12.0000000000,0.3090000000
70.1000000000,12.0100000000,0.3090700000
70.2000000000,12.0200000000,0.3091400000
70.3000000000,12.0300000000,0.3092100000
70.4000000000,12.0400000000,0.3092800000
70.5000000000,12.0500000000,0.3093500000
70.6000000000,12.0600000000,0.3094200000
70.7000000000,12.0700000000,0.3094900000
70.8000000000,12.0800000000,0.3095600000
70.9000000000,12.0900000000,0.3096300000
71.0000000000,12.1000000000,0.3097000000
71.1000000000,12.1100000000,0.3097700000
71.2000000000,12.1200000000,0.3098400000
71.3000000000,12.1300000000,0.3099100000
71.4000000000,12.1400000000,0.3099800000
71.5000000000,12.1500000000,0.3100500000
71.6000000000,12.1600000000,0.3101200000
71.7000000000,12.1700000000,0.3101900000
71.8000000000,12.1800000000,0.3102600000
71.9000000000,12.1900000000,0.3103300000
72.0000000000,12.2000000000,0.3104000000
72.1000000000,12.2100000000,0.3104700000
72.2000000000,12.2200000000,0.3105400000
72.3000000000,12.2300000000,0.3106100000
72.4000000000,12.2400000000,0.3106800000
72.5000000000,12.2500000000,0.3107500000
72.6000000000,12.2600000000,0.3108200000
72.7000000000,12.2700000000,0.3108900000
72.8000000000,12.2800000000,0.3109600000
72.9000000000,12.2900000000,0.3110300000
73.0000000000,12.3000000000,0.3111000000
73.1000000000,12.3100000000,0.3111700000
73.2000000000,12.3200000000,0.3112400000
73.3000000000,12.3300000000,0.3113100000
73.4000000000,12.3400000000,0.3113800000
73.5000000000,12.3500000000,0.3114500000
73.6000000000,12.3600000000,0.3115200000
73.7000000000,12.3700000000,0.3115900000
73.8000000000,12.3800000000,0.3116600000
73.9000000000,12.3900000000,0.3117300000
74.0000000000,12.4000000000,0.3118000000
74.1000000000,12.4100000000,0.3118700000
74.2000000000,12.4200000000,0.3119400000
74.3000000000,12.4300000000,0.3120100000
74.4000000000,12.4400000000,0.3120800000
74.5000000000,12.4500000000,0.3121500000
74.6000000000,12.4600000000,0.3122200000
74.7000000000,12.4700000000,0.3122900000
74.8000000000,12.4800000000,0.3123600000
74.9000000000,12.4900000000,0.3124300000
75.0000000000,12.5000000000,0.3125000000
75.1000000000,12.5100000000,0.3125700000
75.2000000000,12.5200000000,0.3126400000
75.3000000000,12.5300000000,0.3127100000
75.4000000000,12.5400000000,0.3127800000
75.5000000000,12.5500000000,0.3128500000
75.6000000000,12.5600000000,0.3129200000
75.7000000000,12.5700000000,0.3129900000
75.8000000000,12.5800000000,0.3130600000
75.9000000000,12.5900000000,0.3131300000
76.0000000000,12.6000000000,0.3132000000
76.1000000000,12.6100000000,0.3132700000
76.2000000000,12.6200000000,0.3133400000
76.3000000000,12.6300000000,0.3134100000
76.4000000000,12.6400000000,0.3134800000
76.5000000000,12.6500000000,0.3135500000
76.6000000000,12.6600000000,0.3136200000
76.7000000000,12.6700000000,0.3136900000
76.8000000000,12.6800000000,0.3137600000
76.9000000000,12.6900000000,0.3138300000
77.0000000000,12.7000000000,0.3139000000
77.1000000000,12.7100000000,0.3139700000
77.2000000000,12.7200000000,0.3140400000
77.3000000000,12.7300000000,0.3141100000
77.4000000000,12.7400000000,0.3141800000
77.5000000000,12.7500000000,0.3142500000
77.6000000000,12.7600000000,0.3143200000
77.7000000000,12.7700000000,0.3143900000
77.8000000000,12.7800000000,0.3144600000
77.9000000000,12.7900000000,0.3145300000
78.0000000000,12.8000000000,0.3146000000
78.1000000000,12.8100000000,0.3146700000
78.2000000000,12.8200000000,0.3147400000
78.3000000000,12.8300000000,0.3148100000
78.4000000000,12.8400000000,0.3148800000
78.5000000000,12.8500000000,0.3149500000
78.6000000000,12.8600000000,0.3150200000
78.7000000000,12.8700000000,0.3150900000
78.8000000000,12.8800000000,0.3151600000
78.9000000000,12.8900000000,0.3152300000
79.0000000000,12.9000000000,0.3153000000
79.1000000000,12.9100000000,0.3153700000
79.2000000000,12.9200000000,0.3154400000
79.3000000000,12.9300000000,0.3155100000
79.4000000000,12.9400000000,0.3155800000
79.5000000000,12.9500000000,0.3156500000
79.6000000000,12.9600000000,0.3157200000
79.7000000000,12.9700000000,0.3157900000
79.8000000000,12.9800000000,0.3158600000
79.9000000000,12.9900000000,0.3159300000
80.0000000000,13.0000000000,0.3160000000
80.1000000000,13.0100000000,0.3160700000
80.2000000000,13.0200000000,0.3161400000
80.3000000000,13.0300000000,0.3162100000
80.4000000000,13.0400000000,0.3162800000
80.5000000000,13.0500000000,0.3163500000
80.6000000000,13.0600000000,0.3164200000
80.7000000000,13.0700000000,0.3164900000
80.8000000000,13.0800000000,0.3165600000
80.9000000000,13.0900000000,0.3166300000
81.0000000000,13.1000000000,0.3167000000
81.1000000000,13.1100000000,0.3167700000
81.2000000000,13.1200000000,0.3168400000
81.3000000000,13.1300000000,0.3169100000
81.4000000000,13.1400000000,0.3169800000
81.5000000000,13.1500000000,0.3170500000
81.6000000000,13.1600000000,0.3171200000
81.7000000000,13.1700000000,0.3171900000
81.8000000000,13.1800000000,0.3172600000
81.9000000000,13.1900000000,0.3173300000
82.0000000000,13.2000000000,0.3174000000
82.1000000000,13.2100000000,0.3174700000
82.2000000000,13.2200000000,0.3175400000
82.3000000000,13.2300000000,0.3176100000
82.4000000000,13.2400000000,0.3176800000
82.5000000000,13.2500000000,0.3177500000
82.6000000000,13.2600000000,0.3178200000
82.7000000000,13.2700000000,0.3178900000
82.8000000000,13.2800000000,0.3179600000
82.9000000000,13.2900000000,0.3180300000
83.0000000000,13.3000000000,0.3181000000
83.1000000000,13.3100000000,0.3181700000
83.2000000000,13.3200000000,0.3182400000
83.3000000000,13.3300000000,0.3183100000
83.4000000000,13.3400000000,0.3183800000
83.5000000000,13.3500000000,0.3184500000
83.6000000000,13.3600000000,0.3185200000
83.7000000000,13.3700000000,0.3185900000
83.8000000000,13.3800000000,0.3186600000
83.9000000000,13.3900000000,0.3187300000
84.0000000000,13.4000000000,0.3188000000
84.1000000000,13.4100000000,0.3188700000
84.2000000000,13.4200000000,0.3189400000
84.3000000000,13.4300000000,0.3190100000
84.4000000000,13.4400000000,0.3190800000
84.5000000000,13.4500000000,0.3191500000
84.6000000000,13.4600000000,0.3192200000
84.7000000000,13.4700000000,0.3192900000
84.8000000000,13.4800000000,0.3193600000
84.9000000000,13.4900000000,0.3194300000
85.0000000000,13.5000000000,0.3195000000
85.1000000000,13.5100000000,0.3195700000
85.2000000000,13.5200000000,0.3196400000
85.3000000000,13.5300000000,0.3197100000
85.4000000000,13.5400000000,0.3197800000
85.5000000000,13.5500000000,0.3198500000
85.6000000000,13.5600000000,0.3199200000
85.7000000000,13.5700000000,0.3199900000
85.8000000000,13.5800000000,0.3200600000
85.9000000000,13.5900000000,0.3201300000
86.0000000000,13.6000000000,0.3202000000
86.1000000000,13.6100000000,0.3202700000
86.2000000000,13.6200000000,0.3203400000
86.3000000000,13.6300000000,0.3204100000
86.4000000000,13.6400000000,0.3204800000
86.5000000000,13.6500000000,0.3205500000
86.6000000000,13.6600000000,0.3206200000
86.7000000000,13.6700000000,0.3206900000
86.8000000000,13.6800000000,0.3207600000
86.9000000000,13.6900000000,0.3208300000
87.0000000000,13.7000000000,0.3209000000
87.1000000000,13.7100000000,0.3209700000
87.2000000000,13.7200000000,0.3210400000
87.3000000000,13.7300000000,0.3211100000
87.4000000000,13.7400000000,0.3211800000
87.5000000000,13.7500000000,0.3212500000
87.6000000000,13.7600000000,0.3213200000
87.7000000000,13.7700000000,0.3213900000
87.8000000000,13.7800000000,0.3214600000
87.9000000000,13.7900000000,0.3215300000
88.0000000000,13.8000000000,0.3216000000
88.1000000000,13.8100000000,0.3216700000
88.2000000000,13.8200000000,0.3217400000
88.3000000000,13.8300000000,0.3218100000
88.4000000000,13.8400000000,0.3218800000
88.5000000000,13.8500000000,0.3219500000
88.6000000000,13.8600000000,0.3220200000
88.7000000000,13.8700000000,0.3220900000
88.8000000000,13.8800000000,0.3221600000
88.9000000000,13.8900000000,0.3222300000
89.0000000000,13.9000000000,0.3223000000
89.1000000000,13.9100000000,0.3223700000
89.2000000000,13.9200000000,0.3224400000
89.3000000000,13.9300000000,0.3225100000
89.4000000000,13.9400000000,0.3225800000
89.5000000000,13.9500000000,0.3226500000
89.6000000000,13.9600000000,0.3227200000
89.7000000000,13.9700000000,0.3227900000
89.8000000000,13.9800000000,0.3228600000
89.9000000000,13.9900000000,0.3229300000
90.0000000000,14.0000000000,0.3230000000
90.1000000000,14.0100000000,0.3230700000
90.2000000000,14.0200000000,0.3231400000
90.3000000000,14.0300000000,0.3232100000
90.4000000000,14.0400000000,0.3232800000
90.5000000000,14.0500000000,0.3233500000
90.6000000000,14.0600000000,0.3234200000
90.7000000000,14.0700000000,0.3234900000
90.8000000000,14.0800000000,0.3235600000
90.9000000000,14.0900000000,0.3236300000
91.0000000000,14.1000000000,0.3237000000
91.1000000000,14.1100000000,0.3237700000
91.2000000000,14.1200000000,0.3238400000
91.3000000000,14.1300000000,0.3239100000
91.4000000000,14.1400000000,0.3239800000
91.5000000000,14.1500000000,0.3240500000
91.6000000000,14.1600000000,0.3241200000
91.7000000000,14.1700000000,0.3241900000
91.8000000000,14.1800000000,0.3242600000
91.9000000000,14.1900000000,0.3243300000
92.0000000000,14.2000000000,0.3244000000
92.1000000000,14.2100000000,0.3244700000
92.2000000000,14.2200000000,0.3245400000
92.3000000000,14.2300000000,0.3246100000
92.4000000000,14.2400000000,0.3246800000
92.5000000000,14.2500000000,0.3247500000
92.6000000000,14.2600000000,0.3248200000
92.7000000000,14.2700000000,0.3248900000
92.8000000000,14.2800000000,0.3249600000
92.9000000000,14.2900000000,0.3250300000
93.0000000000,14.3000000000,0.3251000000
93.1000000000,14.3100000000,0.3251700000
93.2000000000,14.3200000000,0.3252400000
93.3000000000,14.3300000000,0.3253100000
93.4000000000,14.3400000000,0.3253800000
93.5000000000,14.3500000000,0.3254500000
93.6000000000,14.3600000000,0.3255200000
93.7000000000,14.3700000000,0.3255900000
93.8000000000,14.3800000000,0.3256600000
93.9000000000,14.3900000000,0.3257300000
94.0000000000,14.4000000000,0.3258000000
94.1000000000,14.4100000000,0.3258700000
94.2000000000,14.4200000000,0.3259400000
94.3000000000,14.4300000000,0.3260100000
94.4000000000,14.4400000000,0.3260800000
94.5000000000,14.4500000000,0.3261500000
94.6000000000,14.4600000000,0.3262200000
94.7000000000,14.4700000000,0.3262900000
94.8000000000,14.4800000000,0.3263600000
94.9000000000,14.4900000000,0.3264300000
95.0000000000,14.5000000000,0.3265000000
95.1000000000,14.5100000000,0.3265700000
95.2000000000,14.5200000000,0.3266400000
95.3000000000,14.5300000000,0.3267100000
95.4000000000,14.5400000000,0.3267800000
95.5000000000,14.5500000000,0.3268500000
95.6000000000,14.5600000000,0.3269200000
95.7000000000,14.5700000000,0.3269900000
95.8000000000,14.5800000000,0.3270600000
95.9000000000,14.5900000000,0.3271300000
96.0000000000,14.6000000000,0.3272000000
96.1000000000,14.6100000000,0.3272700000
96.2000000000,14.6200000000,0.3273400000
96.3000000000,14.6300000000,0.3274100000
96.4000000000,14.6400000000,0.3274800000
96.5000000000,14.6500000000,0.3275500000
96.6000000000,14.6600000000,0.3276200000
96.7000000000,14.6700000000,0.3276900000
96.8000000000,14.6800000000,0.3277600000
96.9000000000,14.6900000000,0.3278300000
97.0000000000,14.7000000000,0.3279000000
97.1000000000,14.7100000000,0.3279700000
97.2000000000,14.7200000000,0.3280400000
97.3000000000,14.7300000000,0.3281100000
97.4000000000,14.7400000000,0.3281800000
97.5000000000,14.7500000000,0.3282500000
97.6000000000,14.7600000000,0.3283200000
97.7000000000,14.7700000000,0.3283900000
97.8000000000,14.7800000000,0.3284600000
97.9000000000,14.7900000000,0.3285300000
98.0000000000,14.8000000000,0.3286000000
98.1000000000,14.8100000000,0.3286700000
98.2000000000,14.8200000000,0.3287400000
98.3000000000,14.8300000000,0.3288100000
98.4000000000,14.8400000000,0.3288800000
98.5000000000,14.8500000000,0.3289500000
98.6000000000,14.8600000000,0.3290200000
98.7000000000,14.8700000000,0.3290900000
98.8000000000,14.8800000000,0.3291600000
98.9000000000,14.8900000000,0.3292300000
99.0000000000,14.9000000000,0.3293000000
99.1000000000,14.9100000000,0.3293700000
99.2000000000,14.9200000000,0.3294400000
99.3000000000,14.9300000000,0.3295100000
99.4000000000,14.9400000000,0.3295800000
99.5000000000,14.9500000000,0.3296500000
99.6000000000,14.9600000000,0.3297200000
99.7000000000,14.9700000000,0.3297900000
99.8000000000,14.9800000000,0.3298600000
99.9000000000,14.9900000000,0.3299300000
100.0000000000,15.0000000000,0.3300000000
100.1000000000,15.0100000000,0.3300700000
100.2000000000,15.0200000000,0.3301400000
100.3000000000,15.0300000000,0.3302100000
100.4000000000,15.0400000000,0.3302800000
100.5000000000,15.0500000000,0.3303500000
100.6000000000,15.0600000000,0.3304200000
100.7000000000,15.0700000000,0.3304900000
100.8000000000,15.0800000000,0.3305600000
100.9000000000,15.0900000000,0.3306300000
101.0000000000,15.1000000000,0.3307000000
101.1000000000,15.1100000000,0.3307700000
101.2000000000,15.1200000000,0.3308400000
101.3000000000,15.1300000000,0.3309100000
101.4000000000,15.1400000000,0.3309800000
101.5000000000,15.1500000000,0.3310500000
101.6000000000,15.1600000000,0.3311200000
101.7000000000,15.1700000000,0.3311900000
101.8000000000,15.1800000000,0.3312600000
101.9000000000,15.1900000000,0.3313300000
102.0000000000,15.2000000000,0.3314000000
102.1000000000,15.2100000000,0.3314700000
102.2000000000,15.2200000000,0.3315400000
102.3000000000,15.2300000000,0.3316100000
102.4000000000,15.2400000000,0.3316800000
102.5000000000,15.2500000000,0.3317500000
102.6000000000,15.2600000000,0.3318200000
102.7000000000,15.2700000000,0.3318900000
102.8000000000,15.2800000000,0.3319600000
102.9000000000,15.2900000000,0.3320300000
103.0000000000,15.3000000000,0.3321000000
103.1000000000,15.3100000000,0.3321700000
103.2000000000,15.3200000000,0.3322400000
103.3000000000,15.3300000000,0.3323100000
103.4000000000,15.3400000000,0.3323800000
103.5000000000,15.3500000000,0.3324500000
103.6000000000,15.3600000000,0.3325200000
103.7000000000,15.3700000000,0.3325900000
103.8000000000,15.3800000000,0.3326600000
103.9000000000,15.3900000000,0.3327300000
104.0000000000,15.4000000000,0.3328000000
104.1000000000,15.4100000000,0.3328700000
104.2000000000,15.4200000000,0.3329400000
104.3000000000,15.4300000000,0.3330100000
104.4000000000,15.4400000000,0.3330800000
104.5000000000,15.4500000000,0.3331500000
104.6000000000,15.4600000000,0.3332200000
104.7000000000,15.4700000000,0.3332900000
104.8000000000,15.4800000000,0.3333600000
104.9000000000,15.4900000000,0.3334300000
105.0000000000,15.5000000000,0.3335000000
105.1000000000,15.5100000000,0.3335700000
105.2000000000,15.5200000000,0.3336400000
105.3000000000,15.5300000000,0.3337100000
105.4000000000,15.5400000000,0.3337800000
105.5000000000,15.5500000000,0.3338500000
105.6000000000,15.5600000000,0.3339200000
105.7000000000,15.5700000000,0.3339900000
105.8000000000,15.5800000000,0.3340600000
105.9000000000,15.5900000000,0.3341300000
106.0000000000,15.6000000000,0.3342000000
106.1000000000,15.6100000000,0.3342700000
106.2000000000,15.6200000000,0.3343400000
106.3000000000,15.6300000000,0.3344100000
106.4000000000,15.6400000000,0.3344800000
106.5000000000,15.6500000000,0.3345500000
106.6000000000,15.6600000000,0.3346200000
106.7000000000,15.6700000000,0.3346900000
106.8000000000,15.6800000000,0.3347600000
106.9000000000,15.6900000000,0.3348300000
107.0000000000,15.7000000000,0.3349000000
107.1000000000,15.7100000000,0.3349700000
107.2000000000,15.7200000000,0.3350400000
107.3000000000,15.7300000000,0.3351100000
107.4000000000,15.7400000000,0.3351800000
107.5000000000,15.7500000000,0.3352500000
107.6000000000,15.7600000000,0.3353200000
107.7000000000,15.7700000000,0.3353900000
107.8000000000,15.7800000000,0.3354600000
107.9000000000,15.7900000000,0.3355300000
108.0000000000,15.8000000000,0.3356000000
108.1000000000,15.8100000000,0.3356700000
108.2000000000,15.8200000000,0.3357400000
108.3000000000,15.8300000000,0.3358100000
108.4000000000,15.8400000000,0.3358800000
108.5000000000,15.8500000000,0.3359500000
108.6000000000,15.8600000000,0.3360200000
108.7000000000,15.8700000000,0.3360900000
108.8000000000,15.8800000000,0.3361600000
108.9000000000,15.8900000000,0.3362300000
109.0000000000,15.9000000000,0.3363000000
109.1000000000,15.9100000000,0.3363700000
109.2000000000,15.9200000000,0.3364400000
109.3000000000,15.9300000000,0.3365100000
109.4000000000,15.9400000000,0.3365800000
109.5000000000,15.9500000000,0.3366500000
109.6000000000,15.9600000000,0.3367200000
109.7000000000,15.9700000000,0.3367900000
109.8000000000,15.9800000000,0.3368600000
109.9000000000,15.9900000000,0.3369300000
110.0000000000,16.0000000000,0.3370000000
110.1000000000,16.0100000000,0.3370700000
110.2000000000,16.0200000000,0.3371400000
110.3000000000,16.0300000000,0.3372100000
110.4000000000,16.0400000000,0.3372800000
110.5000000000,16.0500000000,0.3373500000
110.6000000000,16.0600000000,0.3374200000
110.7000000000,16.0700000000,0.3374900000
110.8000000000,16.0800000000,0.3375600000
110.9000000000,16.0900000000,0.3376300000
111.0000000000,16.1000000000,0.3377000000
111.1000000000,16.1100000000,0.3377700000
111.2000000000,16.1200000000,0.3378400000
111.3000000000,16.1300000000,0.3379100000
111.4000000000,16.1400000000,0.3379800000
111.5000000000,16.1500000000,0.3380500000
111.6000000000,16.1600000000,0.3381200000
111.7000000000,16.1700000000,0.3381900000
111.8000000000,16.1800000000,0.3382600000
111.9000000000,16.1900000000,0.3383300000
112.0000000000,16.2000000000,0.3384000000
112.1000000000,16.2100000000,0.3384700000
112.2000000000,16.2200000000,0.3385400000
112.3000000000,16.2300000000,0.3386100000
112.4000000000,16.2400000000,0.3386800000
112.5000000000,16.2500000000,0.3387500000
112.6000000000,16.2600000000,0.3388200000
112.7000000000,16.2700000000,0.3388900000
112.8000000000,16.2800000000,0.3389600000
112.9000000000,16.2900000000,0.3390300000
113.0000000000,16.3000000000,0.3391000000
113.1000000000,16.3100000000,0.3391700000
113.2000000000,16.3200000000,0.3392400000
113.3000000000,16.3300000000,0.3393100000
113.4000000000,16.3400000000,0.3393800000
113.5000000000,16.3500000000,0.3394500000
113.6000000000,16.3600000000,0.3395200000
113.7000000000,16.3700000000,0.3395900000
113.8000000000,16.3800000000,0.3396600000
113.9000000000,16.3900000000,0.3397300000
114.0000000000,16.4000000000,0.3398000000
114.1000000000,16.4100000000,0.3398700000
114.2000000000,16.4200000000,0.3399400000
114.3000000000,16.4300000000,0.3400100000
114.4000000000,16.4400000000,0.3400800000
114.5000000000,16.4500000000,0.3401500000
114.6000000000,16.4600000000,0.3402200000
114.7000000000,16.4700000000,0.3402900000
114.8000000000,16.4800000000,0.3403600000
114.9000000000,16.4900000000,0.3404300000
115.0000000000,16.5000000000,0.3405000000
115.1000000000,16.5100000000,0.3405700000
115.2000000000,16.5200000000,0.3406400000
115.3000000000,16.5300000000,0.3407100000
115.4000000000,16.5400000000,0.3407800000
115.5000000000,16.5500000000,0.3408500000
115.6000000000,16.5600000000,0.3409200000
115.7000000000,16.5700000000,0.3409900000
115.8000000000,16.5800000000,0.3410600000
115.9000000000,16.5900000000,0.3411300000
116.0000000000,16.6000000000,0.3412000000
116.1000000000,16.6100000000,0.3412700000
116.2000000000,16.6200000000,0.3413400000
116.3000000000,16.6300000000,0.3414100000
116.4000000000,16.6400000000,0.3414800000
116.5000000000,16.6500000000,0.3415500000
116.6000000000,16.6600000000,0.3416200000
116.7000000000,16.6700000000,0.3416900000
116.8000000000,16.6800000000,0.3417600000
116.9000000000,16.6900000000,0.3418300000
117.0000000000,16.7000000000,0.3419000000
117.1000000000,16.7100000000,0.3419700000
117.2000000000,16.7200000000,0.3420400000
117.3000000000,16.7300000000,0.3421100000
117.4000000000,16.7400000000,0.3421800000
117.5000000000,16.7500000000,0.3422500000
117.6000000000,16.7600000000,0.3423200000
117.7000000000,16.7700000000,0.3423900000
117.8000000000,16.7800000000,0.3424600000
117.9000000000,16.7900000000,0.3425300000
118.0000000000,16.8000000000,0.3426000000
118.1000000000,16.8100000000,0.3426700000
118.2000000000,16.8200000000,0.3427400000
118.3000000000,16.8300000000,0.3428100000
118.4000000000,16.8400000000,0.3428800000
118.5000000000,16.8500000000,0.3429500000
118.6000000000,16.8600000000,0.3430200000
118.7000000000,16.8700000000,0.3430900000
118.8000000000,16.8800000000,0.3431600000
118.9000000000,16.8900000000,0.3432300000
119.0000000000,16.9000000000,0.3433000000
119.1000000000,16.9100000000,0.3433700000
119.2000000000,16.9200000000,0.3434400000
119.3000000000,16.9300000000,0.3435100000
119.4000000000,16.9400000000,0.3435800000
119.5000000000,16.9500000000,0.3436500000
119.6000000000,16.9600000000,0.3437200000
119.7000000000,16.9700000000,0.3437900000
119.8000000000,16.9800000000,0.3438600000
119.9000000000,16.9900000000,0.3439300000
120.0000000000,17.0000000000,0.3440000000
120.1000000000,17.0100000000,0.3440700000
120.2000000000,17.0200000000,0.3441400000
120.3000000000,17.0300000000,0.3442100000
120.4000000000,17.0400000000,0.3442800000
120.5000000000,17.0500000000,0.3443500000
120.6000000000,17.0600000000,0.3444200000
120.7000000000,17.0700000000,0.3444900000
120.8000000000,17.0800000000,0.3445600000
120.9000000000,17.0900000000,0.3446300000
121.0000000000,17.1000000000,0.3447000000
121.1000000000,17.1100000000,0.3447700000
121.2000000000,17.1200000000,0.3448400000
121.3000000000,17.1300000000,0.3449100000
121.4000000000,17.1400000000,0.3449800000
121.5000000000,17.1500000000,0.3450500000
121.6000000000,17.1600000000,0.3451200000
121.7000000000,17.1700000000,0.3451900000
121.8000000000,17.1800000000,0.3452600000
121.9000000000,17.1900000000,0.3453300000
122.0000000000,17.2000000000,0.3454000000
122.1000000000,17.2100000000,0.3454700000
122.2000000000,17.2200000000,0.3455400000
122.3000000000,17.2300000000,0.3456100000
122.4000000000,17.2400000000,0.3456800000
122.5000000000,17.2500000000,0.3457500000
122.6000000000,17.2600000000,0.3458200000
122.7000000000,17.2700000000,0.3458900000
122.8000000000,17.2800000000,0.3459600000
122.9000000000,17.2900000000,0.3460300000
123.0000000000,17.3000000000,0.3461000000
123.1000000000,17.3100000000,0.3461700000
123.2000000000,17.3200000000,0.3462400000
123.3000000000,17.3300000000,0.3463100000
123.4000000000,17.3400000000,0.3463800000
123.5000000000,17.3500000000,0.3464500000
123.6000000000,17.3600000000,0.3465200000
123.7000000000,17.3700000000,0.3465900000
123.8000000000,17.3800000000,0.3466600000
123.9000000000,17.3900000000,0.3467300000
124.0000000000,17.4000000000,0.3468000000
124.1000000000,17.4100000000,0.3468700000
124.2000000000,17.4200000000,0.3469400000
124.3000000000,17.4300000000,0.3470100000
124.4000000000,17.4400000000,0.3470800000
124.5000000000,17.4500000000,0.3471500000
124.6000000000,17.4600000000,0.3472200000
124.7000000000,17.4700000000,0.3472900000
124.8000000000,17.4800000000,0.3473600000
124.9000000000,17.4900000000,0.3474300000
125.0000000000,17.5000000000,0.3475000000
125.1000000000,17.5100000000,0.3475700000
125.2000000000,17.5200000000,0.3476400000
125.3000000000,17.5300000000,0.3477100000
125.4000000000,17.5400000000,0.3477800000
125.5000000000,17.5500000000,0.3478500000
125.6000000000,17.5600000000,0.3479200000
125.7000000000,17.5700000000,0.3479900000
125.8000000000,17.5800000000,0.3480600000
125.9000000000,17.5900000000,0.3481300000
126.0000000000,17.6000000000,0.3482000000
126.1000000000,17.6100000000,0.3482700000
126.2000000000,17.6200000000,0.3483400000
126.3000000000,17.6300000000,0.3484100000
126.4000000000,17.6400000000,0.3484800000
126.5000000000,17.6500000000,0.3485500000
126.6000000000,17.6600000000,0.3486200000
126.7000000000,17.6700000000,0.3486900000
126.8000000000,17.6800000000,0.3487600000
126.9000000000,17.6900000000,0.3488300000
127.0000000000,17.7000000000,0.3489000000
127.1000000000,17.7100000000,0.3489700000
127.2000000000,17.7200000000,0.3490400000
127.3000000000,17.7300000000,0.3491100000
127.4000000000,17.7400000000,0.3491800000
127.5000000000,17.7500000000,0.3492500000
127.6000000000,17.7600000000,0.3493200000
127.7000000000,17.7700000000,0.3493900000
127.8000000000,17.7800000000,0.3494600000
127.9000000000,17.7900000000,0.3495300000
128.0000000000,17.8000000000,0.3496000000
128.1000000000,17.8100000000,0.3496700000
128.2000000000,17.8200000000,0.3497400000
128.3000000000,17.8300000000,0.3498100000
128.4000000000,17.8400000000,0.3498800000
128.5000000000,17.8500000000,0.3499500000
128.6000000000,17.8600000000,0.3500200001
128.7000000000,17.8700000000,0.3500900001
128.8000000000,17.8800000000,0.3501600001
128.9000000000,17.8900000000,0.3502300001
129.0000000000,17.9000000000,0.3503000001
129.1000000000,17.9100000000,0.3503700001
129.2000000000,17.9200000000,0.3504400001
129.3000000000,17.9300000000,0.3505100001
129.4000000000,17.9400000000,0.3505800001
129.5000000000,17.9500000000,0.3506500002
129.6000000000,17.9600000000,0.3507200002
129.7000000000,17.9700000000,0.3507900002
129.8000000000,17.9800000000,0.3508600003
129.9000000000,17.9900000000,0.3509300003
130.0000000000,18.0000000000,0.3510000003
130.1000000000,18.0100000000,0.3510700004
130.2000000000,18.0200000000,0.3511400004
130.3000000000,18.0300000000,0.3512100005
130.4000000000,18.0400000000,0.3512800006
130.5000000000,18.0500000000,0.3513500006
130.6000000000,18.0600000000,0.3514200007
130.7000000000,18.0700000000,0.3514900008
130.8000000000,18.0800000000,0.3515600009
130.9000000000,18.0900000000,0.3516300011
131.0000000000,18.1000000000,0.3517000012
131.1000000000,18.1100000000,0.3517700014
131.2000000000,18.1200000000,0.3518400016
131.3000000000,18.1300000000,0.3519100018
131.4000000000,18.1400000000,0.3519800020
131.5000000000,18.1500000000,0.3520500023
131.6000000000,18.1600000000,0.3521200026
131.7000000000,18.1700000000,0.3521900029
131.8000000000,18.1800000000,0.3522600033
131.9000000000,18.1900000000,0.3523300038
132.0000000000,18.2000000000,0.3524000043
132.1000000000,18.2100000000,0.3524700048
132.2000000000,18.2200000000,0.3525400055
132.3000000000,18.2300000000,0.3526100062
132.4000000000,18.2400000000,0.3526800070
132.5000000000,18.2500000000,0.3527500079
132.6000000000,18.2600000000,0.3528200089
132.7000000000,18.2700000000,0.3528900101
132.8000000000,18.2800000000,0.3529600114
132.9000000000,18.2900000000,0.3530300128
133.0000000000,18.3000000000,0.3531000145
133.1000000000,18.3100000000,0.3531700163
133.2000000000,18.3200000000,0.3532400184
133.3000000000,18.3300000000,0.3533100207
133.4000000000,18.3400000000,0.3533800233
133.5000000000,18.3500000000,0.3534500262
133.6000000000,18.3600000000,0.3535200295
133.7000000000,18.3700000000,0.3535900332
133.8000000000,18.3800000000,0.3536600373
133.9000000000,18.3900000000,0.3537300419
134.0000000000,18.4000000000,0.3538000471
134.1000000000,18.4100000000,0.3538700529
134.2000000000,18.4200000000,0.3539400593
134.3000000000,18.4300000000,0.3540100666
134.4000000000,18.4400000000,0.3540800746
134.5000000000,18.4500000000,0.3541500837
134.6000000000,18.4600000000,0.3542200938
134.7000000000,18.4700000000,0.3542901050
134.8000000000,18.4800000000,0.3543601176
134.9000000000,18.4900000000,0.3544301316
135.0000000000,18.5000000000,0.3545001472
135.1000000000,18.5100000000,0.3545701646
135.2000000000,18.5200000000,0.3546401840
135.3000000000,18.5300000000,0.3547102056
135.4000000000,18.5400000000,0.3547802297
135.5000000000,18.5500000000,0.3548502565
135.6000000000,18.5600000000,0.3549202862
135.7000000000,18.5700000000,0.3549903193
135.8000000000,18.5800000000,0.3550603561
135.9000000000,18.5900000000,0.3551303969
136.0000000000,18.6000000000,0.3552004423
136.1000000000,18.6100000000,0.3552704926
136.2000000000,18.6200000000,0.3553405485
136.3000000000,18.6300000000,0.3554106104
136.4000000000,18.6400000000,0.3554806791
136.5000000000,18.6500000000,0.3555507552
136.6000000000,18.6600000000,0.3556208395
136.7000000000,18.6700000000,0.3556909328
136.8000000000,18.6800000000,0.3557610361
136.9000000000,18.6900000000,0.3558311503
137.0000000000,18.7000000000,0.3559012766
137.1000000000,18.7100000000,0.3559714163
137.2000000000,18.7200000000,0.3560415705
137.3000000000,18.7300000000,0.3561117409
137.4000000000,18.7400000000,0.3561819290
137.5000000000,18.7500000000,0.3562521366
137.6000000000,18.7600000000,0.3563223656
137.7000000000,18.7700000000,0.3563926180
137.8000000000,18.7800000000,0.3564628963
137.9000000000,18.7900000000,0.3565332028
138.0000000000,18.8000000000,0.3566035403
138.1000000000,18.8100000000,0.3566739119
138.2000000000,18.8200000000,0.3567443207
138.3000000000,18.8300000000,0.3568147703
138.4000000000,18.8400000000,0.3568852647
138.5000000000,18.8500000000,0.3569558079
138.6000000000,18.8600000000,0.3570264046
138.7000000000,18.8700000000,0.3570970598
138.8000000000,18.8800000000,0.3571677789
138.9000000000,18.8900000000,0.3572385679
139.0000000000,18.9000000000,0.3573094330
139.1000000000,18.9100000000,0.3573803814
139.2000000000,18.9200000000,0.3574514206
139.3000000000,18.9300000000,0.3575225587
139.4000000000,18.9400000000,0.3575938048
139.5000000000,18.9500000000,0.3576651684
139.6000000000,18.9600000000,0.3577366601
139.7000000000,18.9700000000,0.3578082911
139.8000000000,18.9800000000,0.3578800738
139.9000000000,18.9900000000,0.3579520215
140.0000000000,19.0000000000,0.3580241484
140.1000000000,19.0100000000,0.3580964701
140.2000000000,19.0200000000,0.3581690035
140.3000000000,19.0300000000,0.3582417667
140.4000000000,19.0400000000,0.3583147791
140.5000000000,19.0500000000,0.3583880620
140.6000000000,19.0600000000,0.3584616382
140.7000000000,19.0700000000,0.3585355321
140.8000000000,19.0800000000,0.3586097702
140.9000000000,19.0900000000,0.3586843811
141.0000000000,19.1000000000,0.3587593954
141.1000000000,19.1100000000,0.3588348461
141.2000000000,19.1200000000,0.3589107687
141.3000000000,19.1300000000,0.3589872014
141.4000000000,19.1400000000,0.3590641850
141.5000000000,19.1500000000,0.3591417637
141.6000000000,19.1600000000,0.3592199847
141.7000000000,19.1700000000,0.3592988986
141.8000000000,19.1800000000,0.3593785598
141.9000000000,19.1900000000,0.3594590264
142.0000000000,19.2000000000,0.3595403609
142.1000000000,19.2100000000,0.3596226301
142.2000000000,19.2200000000,0.3597059053
142.3000000000,19.2300000000,0.3597902631
142.4000000000,19.2400000000,0.3598757850
142.5000000000,19.2500000000,0.3599625585
142.6000000000,19.2600000000,0.3600506767
142.7000000000,19.2700000000,0.3601402392
142.8000000000,19.2800000000,0.3602313521
142.9000000000,19.2900000000,0.3603241287
143.0000000000,19.3000000000,0.3604186895
143.1000000000,19.3100000000,0.3605151632
143.2000000000,19.3200000000,0.3606136865
143.3000000000,19.3300000000,0.3607144052
143.4000000000,19.3400000000,0.3608174740
143.5000000000,19.3500000000,0.3609230577
143.6000000000,19.3600000000,0.3610313311
143.7000000000,19.3700000000,0.3611424800
143.8000000000,19.3800000000,0.3612567017
143.9000000000,19.3900000000,0.3613742052
144.0000000000,19.4000000000,0.3614952123
144.1000000000,19.4100000000,0.3616199580
144.2000000000,19.4200000000,0.3617486913
144.3000000000,19.4300000000,0.3618816755
144.4000000000,19.4400000000,0.3620191895
144.5000000000,19.4500000000,0.3621615279
144.6000000000,19.4600000000,0.3623090023
144.7000000000,19.4700000000,0.3624619417
144.8000000000,19.4800000000,0.3626206935
144.9000000000,19.4900000000,0.3627856242
145.0000000000,19.5000000000,0.3629571201
145.1000000000,19.5100000000,0.3631355888
145.2000000000,19.5200000000,0.3633214592
145.3000000000,19.5300000000,0.3635151830
145.4000000000,19.5400000000,0.3637172356
145.5000000000,19.5500000000,0.3639281166
145.6000000000,19.5600000000,0.3641483513
145.7000000000,19.5700000000,0.3643784915
145.8000000000,19.5800000000,0.3646191163
145.9000000000,19.5900000000,0.3648708333
146.0000000000,19.6000000000,0.3651342796
146.1000000000,19.6100000000,0.3654101230
146.2000000000,19.6200000000,0.3656990627
146.3000000000,19.6300000000,0.3660018306
146.4000000000,19.6400000000,0.3663191922
146.5000000000,19.6500000000,0.3666519480
146.6000000000,19.6600000000,0.3670009342
146.7000000000,19.6700000000,0.3673670239
146.8000000000,19.6800000000,0.3677511282
146.9000000000,19.6900000000,0.3681541974
147.0000000000,19.7000000000,0.3685772218
147.1000000000,19.7100000000,0.3690212326
147.2000000000,19.7200000000,0.3694873035
147.3000000000,19.7300000000,0.3699765513
147.4000000000,19.7400000000,0.3704901368
147.5000000000,19.7500000000,0.3710292660
147.6000000000,19.7600000000,0.3715951909
147.7000000000,19.7700000000,0.3721892104
147.8000000000,19.7800000000,0.3728126711
147.9000000000,19.7900000000,0.3734669684
148.0000000000,19.8000000000,0.3741535467
148.1000000000,19.8100000000,0.3748739006
148.2000000000,19.8200000000,0.3756295752
148.3000000000,19.8300000000,0.3764221670
148.4000000000,19.8400000000,0.3772533241
148.5000000000,19.8500000000,0.3781247468
148.6000000000,19.8600000000,0.3790381878
148.7000000000,19.8700000000,0.3799954527
148.8000000000,19.8800000000,0.3809983999
148.9000000000,19.8900000000,0.3820489409
149.0000000000,19.9000000000,0.3831490400
149.1000000000,19.9100000000,0.3843007145
149.2000000000,19.9200000000,0.3855060341
149.3000000000,19.9300000000,0.3867671206
149.4000000000,19.9400000000,0.3880861475
149.5000000000,19.9500000000,0.3894653394
149.6000000000,19.9600000000,0.3909069707
149.7000000000,19.9700000000,0.3924133653
149.8000000000,19.9800000000,0.3939868953
149.9000000000,19.9900000000,0.3956299794
150.0000000000,20.0000000000,0.3973450820
150.1000000000,20.0100000000,0.3991347111
150.2000000000,20.0200000000,0.4010014171
150.3000000000,20.0300000000,0.4029477902
150.4000000000,20.0400000000,0.4049764588
150.5000000000,20.0500000000,0.4070900869
150.6000000000,20.0600000000,0.4092913718
150.7000000000,20.0700000000,0.4115830410
150.8000000000,20.0800000000,0.4139678497
150.9000000000,20.0900000000,0.4164485774
151.0000000000,20.1000000000,0.4190280247
151.1000000000,20.1100000000,0.4217090097
151.2000000000,20.1200000000,0.4244943643
151.3000000000,20.1300000000,0.4273869301
151.4000000000,20.1400000000,0.4303895545
151.5000000000,20.1500000000,0.4335050861
151.6000000000,20.1600000000,0.4367363698
151.7000000000,20.1700000000,0.4400862428
151.8000000000,20.1800000000,0.4435575287
151.9000000000,20.1900000000,0.4471530328
152.0000000000,20.2000000000,0.4508755366
152.1000000000,20.2100000000,0.4547277918
152.2000000000,20.2200000000,0.4587125150
152.3000000000,20.2300000000,0.4628323813
152.4000000000,20.2400000000,0.4670900181
152.5000000000,20.2500000000,0.4714879990
152.6000000000,20.2600000000,0.4760288370
152.7000000000,20.2700000000,0.4807149776
152.8000000000,20.2800000000,0.4855487926
152.9000000000,20.2900000000,0.4905325723
153.0000000000,20.3000000000,0.4956685191
153.1000000000,20.3100000000,0.5009587395
153.2000000000,20.3200000000,0.5064052373
153.3000000000,20.3300000000,0.5120099061
153.4000000000,20.3400000000,0.5177745215
153.5000000000,20.3500000000,0.5237007337
153.6000000000,20.3600000000,0.5297900600
153.7000000000,20.3700000000,0.5360438769
153.8000000000,20.3800000000,0.5424634124
153.9000000000,20.3900000000,0.5490497386
154.0000000000,20.4000000000,0.5558037641
154.1000000000,20.4100000000,0.5627262261
154.2000000000,20.4200000000,0.5698176831
154.3000000000,20.4300000000,0.5770785073
154.4000000000,20.4400000000,0.5845088778
154.5000000000,20.4500000000,0.5921087727
154.6000000000,20.4600000000,0.5998779626
154.7000000000,20.4700000000,0.6078160034
154.8000000000,20.4800000000,0.6159222300
154.9000000000,20.4900000000,0.6241957495
155.0000000000,20.5000000000,0.6326354354
155.1000000000,20.5100000000,0.6412399214
155.2000000000,20.5200000000,0.6500075958
155.3000000000,20.5300000000,0.6589365963
155.4000000000,20.5400000000,0.6680248051
155.5000000000,20.5500000000,0.6772698440
155.6000000000,20.5600000000,0.6866690704
155.7000000000,20.5700000000,0.6962195736
155.8000000000,20.5800000000,0.7059181711
155.9000000000,20.5900000000,0.7157614059
156.0000000000,20.6000000000,0.7257455439
156.1000000000,20.6100000000,0.7358665720
156.2000000000,20.6200000000,0.7461201966
156.3000000000,20.6300000000,0.7565018427
156.4000000000,20.6400000000,0.7670066535
156.5000000000,20.6500000000,0.7776294903
156.6000000000,20.6600000000,0.7883649338
156.7000000000,20.6700000000,0.7992072848
156.8000000000,20.6800000000,0.8101505666
156.9000000000,20.6900000000,0.8211885274
157.0000000000,20.7000000000,0.8323146432
157.1000000000,20.7100000000,0.8435221219
157.2000000000,20.7200000000,0.8548039079
157.3000000000,20.7300000000,0.8661526865
157.4000000000,20.7400000000,0.8775608904
157.5000000000,20.7500000000,0.8890207053
157.6000000000,20.7600000000,0.9005240776
157.7000000000,20.7700000000,0.9120627217
157.8000000000,20.7800000000,0.9236281282
157.9000000000,20.7900000000,0.9352115730
158.0000000000,20.8000000000,0.9468041267
158.1000000000,20.8100000000,0.9583966651
158.2000000000,20.8200000000,0.9699798795
158.3000000000,20.8300000000,0.9815442883
158.4000000000,20.8400000000,0.9930802490
158.5000000000,20.8500000000,1.0045779703
158.6000000000,20.8600000000,1.0160275258
158.7000000000,20.8700000000,1.0274188668
158.8000000000,20.8800000000,1.0387418367
158.9000000000,20.8900000000,1.0499861857
159.0000000000,20.9000000000,1.0611415852
159.1000000000,20.9100000000,1.0721976436
159.2000000000,20.9200000000,1.0831439217
159.3000000000,20.9300000000,1.0939699490
159.4000000000,20.9400000000,1.1046652402
159.5000000000,20.9500000000,1.1152193113
159.6000000000,20.9600000000,1.1256216973
159.7000000000,20.9700000000,1.1358619687
159.8000000000,20.9800000000,1.1459297491
159.9000000000,20.9900000000,1.1558147324
160.0000000000,21.0000000000,1.1655067008
160.1000000000,21.0100000000,1.1749955418
160.2000000000,21.0200000000,1.1842712659
160.3000000000,21.0300000000,1.1933240244
160.4000000000,21.0400000000,1.2021441267
160.5000000000,21.0500000000,1.2107220575
160.6000000000,21.0600000000,1.2190484941
160.7000000000,21.0700000000,1.2271143234
160.8000000000,21.0800000000,1.2349106587
160.9000000000,21.0900000000,1.2424288557
161.0000000000,21.1000000000,1.2496605291
161.1000000000,21.1100000000,1.2565975678
161.2000000000,21.1200000000,1.2632321508
161.3000000000,21.1300000000,1.2695567615
161.4000000000,21.1400000000,1.2755642021
161.5000000000,21.1500000000,1.2812476077
161.6000000000,21.1600000000,1.2866004593
161.7000000000,21.1700000000,1.2916165964
161.8000000000,21.1800000000,1.2962902288
161.9000000000,21.1900000000,1.3006159485
162.0000000000,21.2000000000,1.3045887396
162.1000000000,21.2100000000,1.3082039886
162.2000000000,21.2200000000,1.3114574930
162.3000000000,21.2300000000,1.3143454703
162.4000000000,21.2400000000,1.3168645650
162.5000000000,21.2500000000,1.3190118552
162.6000000000,21.2600000000,1.3207848588
162.7000000000,21.2700000000,1.3221815381
162.8000000000,21.2800000000,1.3232003039
162.9000000000,21.2900000000,1.3238400190
163.0000000000,21.3000000000,1.3241000000
163.1000000000,21.3100000000,1.3239800190
163.2000000000,21.3200000000,1.3234803039
163.3000000000,21.3300000000,1.3226015381
163.4000000000,21.3400000000,1.3213448588
163.5000000000,21.3500000000,1.3197118552
163.6000000000,21.3600000000,1.3177045650
163.7000000000,21.3700000000,1.3153254703
163.8000000000,21.3800000000,1.3125774930
163.9000000000,21.3900000000,1.3094639886
164.0000000000,21.4000000000,1.3059887396
164.1000000000,21.4100000000,1.3021559485
164.2000000000,21.4200000000,1.2979702288
164.3000000000,21.4300000000,1.2934365964
164.4000000000,21.4400000000,1.2885604593
164.5000000000,21.4500000000,1.2833476077
164.6000000000,21.4600000000,1.2778042021
164.7000000000,21.4700000000,1.2719367615
164.8000000000,21.4800000000,1.2657521508
164.9000000000,21.4900000000,1.2592575678
165.0000000000,21.5000000000,1.2524605291
165.1000000000,21.5100000000,1.2453688557
165.2000000000,21.5200000000,1.2379906587
165.3000000000,21.5300000000,1.2303343234
165.4000000000,21.5400000000,1.2224084941
165.5000000000,21.5500000000,1.2142220575
165.6000000000,21.5600000000,1.2057841267
165.7000000000,21.5700000000,1.1971040244
165.8000000000,21.5800000000,1.1881912659
165.9000000000,21.5900000000,1.1790555418
166.0000000000,21.6000000000,1.1697067008
166.1000000000,21.6100000000,1.1601547324
166.2000000000,21.6200000000,1.1504097491
166.3000000000,21.6300000000,1.1404819687
166.4000000000,21.6400000000,1.1303816973
166.5000000000,21.6500000000,1.1201193113
166.6000000000,21.6600000000,1.1097052402
166.7000000000,21.6700000000,1.0991499490
166.8000000000,21.6800000000,1.0884639217
166.9000000000,21.6900000000,1.0776576436
167.0000000000,21.7000000000,1.0667415852
167.1000000000,21.7100000000,1.0557261857
167.2000000000,21.7200000000,1.0446218367
167.3000000000,21.7300000000,1.0334388668
167.4000000000,21.7400000000,1.0221875258
167.5000000000,21.7500000000,1.0108779703
167.6000000000,21.7600000000,0.9995202490
167.7000000000,21.7700000000,0.9881242883
167.8000000000,21.7800000000,0.9766998795
167.9000000000,21.7900000000,0.9652566651
168.0000000000,21.8000000000,0.9538041267
168.1000000000,21.8100000000,0.9423515730
168.2000000000,21.8200000000,0.9309081282
168.3000000000,21.8300000000,0.9194827217
168.4000000000,21.8400000000,0.9080840776
168.5000000000,21.8500000000,0.8967207053
168.6000000000,21.8600000000,0.8854008904
168.7000000000,21.8700000000,0.8741326865
168.8000000000,21.8800000000,0.8629239079
168.9000000000,21.8900000000,0.8517821219
169.0000000000,21.9000000000,0.8407146432
169.1000000000,21.9100000000,0.8297285274
169.2000000000,21.9200000000,0.8188305666
169.3000000000,21.9300000000,0.8080272848
169.4000000000,21.9400000000,0.7973249338
169.5000000000,21.9500000000,0.7867294903
169.6000000000,21.9600000000,0.7762466535
169.7000000000,21.9700000000,0.7658818427
169.8000000000,21.9800000000,0.7556401966
169.9000000000,21.9900000000,0.7455265720
170.0000000000,22.0000000000,0.7355455439
170.1000000000,22.0100000000,0.7257014059
170.2000000000,22.0200000000,0.7159981711
170.3000000000,22.0300000000,0.7064395736
170.4000000000,22.0400000000,0.6970290704
170.5000000000,22.0500000000,0.6877698440
170.6000000000,22.0600000000,0.6786648051
170.7000000000,22.0700000000,0.6697165963
170.8000000000,22.0800000000,0.6609275958
170.9000000000,22.0900000000,0.6522999214
171.0000000000,22.1000000000,0.6438354354
171.1000000000,22.1100000000,0.6355357495
171.2000000000,22.1200000000,0.6274022300
171.3000000000,22.1300000000,0.6194360034
171.4000000000,22.1400000000,0.6116379626
171.5000000000,22.1500000000,0.6040087727
171.6000000000,22.1600000000,0.5965488778
171.7000000000,22.1700000000,0.5892585073
171.8000000000,22.1800000000,0.5821376831
171.9000000000,22.1900000000,0.5751862261
172.0000000000,22.2000000000,0.5684037641
172.1000000000,22.2100000000,0.5617897386
172.2000000000,22.2200000000,0.5553434124
172.3000000000,22.2300000000,0.5490638769
172.4000000000,22.2400000000,0.5429500600
172.5000000000,22.2500000000,0.5370007337
172.6000000000,22.2600000000,0.5312145215
172.7000000000,22.2700000000,0.5255899061
172.8000000000,22.2800000000,0.5201252373
172.9000000000,22.2900000000,0.5148187395
173.0000000000,22.3000000000,0.5096685191
173.1000000000,22.3100000000,0.5046725723
173.2000000000,22.3200000000,0.4998287926
173.3000000000,22.3300000000,0.4951349776
173.4000000000,22.3400000000,0.4905888370
173.5000000000,22.3500000000,0.4861879990
173.6000000000,22.3600000000,0.4819300181
173.7000000000,22.3700000000,0.4778123813
173.8000000000,22.3800000000,0.4738325150
173.9000000000,22.3900000000,0.4699877918
174.0000000000,22.4000000000,0.4662755366
174.1000000000,22.4100000000,0.4626930328
174.2000000000,22.4200000000,0.4592375287
174.3000000000,22.4300000000,0.4559062428
174.4000000000,22.4400000000,0.4526963698
174.5000000000,22.4500000000,0.4496050861
174.6000000000,22.4600000000,0.4466295545
174.7000000000,22.4700000000,0.4437669301
174.8000000000,22.4800000000,0.4410143643
174.9000000000,22.4900000000,0.4383690097
175.0000000000,22.5000000000,0.4358280247
175.1000000000,22.5100000000,0.4333885774
175.2000000000,22.5200000000,0.4310478497
175.3000000000,22.5300000000,0.4288030410
175.4000000000,22.5400000000,0.4266513718
175.5000000000,22.5500000000,0.4245900869
175.6000000000,22.5600000000,0.4226164588
175.7000000000,22.5700000000,0.4207277902
175.8000000000,22.5800000000,0.4189214171
175.9000000000,22.5900000000,0.4171947111
176.0000000000,22.6000000000,0.4155450820
176.1000000000,22.6100000000,0.4139699794
176.2000000000,22.6200000000,0.4124668953
176.3000000000,22.6300000000,0.4110333653
176.4000000000,22.6400000000,0.4096669707
176.5000000000,22.6500000000,0.4083653394
176.6000000000,22.6600000000,0.4071261475
176.7000000000,22.6700000000,0.4059471206
176.8000000000,22.6800000000,0.4048260341
176.9000000000,22.6900000000,0.4037607145
177.0000000000,22.7000000000,0.4027490400
177.1000000000,22.7100000000,0.4017889409
177.2000000000,22.7200000000,0.4008783999
177.3000000000,22.7300000000,0.4000154527
177.4000000000,22.7400000000,0.3991981878
177.5000000000,22.7500000000,0.3984247468
177.6000000000,22.7600000000,0.3976933241
177.7000000000,22.7700000000,0.3970021670
177.8000000000,22.7800000000,0.3963495752
177.9000000000,22.7900000000,0.3957339006
178.0000000000,22.8000000000,0.3951535467
178.1000000000,22.8100000000,0.3946069684
178.2000000000,22.8200000000,0.3940926711
178.3000000000,22.8300000000,0.3936092104
178.4000000000,22.8400000000,0.3931551909
178.5000000000,22.8500000000,0.3927292660
178.6000000000,22.8600000000,0.3923301368
178.7000000000,22.8700000000,0.3919565513
178.8000000000,22.8800000000,0.3916073035
178.9000000000,22.8900000000,0.3912812326
179.0000000000,22.9000000000,0.3909772218
179.1000000000,22.9100000000,0.3906941974
179.2000000000,22.9200000000,0.3904311282
179.3000000000,22.9300000000,0.3901870239
179.4000000000,22.9400000000,0.3899609342
179.5000000000,22.9500000000,0.3897519480
179.6000000000,22.9600000000,0.3895591922
179.7000000000,22.9700000000,0.3893818306
179.8000000000,22.9800000000,0.3892190627
179.9000000000,22.9900000000,0.3890701230
180.0000000000,23.0000000000,0.3889342796
180.1000000000,23.0100000000,0.3888108333
180.2000000000,23.0200000000,0.3886991163
180.3000000000,23.0300000000,0.3885984915
180.4000000000,23.0400000000,0.3885083513
180.5000000000,23.0500000000,0.3884281166
180.6000000000,23.0600000000,0.3883572356
180.7000000000,23.0700000000,0.3882951830
180.8000000000,23.0800000000,0.3882414592
180.9000000000,23.0900000000,0.3881955888
181.0000000000,23.1000000000,0.3881571201
181.1000000000,23.1100000000,0.3881256242
181.2000000000,23.1200000000,0.3881006935
181.3000000000,23.1300000000,0.3880819417
181.4000000000,23.1400000000,0.3880690023
181.5000000000,23.1500000000,0.3880615279
181.6000000000,23.1600000000,0.3880591895
181.7000000000,23.1700000000,0.3880616755
181.8000000000,23.1800000000,0.3880686913
181.9000000000,23.1900000000,0.3880799580
182.0000000000,23.2000000000,0.3880952123
182.1000000000,23.2100000000,0.3881142052
182.2000000000,23.2200000000,0.3881367017
182.3000000000,23.2300000000,0.3881624800
182.4000000000,23.2400000000,0.3881913311
182.5000000000,23.2500000000,0.3882230577
182.6000000000,23.2600000000,0.3882574740
182.7000000000,23.2700000000,0.3882944052
182.8000000000,23.2800000000,0.3883336865
182.9000000000,23.2900000000,0.3883751632
183.0000000000,23.3000000000,0.3884186895
183.1000000000,23.3100000000,0.3884641287
183.2000000000,23.3200000000,0.3885113521
183.3000000000,23.3300000000,0.3885602392
183.4000000000,23.3400000000,0.3886106767
183.5000000000,23.3500000000,0.3886625585
183.6000000000,23.3600000000,0.3887157850
183.7000000000,23.3700000000,0.3887702631
183.8000000000,23.3800000000,0.3888259053
183.9000000000,23.3900000000,0.3888826301
184.0000000000,23.4000000000,0.3889403609
184.1000000000,23.4100000000,0.3889990264
184.2000000000,23.4200000000,0.3890585598
184.3000000000,23.4300000000,0.3891188986
184.4000000000,23.4400000000,0.3891799847
184.5000000000,23.4500000000,0.3892417637
184.6000000000,23.4600000000,0.3893041850
184.7000000000,23.4700000000,0.3893672014
184.8000000000,23.4800000000,0.3894307687
184.9000000000,23.4900000000,0.3894948461
185.0000000000,23.5000000000,0.3895593954
185.1000000000,23.5100000000,0.3896243811
185.2000000000,23.5200000000,0.3896897702
185.3000000000,23.5300000000,0.3897555321
185.4000000000,23.5400000000,0.3898216382
185.5000000000,23.5500000000,0.3898880620
185.6000000000,23.5600000000,0.3899547791
185.7000000000,23.5700000000,0.3900217667
185.8000000000,23.5800000000,0.3900890035
185.9000000000,23.5900000000,0.3901564701
186.0000000000,23.6000000000,0.3902241484
186.1000000000,23.6100000000,0.3902920215
186.2000000000,23.6200000000,0.3903600738
186.3000000000,23.6300000000,0.3904282911
186.4000000000,23.6400000000,0.3904966601
186.5000000000,23.6500000000,0.3905651684
186.6000000000,23.6600000000,0.3906338048
186.7000000000,23.6700000000,0.3907025587
186.8000000000,23.6800000000,0.3907714206
186.9000000000,23.6900000000,0.3908403814
187.0000000000,23.7000000000,0.3909094330
187.1000000000,23.7100000000,0.3909785679
187.2000000000,23.7200000000,0.3910477789
187.3000000000,23.7300000000,0.3911170598
187.4000000000,23.7400000000,0.3911864046
187.5000000000,23.7500000000,0.3912558079
187.6000000000,23.7600000000,0.3913252647
187.7000000000,23.7700000000,0.3913947703
187.8000000000,23.7800000000,0.3914643207
187.9000000000,23.7900000000,0.3915339119
188.0000000000,23.8000000000,0.3916035403
188.1000000000,23.8100000000,0.3916732028
188.2000000000,23.8200000000,0.3917428963
188.3000000000,23.8300000000,0.3918126180
188.4000000000,23.8400000000,0.3918823656
188.5000000000,23.8500000000,0.3919521366
188.6000000000,23.8600000000,0.3920219290
188.7000000000,23.8700000000,0.3920917409
188.8000000000,23.8800000000,0.3921615705
188.9000000000,23.8900000000,0.3922314163
189.0000000000,23.9000000000,0.3923012766
189.1000000000,23.9100000000,0.3923711503
189.2000000000,23.9200000000,0.3924410361
189.3000000000,23.9300000000,0.3925109328
189.4000000000,23.9400000000,0.3925808395
189.5000000000,23.9500000000,0.3926507552
189.6000000000,23.9600000000,0.3927206791
189.7000000000,23.9700000000,0.3927906104
189.8000000000,23.9800000000,0.3928605485
189.9000000000,23.9900000000,0.3929304926
190.0000000000,24.0000000000,0.3930004423
190.1000000000,24.0100000000,0.3930703969
190.2000000000,24.0200000000,0.3931403561
190.3000000000,24.0300000000,0.3932103193
190.4000000000,24.0400000000,0.3932802862
190.5000000000,24.0500000000,0.3933502565
190.6000000000,24.0600000000,0.3934202297
190.7000000000,24.0700000000,0.3934902056
190.8000000000,24.0800000000,0.3935601840
190.9000000000,24.0900000000,0.3936301646
191.0000000000,24.1000000000,0.3937001472
191.1000000000,24.1100000000,0.3937701316
191.2000000000,24.1200000000,0.3938401176
191.3000000000,24.1300000000,0.3939101050
191.4000000000,24.1400000000,0.3939800938
191.5000000000,24.1500000000,0.3940500837
191.6000000000,24.1600000000,0.3941200746
191.7000000000,24.1700000000,0.3941900666
191.8000000000,24.1800000000,0.3942600593
191.9000000000,24.1900000000,0.3943300529
192.0000000000,24.2000000000,0.3944000471
192.1000000000,24.2100000000,0.3944700419
192.2000000000,24.2200000000,0.3945400373
192.3000000000,24.2300000000,0.3946100332
192.4000000000,24.2400000000,0.3946800295
192.5000000000,24.2500000000,0.3947500262
192.6000000000,24.2600000000,0.3948200233
192.7000000000,24.2700000000,0.3948900207
192.8000000000,24.2800000000,0.3949600184
192.9000000000,24.2900000000,0.3950300163
193.0000000000,24.3000000000,0.3951000145
193.1000000000,24.3100000000,0.3951700128
193.2000000000,24.3200000000,0.3952400114
193.3000000000,24.3300000000,0.3953100101
193.4000000000,24.3400000000,0.3953800089
193.5000000000,24.3500000000,0.3954500079
193.6000000000,24.3600000000,0.3955200070
193.7000000000,24.3700000000,0.3955900062
193.8000000000,24.3800000000,0.3956600055
193.9000000000,24.3900000000,0.3957300048
194.0000000000,24.4000000000,0.3958000043
194.1000000000,24.4100000000,0.3958700038
194.2000000000,24.4200000000,0.3959400033
194.3000000000,24.4300000000,0.3960100029
194.4000000000,24.4400000000,0.3960800026
194.5000000000,24.4500000000,0.3961500023
194.6000000000,24.4600000000,0.3962200020
194.7000000000,24.4700000000,0.3962900018
194.8000000000,24.4800000000,0.3963600016
194.9000000000,24.4900000000,0.3964300014
195.0000000000,24.5000000000,0.3965000012
195.1000000000,24.5100000000,0.3965700011
195.2000000000,24.5200000000,0.3966400009
195.3000000000,24.5300000000,0.3967100008
195.4000000000,24.5400000000,0.3967800007
195.5000000000,24.5500000000,0.3968500006
195.6000000000,24.5600000000,0.3969200006
195.7000000000,24.5700000000,0.3969900005
195.8000000000,24.5800000000,0.3970600004
195.9000000000,24.5900000000,0.3971300004
196.0000000000,24.6000000000,0.3972000003
196.1000000000,24.6100000000,0.3972700003
196.2000000000,24.6200000000,0.3973400003
196.3000000000,24.6300000000,0.3974100002
196.4000000000,24.6400000000,0.3974800002
196.5000000000,24.6500000000,0.3975500002
196.6000000000,24.6600000000,0.3976200001
196.7000000000,24.6700000000,0.3976900001
196.8000000000,24.6800000000,0.3977600001
196.9000000000,24.6900000000,0.3978300001
197.0000000000,24.7000000000,0.3979000001
197.1000000000,24.7100000000,0.3979700001
197.2000000000,24.7200000000,0.3980400001
197.3000000000,24.7300000000,0.3981100001
197.4000000000,24.7400000000,0.3981800001
197.5000000000,24.7500000000,0.3982500000
197.6000000000,24.7600000000,0.3983200000
197.7000000000,24.7700000000,0.3983900000
197.8000000000,24.7800000000,0.3984600000
197.9000000000,24.7900000000,0.3985300000
198.0000000000,24.8000000000,0.3986000000
198.1000000000,24.8100000000,0.3986700000
198.2000000000,24.8200000000,0.3987400000
198.3000000000,24.8300000000,0.3988100000
198.4000000000,24.8400000000,0.3988800000
198.5000000000,24.8500000000,0.3989500000
198.6000000000,24.8600000000,0.3990200000
198.7000000000,24.8700000000,0.3990900000
198.8000000000,24.8800000000,0.3991600000
198.9000000000,24.8900000000,0.3992300000
199.0000000000,24.9000000000,0.3993000000
199.1000000000,24.9100000000,0.3993700000
199.2000000000,24.9200000000,0.3994400000
199.3000000000,24.9300000000,0.3995100000
199.4000000000,24.9400000000,0.3995800000
199.5000000000,24.9500000000,0.3996500000
199.6000000000,24.9600000000,0.3997200000
199.7000000000,24.9700000000,0.3997900000
199.8000000000,24.9800000000,0.3998600000
199.9000000000,24.9900000000,0.3999300000
200.0000000000,25.0000000000,0.4000000000
200.1000000000,25.0100000000,0.4000700000
200.2000000000,25.0200000000,0.4001400000
200.3000000000,25.0300000000,0.4002100000
200.4000000000,25.0400000000,0.4002800000
200.5000000000,25.0500000000,0.4003500000
200.6000000000,25.0600000000,0.4004200000
200.7000000000,25.0700000000,0.4004900000
200.8000000000,25.0800000000,0.4005600000
200.9000000000,25.0900000000,0.4006300000
201.0000000000,25.1000000000,0.4007000000
201.1000000000,25.1100000000,0.4007700000
201.2000000000,25.1200000000,0.4008400000
201.3000000000,25.1300000000,0.4009100000
201.4000000000,25.1400000000,0.4009800000
201.5000000000,25.1500000000,0.4010500000
201.6000000000,25.1600000000,0.4011200000
201.7000000000,25.1700000000,0.4011900000
201.8000000000,25.1800000000,0.4012600000
201.9000000000,25.1900000000,0.4013300000
202.0000000000,25.2000000000,0.4014000000
202.1000000000,25.2100000000,0.4014700000
202.2000000000,25.2200000000,0.4015400000
202.3000000000,25.2300000000,0.4016100000
202.4000000000,25.2400000000,0.4016800000
202.5000000000,25.2500000000,0.4017500000
202.6000000000,25.2600000000,0.4018200000
202.7000000000,25.2700000000,0.4018900000
202.8000000000,25.2800000000,0.4019600000
202.9000000000,25.2900000000,0.4020300000
203.0000000000,25.3000000000,0.4021000000
203.1000000000,25.3100000000,0.4021700000
203.2000000000,25.3200000000,0.4022400000
203.3000000000,25.3300000000,0.4023100000
203.4000000000,25.3400000000,0.4023800000
203.5000000000,25.3500000000,0.4024500000
203.6000000000,25.3600000000,0.4025200000
203.7000000000,25.3700000000,0.4025900000
203.8000000000,25.3800000000,0.4026600000
203.9000000000,25.3900000000,0.4027300000
204.0000000000,25.4000000000,0.4028000000
204.1000000000,25.4100000000,0.4028700000
204.2000000000,25.4200000000,0.4029400000
204.3000000000,25.4300000000,0.4030100000
204.4000000000,25.4400000000,0.4030800000
204.5000000000,25.4500000000,0.4031500000
204.6000000000,25.4600000000,0.4032200000
204.7000000000,25.4700000000,0.4032900000
204.8000000000,25.4800000000,0.4033600000
204.9000000000,25.4900000000,0.4034300000
205.0000000000,25.5000000000,0.4035000000
205.1000000000,25.5100000000,0.4035700000
205.2000000000,25.5200000000,0.4036400000
205.3000000000,25.5300000000,0.4037100000
205.4000000000,25.5400000000,0.4037800000
205.5000000000,25.5500000000,0.4038500000
205.6000000000,25.5600000000,0.4039200000
205.7000000000,25.5700000000,0.4039900000
205.8000000000,25.5800000000,0.4040600000
205.9000000000,25.5900000000,0.4041300000
206.0000000000,25.6000000000,0.4042000000
206.1000000000,25.6100000000,0.4042700000
206.2000000000,25.6200000000,0.4043400000
206.3000000000,25.6300000000,0.4044100000
206.4000000000,25.6400000000,0.4044800000
206.5000000000,25.6500000000,0.4045500000
206.6000000000,25.6600000000,0.4046200000
206.7000000000,25.6700000000,0.4046900000
206.8000000000,25.6800000000,0.4047600000
206.9000000000,25.6900000000,0.4048300000
207.0000000000,25.7000000000,0.4049000000
207.1000000000,25.7100000000,0.4049700000
207.2000000000,25.7200000000,0.4050400000
207.3000000000,25.7300000000,0.4051100000
207.4000000000,25.7400000000,0.4051800000
207.5000000000,25.7500000000,0.4052500000
207.6000000000,25.7600000000,0.4053200000
207.7000000000,25.7700000000,0.4053900000
207.8000000000,25.7800000000,0.4054600000
207.9000000000,25.7900000000,0.4055300000
208.0000000000,25.8000000000,0.4056000000
208.1000000000,25.8100000000,0.4056700000
208.2000000000,25.8200000000,0.4057400000
208.3000000000,25.8300000000,0.4058100000
208.4000000000,25.8400000000,0.4058800000
208.5000000000,25.8500000000,0.4059500000
208.6000000000,25.8600000000,0.4060200000
208.7000000000,25.8700000000,0.4060900000
208.8000000000,25.8800000000,0.4061600000
208.9000000000,25.8900000000,0.4062300000
209.0000000000,25.9000000000,0.4063000000
209.1000000000,25.9100000000,0.4063700000
209.2000000000,25.9200000000,0.4064400000
209.3000000000,25.9300000000,0.4065100000
209.4000000000,25.9400000000,0.4065800000
209.5000000000,25.9500000000,0.4066500000
209.6000000000,25.9600000000,0.4067200000
209.7000000000,25.9700000000,0.4067900000
209.8000000000,25.9800000000,0.4068600000
209.9000000000,25.9900000000,0.4069300000
210.0000000000,26.0000000000,0.4070000000
210.1000000000,26.0100000000,0.4070700000
210.2000000000,26.0200000000,0.4071400000
210.3000000000,26.0300000000,0.4072100000
210.4000000000,26.0400000000,0.4072800000
210.5000000000,26.0500000000,0.4073500000
210.6000000000,26.0600000000,0.4074200000
210.7000000000,26.0700000000,0.4074900000
210.8000000000,26.0800000000,0.4075600000
210.9000000000,26.0900000000,0.4076300000
211.0000000000,26.1000000000,0.4077000000
211.1000000000,26.1100000000,0.4077700000
211.2000000000,26.1200000000,0.4078400000
211.3000000000,26.1300000000,0.4079100000
211.4000000000,26.1400000000,0.4079800000
211.5000000000,26.1500000000,0.4080500000
211.6000000000,26.1600000000,0.4081200000
211.7000000000,26.1700000000,0.4081900000
211.8000000000,26.1800000000,0.4082600000
211.9000000000,26.1900000000,0.4083300000
212.0000000000,26.2000000000,0.4084000000
212.1000000000,26.2100000000,0.4084700000
212.2000000000,26.2200000000,0.4085400000
212.3000000000,26.2300000000,0.4086100000
212.4000000000,26.2400000000,0.4086800000
212.5000000000,26.2500000000,0.4087500000
212.6000000000,26.2600000000,0.4088200000
212.7000000000,26.2700000000,0.4088900000
212.8000000000,26.2800000000,0.4089600000
212.9000000000,26.2900000000,0.4090300000
213.0000000000,26.3000000000,0.4091000000
213.1000000000,26.3100000000,0.4091700000
213.2000000000,26.3200000000,0.4092400000
213.3000000000,26.3300000000,0.4093100000
213.4000000000,26.3400000000,0.4093800000
213.5000000000,26.3500000000,0.4094500000
213.6000000000,26.3600000000,0.4095200000
213.7000000000,26.3700000000,0.4095900000
213.8000000000,26.3800000000,0.4096600000
213.9000000000,26.3900000000,0.4097300000
214.0000000000,26.4000000000,0.4098000000
214.1000000000,26.4100000000,0.4098700000
214.2000000000,26.4200000000,0.4099400000
214.3000000000,26.4300000000,0.4100100000
214.4000000000,26.4400000000,0.4100800000
214.5000000000,26.4500000000,0.4101500000
214.6000000000,26.4600000000,0.4102200000
214.7000000000,26.4700000000,0.4102900000
214.8000000000,26.4800000000,0.4103600000
214.9000000000,26.4900000000,0.4104300000
215.0000000000,26.5000000000,0.4105000000
215.1000000000,26.5100000000,0.4105700000
215.2000000000,26.5200000000,0.4106400000
215.3000000000,26.5300000000,0.4107100000
215.4000000000,26.5400000000,0.4107800000
215.5000000000,26.5500000000,0.4108500000
215.6000000000,26.5600000000,0.4109200000
215.7000000000,26.5700000000,0.4109900000
215.8000000000,26.5800000000,0.4110600000
215.9000000000,26.5900000000,0.4111300000
216.0000000000,26.6000000000,0.4112000000
216.1000000000,26.6100000000,0.4112700000
216.2000000000,26.6200000000,0.4113400000
216.3000000000,26.6300000000,0.4114100000
216.4000000000,26.6400000000,0.4114800000
216.5000000000,26.6500000000,0.4115500000
216.6000000000,26.6600000000,0.4116200000
216.7000000000,26.6700000000,0.4116900000
216.8000000000,26.6800000000,0.4117600000
216.9000000000,26.6900000000,0.4118300000
217.0000000000,26.7000000000,0.4119000000
217.1000000000,26.7100000000,0.4119700000
217.2000000000,26.7200000000,0.4120400000
217.3000000000,26.7300000000,0.4121100000
217.4000000000,26.7400000000,0.4121800000
217.5000000000,26.7500000000,0.4122500000
217.6000000000,26.7600000000,0.4123200000
217.7000000000,26.7700000000,0.4123900000
217.8000000000,26.7800000000,0.4124600000
217.9000000000,26.7900000000,0.4125300000
218.0000000000,26.8000000000,0.4126000000
218.1000000000,26.8100000000,0.4126700000
218.2000000000,26.8200000000,0.4127400000
218.3000000000,26.8300000000,0.4128100000
218.4000000000,26.8400000000,0.4128800000
218.5000000000,26.8500000000,0.4129500000
218.6000000000,26.8600000000,0.4130200000
218.7000000000,26.8700000000,0.4130900000
218.8000000000,26.8800000000,0.4131600000
218.9000000000,26.8900000000,0.4132300000
219.0000000000,26.9000000000,0.4133000000
219.1000000000,26.9100000000,0.4133700000
219.2000000000,26.9200000000,0.4134400000
219.3000000000,26.9300000000,0.4135100000
219.4000000000,26.9400000000,0.4135800000
219.5000000000,26.9500000000,0.4136500000
219.6000000000,26.9600000000,0.4137200000
219.7000000000,26.9700000000,0.4137900000
219.8000000000,26.9800000000,0.4138600000
219.9000000000,26.9900000000,0.4139300000
220.0000000000,27.0000000000,0.4140000000
220.1000000000,27.0100000000,0.4140700000
220.2000000000,27.0200000000,0.4141400000
220.3000000000,27.0300000000,0.4142100000
220.4000000000,27.0400000000,0.4142800000
220.5000000000,27.0500000000,0.4143500000
220.6000000000,27.0600000000,0.4144200000
220.7000000000,27.0700000000,0.4144900000
220.8000000000,27.0800000000,0.4145600000
220.9000000000,27.0900000000,0.4146300000
221.0000000000,27.1000000000,0.4147000000
221.1000000000,27.1100000000,0.4147700000
221.2000000000,27.1200000000,0.4148400000
221.3000000000,27.1300000000,0.4149100000
221.4000000000,27.1400000000,0.4149800000
221.5000000000,27.1500000000,0.4150500000
221.6000000000,27.1600000000,0.4151200000
221.7000000000,27.1700000000,0.4151900000
221.8000000000,27.1800000000,0.4152600000
221.9000000000,27.1900000000,0.4153300000
222.0000000000,27.2000000000,0.4154000000
222.1000000000,27.2100000000,0.4154700000
222.2000000000,27.2200000000,0.4155400000
222.3000000000,27.2300000000,0.4156100000
222.4000000000,27.2400000000,0.4156800000
222.5000000000,27.2500000000,0.4157500000
222.6000000000,27.2600000000,0.4158200000
222.7000000000,27.2700000000,0.4158900000
222.8000000000,27.2800000000,0.4159600000
222.9000000000,27.2900000000,0.4160300000
223.0000000000,27.3000000000,0.4161000000
223.1000000000,27.3100000000,0.4161700000
223.2000000000,27.3200000000,0.4162400000
223.3000000000,27.3300000000,0.4163100000
223.4000000000,27.3400000000,0.4163800000
223.5000000000,27.3500000000,0.4164500000
223.6000000000,27.3600000000,0.4165200000
223.7000000000,27.3700000000,0.4165900000
223.8000000000,27.3800000000,0.4166600000
223.9000000000,27.3900000000,0.4167300000
224.0000000000,27.4000000000,0.4168000000
224.1000000000,27.4100000000,0.4168700000
224.2000000000,27.4200000000,0.4169400000
224.3000000000,27.4300000000,0.4170100000
224.4000000000,27.4400000000,0.4170800000
224.5000000000,27.4500000000,0.4171500000
224.6000000000,27.4600000000,0.4172200000
224.7000000000,27.4700000000,0.4172900000
224.8000000000,27.4800000000,0.4173600000
224.9000000000,27.4900000000,0.4174300000
225.0000000000,27.5000000000,0.4175000000
225.1000000000,27.5100000000,0.4175700000
225.2000000000,27.5200000000,0.4176400000
225.3000000000,27.5300000000,0.4177100000
225.4000000000,27.5400000000,0.4177800000
225.5000000000,27.5500000000,0.4178500000
225.6000000000,27.5600000000,0.4179200000
225.7000000000,27.5700000000,0.4179900000
225.8000000000,27.5800000000,0.4180600000
225.9000000000,27.5900000000,0.4181300000
226.0000000000,27.6000000000,0.4182000000
226.1000000000,27.6100000000,0.4182700000
226.2000000000,27.6200000000,0.4183400000
226.3000000000,27.6300000000,0.4184100000
226.4000000000,27.6400000000,0.4184800000
226.5000000000,27.6500000000,0.4185500000
226.6000000000,27.6600000000,0.4186200000
226.7000000000,27.6700000000,0.4186900000
226.8000000000,27.6800000000,0.4187600000
226.9000000000,27.6900000000,0.4188300000
227.0000000000,27.7000000000,0.4189000000
227.1000000000,27.7100000000,0.4189700000
227.2000000000,27.7200000000,0.4190400000
227.3000000000,27.7300000000,0.4191100000
227.4000000000,27.7400000000,0.4191800000
227.5000000000,27.7500000000,0.4192500000
227.6000000000,27.7600000000,0.4193200000
227.7000000000,27.7700000000,0.4193900000
227.8000000000,27.7800000000,0.4194600000
227.9000000000,27.7900000000,0.4195300000
228.0000000000,27.8000000000,0.4196000000
228.1000000000,27.8100000000,0.4196700000
228.2000000000,27.8200000000,0.4197400000
228.3000000000,27.8300000000,0.4198100000
228.4000000000,27.8400000000,0.4198800000
228.5000000000,27.8500000000,0.4199500000
228.6000000000,27.8600000000,0.4200200000
228.7000000000,27.8700000000,0.4200900000
228.8000000000,27.8800000000,0.4201600000
228.9000000000,27.8900000000,0.4202300000
229.0000000000,27.9000000000,0.4203000000
229.1000000000,27.9100000000,0.4203700000
229.2000000000,27.9200000000,0.4204400000
229.3000000000,27.9300000000,0.4205100000
229.4000000000,27.9400000000,0.4205800000
229.5000000000,27.9500000000,0.4206500000
229.6000000000,27.9600000000,0.4207200000
229.7000000000,27.9700000000,0.4207900000
229.8000000000,27.9800000000,0.4208600000
229.9000000000,27.9900000000,0.4209300000
230.0000000000,28.0000000000,0.4210000000
230.1000000000,28.0100000000,0.4210700000
230.2000000000,28.0200000000,0.4211400000
230.3000000000,28.0300000000,0.4212100000
230.4000000000,28.0400000000,0.4212800000
230.5000000000,28.0500000000,0.4213500000
230.6000000000,28.0600000000,0.4214200000
230.7000000000,28.0700000000,0.4214900000
230.8000000000,28.0800000000,0.4215600000
230.9000000000,28.0900000000,0.4216300000
231.0000000000,28.1000000000,0.4217000000
231.1000000000,28.1100000000,0.4217700000
231.2000000000,28.1200000000,0.4218400000
231.3000000000,28.1300000000,0.4219100000
231.4000000000,28.1400000000,0.4219800000
231.5000000000,28.1500000000,0.4220500000
231.6000000000,28.1600000000,0.4221200000
231.7000000000,28.1700000000,0.4221900000
231.8000000000,28.1800000000,0.4222600000
231.9000000000,28.1900000000,0.4223300000
232.0000000000,28.2000000000,0.4224000000
232.1000000000,28.2100000000,0.4224700000
232.2000000000,28.2200000000,0.4225400000
232.3000000000,28.2300000000,0.4226100000
232.4000000000,28.2400000000,0.4226800000
232.5000000000,28.2500000000,0.4227500000
232.6000000000,28.2600000000,0.4228200000
232.7000000000,28.2700000000,0.4228900000
232.8000000000,28.2800000000,0.4229600000
232.9000000000,28.2900000000,0.4230300000
233.0000000000,28.3000000000,0.4231000000
233.1000000000,28.3100000000,0.4231700000
233.2000000000,28.3200000000,0.4232400000
233.3000000000,28.3300000000,0.4233100000
233.4000000000,28.3400000000,0.4233800000
233.5000000000,28.3500000000,0.4234500000
233.6000000000,28.3600000000,0.4235200000
233.7000000000,28.3700000000,0.4235900000
233.8000000000,28.3800000000,0.4236600000
233.9000000000,28.3900000000,0.4237300000
234.0000000000,28.4000000000,0.4238000000
234.1000000000,28.4100000000,0.4238700000
234.2000000000,28.4200000000,0.4239400000
234.3000000000,28.4300000000,0.4240100000
234.4000000000,28.4400000000,0.4240800000
234.5000000000,28.4500000000,0.4241500000
234.6000000000,28.4600000000,0.4242200000
234.7000000000,28.4700000000,0.4242900000
234.8000000000,28.4800000000,0.4243600000
234.9000000000,28.4900000000,0.4244300000
235.0000000000,28.5000000000,0.4245000000
235.1000000000,28.5100000000,0.4245700000
235.2000000000,28.5200000000,0.4246400000
235.3000000000,28.5300000000,0.4247100000
235.4000000000,28.5400000000,0.4247800000
235.5000000000,28.5500000000,0.4248500000
235.6000000000,28.5600000000,0.4249200000
235.7000000000,28.5700000000,0.4249900000
235.8000000000,28.5800000000,0.4250600000
235.9000000000,28.5900000000,0.4251300000
236.0000000000,28.6000000000,0.4252000000
236.1000000000,28.6100000000,0.4252700000
236.2000000000,28.6200000000,0.4253400000
236.3000000000,28.6300000000,0.4254100000
236.4000000000,28.6400000000,0.4254800000
236.5000000000,28.6500000000,0.4255500000
236.6000000000,28.6600000000,0.4256200000
236.7000000000,28.6700000000,0.4256900000
236.8000000000,28.6800000000,0.4257600000
236.9000000000,28.6900000000,0.4258300000
237.0000000000,28.7000000000,0.4259000000
237.1000000000,28.7100000000,0.4259700000
237.2000000000,28.7200000000,0.4260400000
237.3000000000,28.7300000000,0.4261100000
237.4000000000,28.7400000000,0.4261800000
237.5000000000,28.7500000000,0.4262500000
237.6000000000,28.7600000000,0.4263200000
237.7000000000,28.7700000000,0.4263900000
237.8000000000,28.7800000000,0.4264600000
237.9000000000,28.7900000000,0.4265300000
238.0000000000,28.8000000000,0.4266000000
238.1000000000,28.8100000000,0.4266700000
238.2000000000,28.8200000000,0.4267400000
238.3000000000,28.8300000000,0.4268100000
238.4000000000,28.8400000000,0.4268800000
238.5000000000,28.8500000000,0.4269500000
238.6000000000,28.8600000000,0.4270200000
238.7000000000,28.8700000000,0.4270900000
238.8000000000,28.8800000000,0.4271600000
238.9000000000,28.8900000000,0.4272300000
239.0000000000,28.9000000000,0.4273000000
239.1000000000,28.9100000000,0.4273700000
239.2000000000,28.9200000000,0.4274400000
239.3000000000,28.9300000000,0.4275100000
239.4000000000,28.9400000000,0.4275800000
239.5000000000,28.9500000000,0.4276500000
239.6000000000,28.9600000000,0.4277200000
239.7000000000,28.9700000000,0.4277900000
239.8000000000,28.9800000000,0.4278600000
239.9000000000,28.9900000000,0.4279300000
240.0000000000,29.0000000000,0.4280000000
240.1000000000,29.0100000000,0.4280700000
240.2000000000,29.0200000000,0.4281400000
240.3000000000,29.0300000000,0.4282100000
240.4000000000,29.0400000000,0.4282800000
240.5000000000,29.0500000000,0.4283500000
240.6000000000,29.0600000000,0.4284200000
240.7000000000,29.0700000000,0.4284900000
240.8000000000,29.0800000000,0.4285600000
240.9000000000,29.0900000000,0.4286300000
241.0000000000,29.1000000000,0.4287000000
241.1000000000,29.1100000000,0.4287700000
241.2000000000,29.1200000000,0.4288400000
241.3000000000,29.1300000000,0.4289100000
241.4000000000,29.1400000000,0.4289800000
241.5000000000,29.1500000000,0.4290500000
241.6000000000,29.1600000000,0.4291200000
241.7000000000,29.1700000000,0.4291900000
241.8000000000,29.1800000000,0.4292600000
241.9000000000,29.1900000000,0.4293300000
242.0000000000,29.2000000000,0.4294000000
242.1000000000,29.2100000000,0.4294700000
242.2000000000,29.2200000000,0.4295400000
242.3000000000,29.2300000000,0.4296100000
242.4000000000,29.2400000000,0.4296800000
242.5000000000,29.2500000000,0.4297500000
242.6000000000,29.2600000000,0.4298200000
242.7000000000,29.2700000000,0.4298900000
242.8000000000,29.2800000000,0.4299600000
242.9000000000,29.2900000000,0.4300300000
243.0000000000,29.3000000000,0.4301000000
243.1000000000,29.3100000000,0.4301700000
243.2000000000,29.3200000000,0.4302400000
243.3000000000,29.3300000000,0.4303100000
243.4000000000,29.3400000000,0.4303800000
243.5000000000,29.3500000000,0.4304500000
243.6000000000,29.3600000000,0.4305200000
243.7000000000,29.3700000000,0.4305900000
243.8000000000,29.3800000000,0.4306600000
243.9000000000,29.3900000000,0.4307300000
244.0000000000,29.4000000000,0.4308000000
244.1000000000,29.4100000000,0.4308700000
244.2000000000,29.4200000000,0.4309400000
244.3000000000,29.4300000000,0.4310100000
244.4000000000,29.4400000000,0.4310800000
244.5000000000,29.4500000000,0.4311500000
244.6000000000,29.4600000000,0.4312200000
244.7000000000,29.4700000000,0.4312900000
244.8000000000,29.4800000000,0.4313600000
244.9000000000,29.4900000000,0.4314300000
245.0000000000,29.5000000000,0.4315000000
245.1000000000,29.5100000000,0.4315700000
245.2000000000,29.5200000000,0.4316400000
245.3000000000,29.5300000000,0.4317100000
245.4000000000,29.5400000000,0.4317800000
245.5000000000,29.5500000000,0.4318500000
245.6000000000,29.5600000000,0.4319200000
245.7000000000,29.5700000000,0.4319900000
245.8000000000,29.5800000000,0.4320600000
245.9000000000,29.5900000000,0.4321300000
246.0000000000,29.6000000000,0.4322000000
246.1000000000,29.6100000000,0.4322700000
246.2000000000,29.6200000000,0.4323400000
246.3000000000,29.6300000000,0.4324100000
246.4000000000,29.6400000000,0.4324800000
246.5000000000,29.6500000000,0.4325500000
246.6000000000,29.6600000000,0.4326200000
246.7000000000,29.6700000000,0.4326900000
246.8000000000,29.6800000000,0.4327600000
246.9000000000,29.6900000000,0.4328300000
247.0000000000,29.7000000000,0.4329000000
247.1000000000,29.7100000000,0.4329700000
247.2000000000,29.7200000000,0.4330400000
247.3000000000,29.7300000000,0.4331100000
247.4000000000,29.7400000000,0.4331800000
247.5000000000,29.7500000000,0.4332500000
247.6000000000,29.7600000000,0.4333200000
247.7000000000,29.7700000000,0.4333900000
247.8000000000,29.7800000000,0.4334600000
247.9000000000,29.7900000000,0.4335300000
248.0000000000,29.8000000000,0.4336000000
248.1000000000,29.8100000000,0.4336700000
248.2000000000,29.8200000000,0.4337400000
248.3000000000,29.8300000000,0.4338100000
248.4000000000,29.8400000000,0.4338800000
248.5000000000,29.8500000000,0.4339500000
248.6000000000,29.8600000000,0.4340200000
248.7000000000,29.8700000000,0.4340900000
248.8000000000,29.8800000000,0.4341600000
248.9000000000,29.8900000000,0.4342300000
249.0000000000,29.9000000000,0.4343000000
249.1000000000,29.9100000000,0.4343700000
249.2000000000,29.9200000000,0.4344400000
249.3000000000,29.9300000000,0.4345100000
249.4000000000,29.9400000000,0.4345800000
249.5000000000,29.9500000000,0.4346500000
249.6000000000,29.9600000000,0.4347200000
249.7000000000,29.9700000000,0.4347900000
249.8000000000,29.9800000000,0.4348600000
249.9000000000,29.9900000000,0.4349300000
250.0000000000,30.0000000000,0.4350000000
